text,summary,text_en,summary_en,question,answer,answer_confidence,translate_llm,summary_llm,answer_llm
"Një nga ndërtesat më të larta të Nju Jorkut, Empire State Building i qendroi vendimit për të mos ndezur dritat bardhë e blu në me rastin e 100 vjetorit të lindjes së Nënë Terezës. Mbrëmë, ngjyrat e saj ishin e bardha, bluja dhe e kuqja, që simbolizonin një përvjetor tjetër, 90-vjetorin e amendamentit të 19 të kushtetutës amerikane i cili i dha grave të drejtën e votës. Qindra njerez u mblodhen mbreme ne proteste për t'u deklaruar pronarëve të ndërtesës se Empire State duhet të kishte nderuar para së gjithash Nënë Terezën. Nga viti 1931 e deri më 1972, për 40 vjet me radhë, Empire State ka qenë ndërtesa më e lartë e botës. Sot ajo është një simbol i fuqisë dhe i historisë së Nju Jorkut. Por qindra njerëzit që u grumbulluan aty dje pasdite besojnë se pronarët e ndërtesës hodhën një hap të gabuar duke refuzuar të nderojnë Nënë Terezën në 100 vjetorin e saj të lindjes. Protesta u organizua nga Lidhja Katolike por për shumicën e protestuesve feja nuk duket të ishte një temë me rëndësi. Shqiptarët iu bashkuan thirrjes së Ligës Katolike për të protestuar. Xho DioGuardi, i Lidhjes Civile Shqiptaro-Amerikane tha se dëshironte t'u kujtonte edhe një herë njerëzve se kush ishte Nënë Tereza. ""Ajo është një idhull për botën, për katolikët ajo është qysh tani një shenjtore. Por ajo është një shenjtore patriote për të gjithë shqiptarët, pavarësisht nëse janë katolikë, myslimanë, ortodoksë apo edhe hebrej. Kam ardhur gjithashtu për t'u thënë pronarëve të kësaj ndërtese se ata bënë një gabim të madh duke mos e nderuar atë me ngjyrat e saj në 100 vjetorin e lindjes"". Gjatë gjithë kësaj jave, cështja e ngjyrave që do të zgjidhte ndërtesa Empire State ka qenë në qendër të debateve këtu në Nju Jork, ndërkohë që disa pohojnë se nëse do të ishte gjallë Nënë Tereza nuk dë të kishte qenë dakord që për ditëlindjen e saj të bëhej kaq bujë. Mbrëmë, në një pjesë tjetër të Manhatanit, në katedralen e Shën Patrikut, shqiptarët e përkujtuan 100 vjetorin e Nënë Terezës me një meshë të madhe. Zgjedhja e kishës më të bukur të Nju Jorkut për këtë ngjarje i dha një solemnitet të pazakontë ceremonive. Mesha u dha nga Dom Pjetër Popaj, i cili drejton kishën Zoja e Shkodrës në Hartsdale të Nju Jorkut. Kleriku i bëri një përshkrim origjinës dhe jetës së Nënë Terezës, duke theksuar fjalët e saj: Me gjak jam shqiptare, me qytetari jam indiane ndërsa si besim jam murgeshë katolike. Në meshë kishin ardhur edhe njerëz të besimeve të tjera. “Ne kështu kem i qenë gjithmonë, kemi qenë një gjithmonë. Ne i respektojmë diferencat por e dashurojmë bashkimin me njëri-tjetrin,” tha Dom Pjetër Popaj për Zërin e Amerikës. Ai theksoi se shqiptarët janë sot një popull më i njohur në botë në sajë të lidhjes së gjakut që kanë me bamirësen e famshme.",Meshë e madhe e shqiptarëve në Manhatan për të nderuar bamirësen me famë botërore,"One of New York's tallest buildings, the Empire State Building stuck to the decision not to turn on the blue and white lights on the occasion of the 100th anniversary of Mother Teresa's birth. Last night, its colors were white, blue and red, symbolizing another anniversary, the 90th anniversary of the 19th amendment to the U.S. Constitution which gave women the right to vote. Hundreds of people gathered in protest last night to declare to the owners of the building that the Empire State should have honored Mother Teresa first and foremost. From 1931 to 1972, for 40 years in a row, the Empire State has been the world's tallest building. Today she is a symbol of the power and history of New York. But the hundreds of people who gathered there yesterday afternoon believe the building's owners took the wrong step by refusing to honor Mother Teresa on her 100th birth anniversary. The protest was organized by the Catholic League, but for most protesters, religion does not seem to have been an important topic. Albanians joined the call of the Catholic League to protest. Joe DioGuardi, of the Albanian-American Civil League, said he wanted to remind people once again who Mother Teresa was. ""She is an idol for the world, for Catholics she is already a saint. But she is a patriotic saint for all Albanians, regardless of whether they are Catholics, Muslims, Orthodox or even Jews. I have also come to tell the owners of this building that they made a big mistake by not honoring it with its colors on its 100th birthday."" Throughout this week, the issue of the colors that the Empire State Building would choose has been at the center of debates here in New York, while some claim that if Mother Teresa were alive, she would not have agreed to her birthday being so uproared. Last night, in another part of Manhattan, at St. Patrick's Cathedral, Albanians commemorated the 100th anniversary of Mother Teresa with a large mass. The choice of New York's most beautiful church for this event gave an unusual solemnity to the ceremonies. The mass was given by Dom Pjetër Popaj, who leads Our Lady of Shkodra Church in Hartsdale, New York. The cleric gave a description of the origin and life of Mother Teresa, emphasizing her words: By blood I am Albanian, by citizenship I am Indian, while by faith I am a Catholic nun. People of other faiths had also come to the mass. ""This is how we have always been, we have always been one. We respect our differences, but we love being united with each other,"" Dom Pjetër Popaj told VOA. He emphasized that Albanians are today a more well-known people in the world thanks to the blood connection they have with the famous charity.",Large mass of Albanians in Manhattan to honor the world-famous charity,"Why did the Empire State Building refuse to honor Mother Teresa on her 100th birth anniversary with its lights, and what was the public reaction to this decision?","One of New York's tallest buildings, the Empire State Building stuck to the decision not to turn on the blue and white lights on the occasion of the 100th anniversary of Mother Teresa's birth. Last night, its colors were white, blue and red, symbolizing another anniversary, the 90th anniversary of the 19th amendment to the U.S. Constitution which gave women the right to vote. Hundreds of people gathered in protest last night to declare to the owners of the building that the Empire State should have honored Mother Teresa first and foremost.",0.6658035516738892,"
One of New York City's tallest buildings, the Empire State Building, decided not to light its upper floors with white and blue lights on the occasion of Mother Teresa's 100th birthday. Instead, it chose the colors white, blue, and red, symbolizing another milestone: the 90th anniversary of the ratification of the 19th Amendment to the U.S. Constitution, which granted women the right to vote. Hundreds of people gathered in protest, demanding that the building's owners illuminate it with Mother Teresa's colors—white, blue, and red—to honor her on her centennial. From 1931 until 1972, for a full 40 years, the Empire State Building was the tallest structure in the world. Today, it stands as a symbol of New York City's power and history. However, hundreds of people who gathered there later expressed regret, believing that the building's owners had made a mistake by refusing to honor Mother Teresa on her 100th birthday. The protest was organized by the Catholic League, though for most participants, religion did not seem to be the primary issue. Albanians joined the call of the Catholic League to protest. Xho DioGuardi, of the Civilian Albanian American Organization, stated, ""This is Mother Teresa's color."" He emphasized that Mother Teresa, who was born in Albania and lived in India, represented a bridge between these two countries.

Hundreds of people gathered near the Empire State Building, holding signs with messages like ""Light It for Mother Teresa"" and ""Honor Her Colors."" They expressed their disappointment at the building's decision. The protest reflected not only a desire to honor Mother Teresa but also broader sentiments about cultural identity and solidarity among Albanians worldwide. For many, Mother Teresa symbolizes Albania's contributions to the world and its enduring connections with other nations.

Meanwhile, at St. Patrick’s Cathedral in New York City, a special mass was held in Mother Teresa’s memory, attracting hundreds of people from various backgrounds. The event underscored her universal appeal and the respect she commands across different communities. In a statement for *The American Tribune*, Father Pjetër Popaj said, “We have always been like this; we’ve always respected differences but embraced unity.” He highlighted how Albanians are now better known worldwide because of their famous connection to Mother Teresa.

Throughout the day, people expressed their love and admiration for Mother Teresa, emphasizing her lasting legacy as a symbol of compassion and service. Her life’s work continues to inspire countless individuals across the globe.","
""Empire State Building’s Centennial Lighting Decision Sparks Controversy""","
The Empire State Building refused to honor Mother Teresa's 100th birth anniversary with its lights, instead illuminating them for another event, sparking widespread public backlash. Many viewed this decision as a missed opportunity to celebrate her global humanitarian legacy and religious significance. Thousands protested, including Albanians who strongly supported honoring her, organizing demonstrations against the building's management."
"Në Tiranë u firmos sot kontrata e pranimit për pajisjen e Forcës Ajrore shqiptare me helikopterë “Black Hawk”, pjesë e një programi të bashkëfinancuar nga qeveria shqiptare dhe ajo amerikane. Kontrata u nënshkrua në bazën ajrore shqiptare në Farkë, nga ministrja e Mbrojtjes Olta Xhaçka dhe ambasadorja amerikane Yuri Kim. Për zonjën Xhaçka “”. Ndërsa ambasadorja Kim “”. Pajisja me helikopterët Blackhawk u diskutua gjatë vizitës në Shtetet e Bashkuara një vit më parë, të ministres Xhaçka. Gjatë kësaj kohe pilotët shqiptarë janë trajnuar pranë Gardës Kombëtare të Neë Jersey. Brenda viti, pritet që fillimisht të mbërrijnë në Shqipëri dy helikopterë. Helikopterët UH-60 Blackhawk, kanë një rreze të gjera përdorimi. Ambasadorja Kim shpjegoi se ato “”. Ajo shtoi më tutje se së bashku me helikopterët “”.", Brenda fundit të viti pritet të mbërrijnë dy “UH-60 Blackhaëk”. Ambasadorja amerikane: SHBA dhe Shqipëria qëndrojnë “krah për krah” sot e do të qëndrojmë “krah për krah” nesër ,"In Tirana, the acceptance contract for equipping the Albanian Air Force with ""Black Hawk"" helicopters was signed today, part of a program co-financed by the Albanian and American governments. The contract was signed at the Albanian air base in Farka, by the Minister of Defense Olta Xhaçka and the American Ambassador Yuri Kim. For Mrs. Xhaçka """". While Ambassador Kim """". The equipping of Blackhawk helicopters was discussed during Minister Xhaçka's visit to the United States a year ago. During this time, Albanian pilots have been trained by the New Jersey National Guard. Within the year, it is expected that two helicopters will initially arrive in Albania. UH-60 Blackhawk helicopters have a wide range of use. Ambassador Kim explained that they """". She further added that together with the helicopters """"."," Within the end of the year, two ""UH-60 Blackhaëk"" are expected to arrive. U.S. Ambassador: The U.S. and Albania stand ""side by side"" today and we will stand ""side by side"" tomorrow ",What is the significance of the agreement signed in Tirana for equipping the Albanian Air Force with Black Hawk helicopters?,"In Tirana, the acceptance contract for equipping the Albanian Air Force with ""Black Hawk"" helicopters was signed today, part of a program co-financed by the Albanian and American governments. The contract was signed at the Albanian air base in Farka, by the Minister of Defense Olta Xhaçka and the American Ambassador Yuri Kim. For Mrs. Xhaçka """".",0.6943773627281189,"
Today in Tirana, a contract was signed for the acquisition of helicopters by the Albanian Military Force, part of a joint financing program by the Albanian government and the American one. The contract was signed at the Albanian military base in Farka by Defense Minister Olta Xhaca and U.S. Ambassador Yuri Kim. For Ms. Xhaca ""..."" and for Ambassador Kim ""..."". The purchase of Black Hawk helicopters was discussed during a visit to the United States a year ago by Minister Xhaca. During that time, Albanian pilots have been trained at Fort Dix in New Jersey. Within a year, it is expected that two helicopters will arrive in Albania initially. The UH-60 Black Hawk helicopters have extensive use. Ambassador Kim explained that they ""..."". She added more details about the helicopters ""..."".","
""Albanian Air Force Signs Contract for Black Hawk Helicopters Jointly Financed by Albania and the United States.""","
The agreement signed in Tirana aims to equip the Albanian Air Force with Black Hawk helicopters through a co-funded program by the Albanian and U.S. governments. The contract was finalized at Farka airbase, involving Albania's Defense Minister Olta Xhaçka and U.S. Ambassador Yuri Kim. These helicopters will enhance Albania's defense capabilities and contribute to regional security."
"Gjyqtarët në SHBA hodhën poshtë të hënën paditë e ngritura nga një aleate e Presidentit Donald Trump për të anuluar çertifikimin e fitores së Presidentit të zgjedhur Joe Biden në shtetet Miçigan dhe Xhorxhia dhe për të shpallur zotin Trump fitues në të dy shtetet. Të dy proceset gjyqësore u paraqitën më 25 nëntor nga Sidney Powell, ish-avokate e fushatës së Presidentit Trump, në emër të grupeve të votuesve republikanë. Presidenti Trump dhe aleatët e tij kanë humbur padi të shumta gjyqësore që synonin përmbysjen e rezultateve të zgjedhjeve të 3 nëntorit në shtetet ku ai humbi, duke ngritur pretendime të pabazuara për mashtrim. Gjyqtarja e Qarkut Linda Parker në Detroit dhe gjyqtari i Qarkut Timothy Batten në Atlanta thanë se paditësit nuk kishin bazë ligjore për të ngritur padi dhe se çështjet ishin ngritur me shumë vonesë. ""Populli foli,"" shkroi gjyqtarja Parker, duke iu referuar rezultateve të zgjedhjeve. Ndërsa gjyqtari Batten tha një seancë të hënën se paditësit po kërkonin ""ndoshta vendimin më të jashtëzakonshëm të kërkuar ndonjëherë"" në lidhje me një zgjedhje. ""Ata duan që kjo gjykatë të zëvendësojë gjykimin e saj me atë të dy milionë e gjysmë votuesve të Xhorxhias që votuan për Joe Bidenin dhe unë nuk kam ndërmend ta bëj,” tha ai. Zoti Biden e fitoi Miçiganin me rreth 154,000 vota popullore më shumë dhe Xhorxhian me rreth 12,000 vota më shumë, duke siguruar 16 vota elektorale nga secili shtet. Zoti Biden grumbulloi gjithsej 306 vota elektorale ndaj 232 të marra nga Presidenti Trump në Kolegjin Zgjedhor, i cili përcakton fituesin e zgjedhjeve presidenciale. Kolegji Zgjedhor mblidhet në 14 Dhjetor për të hedhur zyrtarisht votat. Presidenti Trump, i cili pretendon në mënyrë të pabazuar se i fitoi zgjedhjet ka ndërmarrë një betejë të pasuksesshme ligjore për të zhbërë rezultatet e zgjedhjeve. Gjyqtarët gjithashtu kanë hedhur poshtë çështjet gjyqësore në Arizona, Pensilvani, Nevada dhe Uiskonsin. ""Ky proces gjyqësor duket se ka të bëjë më pak me ndihmën që kërkojnë paditësit - pasi kjo ndihmë është përtej fuqisë së kësaj gjykate - dhe më tepër me një përpjekje që pretendimet e tyre të ndikojnë tek besimi i njerëzve ndaj procesit demokratik, tek besimi i tyre ndaj qeverisë sonë,"" shtoi gjyqtari. Demokratët dhe të tjerë e kanë akuzuar Presidentin Trump se po përpiqet të dëmtojë besimin e publikut tek integriteti i zgjedhjeve amerikane dhe të minojë demokracinë. Një shumicë republikanësh në sondazhet e fundit kanë thënë se ata besojnë që zoti Trump i fitoi zgjedhjet dhe se ato u vodhën përmes mashtrimit të votuesve. Zyrtarët shtetërorë të zgjedhjeve kanë thënë se nuk ka prova për një mashtrim të tillë. E marta është afati që shtetet të zgjidhin mosmarrëveshjet për zgjedhjet. Sipas ligjit amerikan, Kongresi e quan rezultatin e zgjedhjeve në një shtet ""përfundimtar"" nëse ai finalizohet deri në atë datë.","Paditë e paraqitura nga Sidney Powell, ish-avokate e fushatës së Presidentit Trump, synon të përmbysnin çertifikimin e zgjedhjeve në këto dy shtete.","Judges in the US on Monday dismissed lawsuits filed by an ally of President Donald Trump to overturn the certification of President-elect Joe Biden's victory in the states of Michigan and Georgia and declare Mr. Trump the winner in both states. Both lawsuits were filed on November 25 by Sidney Powell, a former lawyer for President Trump's campaign, on behalf of Republican voter groups. President Trump and his allies have lost numerous lawsuits aimed at overturning the results of the November 3 election in states where he lost, raising unfounded allegations of fraud. District Judge Linda Parker in Detroit and District Judge Timothy Batten in Atlanta said the plaintiffs had no legal basis to file a lawsuit and that the cases had been filed too late. ""The people spoke,"" Judge Parker wrote, referring to the election results. While Judge Batten told a hearing on Monday that the plaintiffs were seeking ""perhaps the most extraordinary decision ever sought"" regarding an election. ""They want this court to replace its judgment with that of the two and a half million Georgia voters who voted for Joe Biden, and I have no intention of doing so,"" he said. Mr. Biden won Michigan by about 154,000 more popular votes and Georgia by about 12,000 more votes, securing 16 electoral votes from each state. Mr. Biden amassed a total of 306 electoral votes to 232 received by President Trump in the Electoral College, which determines the winner of the presidential election. The Electoral College meets on December 14 to officially cast the votes. President Trump, who falsely claims he won the election, has waged an unsuccessful legal battle to overturn the election results. Judges have also dismissed court cases in Arizona, Pennsylvania, Nevada and Wisconsin. ""This lawsuit seems to be less about the help that the plaintiffs are asking for – as this help is beyond the power of this court – and more about an attempt to have their claims affect people's trust in the democratic process, in their trust in our government,"" the judge added. Democrats and others have accused President Trump of trying to undermine public confidence in the integrity of American elections and undermine democracy. A majority of Republicans in recent polls have said they believe Mr. Trump won the election and that it was stolen through voter fraud. State election officials have said there is no evidence of such fraud. Tuesday is the deadline for states to resolve disputes over the elections. Under U.S. law, Congress calls the result of an election in a state ""final"" if it is finalized by that date.","The lawsuits filed by Sidney Powell, a former lawyer for President Trump's campaign, aim to overturn the certification of elections in these two states.",What were the reasons given by judges for dismissing the lawsuits filed by Sidney Powell to overturn the election results in Michigan and Georgia?,"Judges in the US on Monday dismissed lawsuits filed by an ally of President Donald Trump to overturn the certification of President-elect Joe Biden's victory in the states of Michigan and Georgia and declare Mr. Trump the winner in both states. Both lawsuits were filed on November 25 by Sidney Powell, a former lawyer for President Trump's campaign, on behalf of Republican voter groups. President Trump and his allies have lost numerous lawsuits aimed at overturning the results of the November 3 election in states where he lost, raising unfounded allegations of fraud.",0.5176081657409668,"
The judges in the U.S. dismissed lawsuits filed by a lawyer for President Donald Trump to overturn the certificates of victory awarded to President-elect Joe Biden in Michigan and Georgia, declaring Trump the winner in both states. Both legal cases were filed on November 25 by Sidney Powell, former counsel to President Trump, on behalf of Republican voter groups. President Trump and his allies have lost numerous lawsuits challenging the results of the November 3 elections in states where he lost, filing baseless claims of fraud. Judge Linda Parker of Detroit and Judge Timothy Batten of Atlanta ruled that the lawsuits lacked legal basis for filing and that the claims were brought with little or no evidence. ""The people's voice,"" wrote Judge Parker, referring to the election results. Meanwhile, Judge Batten stated during a hearing that the plaintiffs were seeking ""perhaps the most egregious request ever"" related to an election. ""They want this court to overturn its judgment in favor of approximately 1.2 million Georgians who voted for Joe Biden, and I'm not about to do that,"" he said. President Biden won Michigan by around 154,000 popular votes more and Georgia by around 12,000 more, securing the state's electoral votes. The judges emphasized that there was no evidence of widespread fraud impacting the outcome of either state. The Electoral College is set to certify the election results on December 14, with Congress scheduled to officially confirm the results on January 6, 2021. According to U.S. law, states must finalize their election results by December 8 for them to be considered ""conclusive"" under federal law.","
""U.S. Judges Reject Efforts to Overturn Biden's Michigan and Georgia Wins""","
The judges dismissed the lawsuits filed by Sidney Powell in Michigan and Georgia due to a lack of legal basis and insufficient evidence to support the claims of election fraud. They emphasized that the election results were valid and reflected the will of the people, rejecting attempts to overturn them without credible proof. The rulings highlighted the importance of maintaining public trust in democratic processes and adhering to established legal frameworks."
"Avionët luftarakë izraelitë bombarduan sot një numër objektivash në Liban, për të nëntën ditë me radhë, ndërkohë që janë zhvilluar luftime edhe më të ashpëra mes forcave tokësore izraelite dhe atyre të grupit Hezbollah, në jug të Libanit. Ushtarët izraelitë hynë përsëri sot me forcë në Liban dhe Hezbollahu hodhi raketa të tjera në Izrael. Zyrtarët izraelitë thonë se 11 ushtarë dhe një numër i panjohur luftëtarësh të grupit Hezbollah u plagosën në luftime. Stacioni televiziv arab Al Xhazira, njofton se tre ushtarë izraelitë u vranë. Ushtria izraelite nuk e ka konfirmuar këtë numër. Ministri izraelit i Mbrojtjes, Amir Perez, tha se vendi i tij do të përdorë të gjitha mjetet për të dëbuar grupin Hezbollah nga jugu i Libanit. Izraeli thotë se banorët në jug të lumit Litnai, 30 kilometra në brendësi të territorit libanez duhet të largohen nga ajo zonë. Kryeministri libanez, Fuad Siniora thotë se 300 libanezë, shumica e tyre civilë, janë vrarë këto ditë. Izraeli thotë se ka humbur 30 njerëz që nga koha e shpërthimit të luftimeve, më 12 korrik, kur Hezbollahu kapi dy ushtarë izraelitë. Sekretari i Përgjithshëm i Kombeve të Bashkuara Kofi Annan bëri thirrje për ndalimin e menjëhershëm të luftimeve midis Izraelit dhe grupit Hezbolla, për të lejuar diplomacinë të gjejë një zgjidhje për krizën. Duke folur para Këshillit të Sigurimit të OKB-së, zoti Annan tha se Izraeli ka përdorur forcë të tepruar në Liban, por shtoi se Hezbollahu e provokoi Izraelin dhe se ky grup duhet të lirojë dy ushtarët e kapur. Zoti Annan, bëri gjithashtu thirrje për dërgimin e një force paqeruajtëse në Libanin jugor dhe për organizimin e një konferencë ndërkombëtare, për të përcaktuar kufirin kohor kur Libani të marrë nën kontroll gjithë territorin e tij. Ambasadori izraelit në OKB tha se zoti Annan nuk shqyrtoi shkaqet e krizës, që siç tha ai, janë terrori si dhe përkrahësit e Hezbollahut, Irnai dhe Siria. Departamenti i Shtetit njoftoi sot se Sekretarja e Shtetit Kondoliza Rajs do të shkojë në Lindjen e Mesme që javën tjetër, në përpjekje për të qetësuar situatën.//lk",Sekretari i Përgjithshëm i OKB-së bën thirrje për ndalimin e menjëhershëm të luftimeve dhe gjetjen e një zgjidhjeje diplomatike   ,"Israeli fighter jets bombed a number of targets in Lebanon today, for the ninth day in a row, while even tougher fighting has taken place between Israeli ground forces and those of the Hezbollah group, in southern Lebanon. Israeli soldiers re-entered Lebanon by force today, and Hezbollah fired more rockets at Israel. Israeli officials say 11 soldiers and an unknown number of Hezbollah fighters were wounded in the fighting. The Arab television station Al Jazeera reports that three Israeli soldiers were killed. The Israeli military has not confirmed this number. Israeli Defense Minister Amir Perez said his country would use all means to expel the Hezbollah group from southern Lebanon. Israel says residents south of the Litnai River, 30 kilometers inland Lebanese territory, should leave that area. Lebanese Prime Minister Fuad Siniora says 300 Lebanese, most of them civilians, have been killed these days. Israel says it has lost 30 people since fighting broke out on July 12, when Hezbollah captured two Israeli soldiers. United Nations Secretary-General Kofi Annan called for an immediate halt to fighting between Israel and the Hezbollah group, to allow diplomacy to find a solution to the crisis. Speaking before the UN Security Council, Mr. Annan said that Israel has used excessive force in Lebanon, but added that Hezbollah provoked Israel and that this group should release the two captured soldiers. Mr. Annan also called for the sending of a peacekeeping force to southern Lebanon and for the organization of an international conference, to determine the time limit when Lebanon takes control of all its territory. The Israeli ambassador to the UN said Mr. Annan did not examine the causes of the crisis, which he said are terror as well as Hezbollah supporters, Iran and Syria. The State Department announced today that Secretary of State Condoliza Rice will go to the Middle East as early as next week, in an attempt to calm the situation.",UN Secretary-General calls for an immediate halt to fighting and a diplomatic solution   ,What actions did the United Nations Secretary-General Kofi Annan propose to address the conflict between Israel and Hezbollah in southern Lebanon?,"United Nations Secretary-General Kofi Annan called for an immediate halt to fighting between Israel and the Hezbollah group, to allow diplomacy to find a solution to the crisis. Speaking before the UN Security Council, Mr. Annan said that Israel has used excessive force in Lebanon, but added that Hezbollah provoked Israel and that this group should release the two captured soldiers. Mr.",0.8344327211380005,"
Israeli warplanes attacked several targets in Lebanon today for the ninth consecutive day, as fighting between Israeli ground forces and Hezbollah fighters intensifies in southern Lebanon. Israeli troops reentered Lebanon today with reinforcements, and Hezbollah launched more rockets at Israel. Israeli officials reported that 11 soldiers and an unknown number of Hezbollah fighters were killed in the clashes. The Arab television station Al Jazeera reported that three Israeli soldiers were killed; however, Israel has not confirmed this figure. Israeli Defense Minister Amir Perez stated that his country will use all means necessary to drive Hezbollah out of southern Lebanon. Israel has declared that residents in the border region of the Litani River, 30 kilometers inside Lebanese territory, must evacuate the area. The Lebanese Prime Minister, Fuad Siniora, reported that 300 Lebanese, most of them civilians, have been killed over these days. Israel stated that it has lost 30 personnel since the escalation of hostilities began on July 12, when Hezbollah captured two Israeli soldiers. UN Secretary-General Kofi Annan called for an immediate cessation of hostilities between Israel and Hezbollah to allow diplomacy to find a resolution to the crisis. Addressing the Security Council, Annan criticized Israel for using disproportionate force in Lebanon but added that Hezbollah provoked Israel and must release the two captured soldiers. Annan also called for the deployment of an international peacekeeping force to southern Lebanon and for organizing an international conference to determine a permanent border arrangement ensuring Lebanon's control over its entire territory. The Israeli ambassador to the UN argued that Annan did not grasp the roots of the crisis, which, he said, are terrorism and the support provided to Hezbollah by Iran and Syria. The U.S. State Department announced today that Secretary of State Condoleezza Rice will travel to the Middle East tomorrow in an effort to resolve the situation.","
""Israeli Airstrikes Target Southern Lebanon Amid Escalating Tensions with Hezbollah.""","
The United Nations Secretary-General Kofi Annan called for an immediate ceasefire between Israel and Hezbollah to allow diplomacy to resolve the crisis. He proposed deploying a peacekeeping force in southern Lebanon to stabilize the region. Additionally, he suggested organizing an international conference to determine a long-term border solution for Lebanon."
"Më 22 maj Partia Demokratike do të zhvillojë garën për kreun e ri të saj. Një garë e cila duket se do të jetë tërësisht formale, duke qenë se drejtimin e saj e synon ish kryeministri Sali Berisha, i cili praktikisht dhe e ushtron këtë funksion. Ai u trajtua thuajse si i tillë dhe në sallën e Kuvendit. Muzika dhe ovacionet e shoqëruan atë drejt podiumit ku do të merrte fjalën, aq sa për shkak të entuziazmit, i përqëndruar të përshëndeste delegatët e ngritur në këmbë për të, zoti Berisha u pengua dhe në shkallët e skenës. Fjala e tij ishte një platformë politike e partisë, të cilën ai pritet ta drejtojë dhe zyrtarisht pas zgjedhjeve të 22 majit. Ai preku një shumëllojshmëri temash e problematikash, shoqëruar me zgjidhjet që siç tha, do të ofrojë Partia Demokratike, që nga ulja e taksave, të rishikimi i reformës në Drejtësi “për të zhdukur pasojat katastrofale të një reforme të korruptuar, apo te premtimi për nënshtetësi dhe për qytetarët e Kosovës. Zoti Berisha u shpreh se rruga e rithemelimit ishte një rrugë e imponuar nga disfatat e njëpasnjëshme të ish kryetarit Lulzim Basha “i cili e konsideroi këtë parti si sipërmarrjen e tij private, që vlerat konservatore i zëvendësoi në pazaret dhe bizneset me qeverinë, i cili së fundmi përfundoi i mbërthyer nga të gjitha anët dhe u vërsul me tërbim me vendime, me praktika, me qëndrime fund e krye antidemokratike. Shkelmoi sovranitetin e PD-së, statutin, forumet, anëtarësinë e saj”. Por më shumë se sa humbjet elektorale të zotit Basha, rikthimi në skenë i zotit Berisha u nxit nga vendimi që e la atë jashtë grupit parlamentar, pasi më herët Departamenti amerikan i Shtetit e shpalli ish kryeministrin Berisha “non grata për korrupsion madhor”. Ai sërish sot tha se ky kishte qenë një vendim i marrë pa prova e fakte. “Unë jam Sali Berisha. Kurrë, kurrë, kurrë, shpifjet, gënjeshtrën nuk e pranoj për të vërtetë. Jam mirënjohës pa kufi, ndaj jush që ndani me mua këtë qëndrim”, deklaroi ai. Më pas, gjatë fjalës së tij të gjatë, nënvizoi se “jemi forcë sovrane konservatore, e cila qëndron në të drejtën e idealeve konservatore të shqiptarëve, të cilët, edhe një herë theksoj, as e majta e Xhorxh Sorosit dhe as e majta botërore nuk do mund ta kurrë ta mposhtin. Jo dhe jo”. Në podium e Kuvendit të sotëm u ngjitën dhe figura të njohura të Partisë të lënë mënjanë nga zoti Basha. Salla priti duartrokitje ish nënkryetaren Jozefina Topalli, një kundërshtare e hershme e zotit Basha. Por i vetmi zë kritik, që nuk ju bashkua entuziazmit të një ndryshimi të pritshëm për Partinë Demokartike ishte ai Fatbardh Kadillit, i cili ju kundërvu zoti Basha menjëherë pas zgedhjeve të 25 prillit të vitit të kaluar, por që nuk i ka kursyer kritikat edhe ndaj ish kryeministrit. “Zoti Berisha kërkon me këmbëngulje të bëhet kryetar partie dhe kandidat për kryeministër. Kërkon të mbetet oferta e vetme e PD, kur jemi në dekadën e tretë të shekullit XXI. Ndërkohë, është e sigurtë se e gjithë elita e re drejtuse e PD-së, që do të dalë nga ky Kuvend, do të jetë pak a shumë ajo që ishte prej një dekade me ca zbukurime të vogla.”Koha e shqiptarëve ka ecur përpara dhe e ka lënë PD-në pas. PD sot duhet të kapë të ardhmen. Për këtë arsye, dua t’i bëj thirrje edhe një herë tjetër Zotit Berisha që të hapë rrugën për një brez tjetër në krye të PD-së, i cili mund të vijë nga një garë e lirë dhe e vërtetë. Një garë ku merr pjesë zoti Berisha nuk është garë e vërtetë”, u shpreh Kadilli. Sot Kuvendi po voton për zgjedhjen e Këshillit kombëtar, nga i cili do të burojnë institucionet e tjera drejtuese e që si detyrë të parë, iu la të zgjedhë dhe drejtuesin e ri të grupit parlamentar. Zoti Berisha dhe mbështetësit e tij nuk e njohin dretimin e grupit nga Enkelejd Alibeaj, pasi ky i fundit ankimoi në Apel vendimin e gjykatës së Tiranës që njohu Kuvendin e 11 dhjetorit të organizuar nga zoti Berisha. Grupi parlamentar mbetet ende struktura mbi të cilën ish kryeministri nuk e ka nën kontroll. Shumica dërrmuese e deputetëve nuk iu bashkuan Kuvendit të sotëm, një dëshmi e faktit se ribashkimi i demokratëve mbetet ende një mision i vështirë.",Zgjedhjet për kryetarin e ri më 22 maj. Ish kryeministri Berisha flet si drejtues de facto i Partisë. Kadilli: Një garë ku merr pjesë zoti Berisha nuk është garë e vërtetë,"On May 22, the Democratic Party will hold the race for its new leader. A race which seems to be completely formal, given that its leadership is aimed at former Prime Minister Sali Berisha, who practically exercises this function. He was treated almost as such in the Assembly hall. Music and ovations accompanied him to the podium where he would speak, so much so that due to the enthusiasm, focused on greeting the delegates standing for him, Mr. Berisha stumbled on the stage steps. His speech was a political platform of the party, which he is expected to lead officially after the May 22 elections. He touched on a variety of topics and problems, accompanied by the solutions that, as he said, the Democratic Party will offer, from the reduction of taxes, to the revision of the Justice reform ""to eradicate the catastrophic consequences of a corrupt reform, or to the promise of citizenship and for the citizens of Kosovo. Mr. Berisha said that the path of re-establishment was a path imposed by the successive defeats of former president Lulzim Basha ""who considered this party as his private enterprise, which replaced conservative values in bargaining and business with the government, which recently ended up stuck on all sides and was furiously flooded with decisions,  with practices, with completely anti-democratic attitudes. He kicked the sovereignty of the DP, the statute, the forums, its membership"". But more than Mr. Basha's electoral losses, Mr. Berisha's return to the stage was prompted by the decision that left him out of the parliamentary group, after the US State Department earlier declared former Prime Minister Berisha ""non grata for major corruption"". He again today said that this was a decision taken without evidence and facts. ""I am Sali Berisha. Never, never, never, I do not accept the slander, the lie for the truth. I am grateful without borders, to you who share this position with me"", he declared. Then, during his long speech, he underlined that ""we are a sovereign conservative force, which stands in the right of the conservative ideals of Albanians, which, I emphasize once again, neither the left of George Soros nor the world left will ever be able to defeat. No and no"". On the podium of today's Assembly were also climbed by well-known figures of the Party left aside by Mr. Basha. The hall received applause from former vice president Jozefina Topalli, an early opponent of Mr. Basha. But the only critical voice that did not join the enthusiasm of an expected change for the Democratic Party was that of Fatbardh Kadilli, who opposed Mr. Basha immediately after the elections of April 25 last year, but who did not spare the criticism of the former prime minister either. ""Mr. Berisha insistently wants to become party chairman and candidate for prime minister. It wants to remain the only offer of the DP, when we are in the third decade of the 21st century. Meanwhile, it is certain that the entire new ruling elite of the DP, which will come out of this Assembly, will be more or less what it has been for a decade with some small embellishments."" The time of Albanians has moved forward and has left the DP behind. DP today must capture the future. For this reason, I want to call once again on Mr. Berisha to pave the way for another generation at the head of the DP, which can come from a free and true race. A race in which Mr. Berisha participates is not a real race"", said Kadilli. Today, the Assembly is voting for the election of the National Council, from which the other governing institutions will originate, and as a first task, it was left to elect the new leader of the parliamentary group. Mr. Berisha and his supporters do not recognize the group's demise by Enkelejd Alibeaj, as the latter appealed to the Appeal the decision of the Tirana court that recognized the December 11 Assembly organized by Mr. Berisha. The parliamentary group still remains the structure over which the former prime minister has no control. The vast majority of deputies did not join today's Assembly, a testament to the fact that reuniting the Democrats still remains a difficult mission.",Elections for the new mayor on May 22. Former Prime Minister Berisha speaks as the de facto leader of the Party. Kadilli: A race in which Mr. Berisha participates is not a real race,What are the key issues and controversies surrounding Sali Berisha's expected leadership of the Democratic Party as discussed in the text?,"He touched on a variety of topics and problems, accompanied by the solutions that, as he said, the Democratic Party will offer, from the reduction of taxes, to the revision of the Justice reform ""to eradicate the catastrophic consequences of a corrupt reform, or to the promise of citizenship and for the citizens of Kosovo. Mr. Berisha said that the path of re-establishment was a path imposed by the successive defeats of former president Lulzim Basha ""who considered this party as his private enterprise, which replaced conservative values in bargaining and business with the government, which recently ended up stuck on all sides and was furiously flooded with decisions,  with practices, with completely anti-democratic attitudes.",0.602766752243042,"
On May 22, the Democratic Party (PD) is holding its congress, where Sali Berisha is set to take on new leadership roles. Berisha, who previously served as Prime Minister and party leader, will address the gathering, likely emphasizing continuity in party policies. His speech is expected to outline his vision for the party's future direction.

The event marks a significant moment for PD, especially after internal conflicts and leadership changes in recent years. Berisha’s return to the helm could signal a shift in strategy, aiming to unify party ranks ahead of upcoming elections. The congress will also discuss key issues such as candidate selections for various positions within the party and its parliamentary group.

Berisha's leadership is likely to be met with both support and scrutiny. While some members view his experience as an asset, others may call for fresh perspectives to address current challenges. The outcome of the congress could influence PD’s effectiveness in opposition and its ability to attract voters disillusioned with the ruling coalition.

The party faces the challenge of revitalizing its image and reconnecting with constituents who feel alienated by past policies or perceived corruption. Berisha’s speech will be closely watched for concrete plans on how PD intends to regain public trust and present a compelling alternative to the current government.

In summary, the congress is a pivotal event for PD, offering an opportunity to redefine its strategy and leadership under Berisha’s guidance, with significant implications for Albania's political landscape.","
""Reasserting Leadership: Sali Berisha and the Democratic Party’s Struggle for Renewal Amid Past Failures.""","
The text highlights Sali Berisha's expected leadership of the Democratic Party as a controversial move due to his history of corruption allegations and internal divisions within the party. Critics argue that his conservative approach may not align with modern expectations, and his return is seen by some as hindering progress rather than fostering change. Additionally, concerns are raised about whether his leadership will lead to a more legitimate and forward-thinking direction for the party."
"Qyteti i Varoshës në bregdetin lindor të Qipros, ishte dikur një vend turistik luksoz, por që kur ky ishull u nda para 40 vjetësh, ka mbetur si një qytet fantazëm. Së fundmi, një grup aktivistësh dhe ekspertësh nga të dyja pjesët kanë bashkëpunuar për një projekt për ta kthyer qytetin fantazëm në një qytet të qëndrueshëm nga ana ekologjike. Qyteti fantazëm i Varoshës. Hotele në buzë të detit, të lëna pas dore dhe shtëpi të rrënuara nga lufta. Dikur, gardhe të bukura rrethonin hotele turistike luksoze ku thuhet se pushonin yjet e Hollivudit, që nga Elizabeth Taylor, Richard Burton dhe Brigitte Bardot. Sot, nën kontrollin e ushtrisë turke, qyteti është pothuajse i shkretuar. Ish-banori i qytetit, Marios Kosma ishte 24 vjeç kur u detyrua të largohej dhe që atëherë nuk e ka parë shtëpinë e familjes së tij. I ngritur në bregun lindor të Qipros, Varosha ishte lagjia moderne e turistëve në distriktin e Famagustës. E njohur për plazhet me rërë të bardhë dhe ujrat e ngrohta të kaltra, ishte banuar tradicionalisht nga qipriotët grekë. Ngjitur me të, qyteti i lashtë mesjetar, i rrethuar me mure i Famagustës banohej nga qipriotët turq. Marios e mban mend kur la qytetin, javën e parë të gushtit 1974, së bashku me qipriotë të tjerë grekë nga Famagusta që ndjeheshin të rrezikuar. Ai thotë se qyteti u braktis para se të arrinte ushtria turke, duke mbetur i zbrazët dhe gati për t’u marrë nën kontroll para saj. Ayla Gurel është Konsulente Studimesh në Institutin e Oslos për Kërkimet e Paqes dhe specialiste për konfliktin e Qipros. Ajo shpjegon se fillimisht ushtria turke ushtria turke nuk kishte si synim të pushtonte Varoshën. Ndryshe nga zonat e tjera të veriut ku qipriotët turq dhe turqit e Turqisë ranë dakord, Varosha mbeti e zbrazët pasi u pushtua. Zonja Gurel thotë se ishte një lëvizje e qëllimshme për të forcuar pozitën negociuese të qipriotëve turq në biseda të ardhshme për territor dhe prona. Por qyteti fantazëm vazhdon të jetë një pikë delikate për qipriotët turq. Është një kujtesë e hidhur për tragjedinë e luftës së vitit 1974. Dhe fatura sa vjen e rritet, pasi Turqia është e detyruar nga gjykatat ndërkombëtare të kompensojë ish-banorët për humbjet nga mospërdorimi i pronave të tyre. Që nga viti 1974, janë bërë disa përpjekje për të negociuar dorëzimin e Varoshës, ose si pjesë e një zgjidhjeje të përgjithshme, ose si masë për vendosjen e besimit mes veriut turk të Qipros, me jugun grek-qipriot që njihet në shkallë ndërkombëtare. Ceren Bogac, një arkitekte turko-qipriote është rritur në një shtëpi nga ku shihet qyteti fantazëm, dhe kjo ka lënë një gjurmë të thellë në jetën e saj. Familja e saj ishte zhvendosur në Framagusta nga Larnaca në jug pas marrëveshjes së vitit 1975 për këmbimin e popullsisë dhe iu dha një apartament pranë kufirit të qytetit të rrethuar. Tani, banorë nga të dyja anët e Famagustës kanë vendosur të veprojnë. Një nga nismat quhet Projekti i Qytetit Ekologjik të Famagustës. Një grup arkitektësh, planifikues urbanë, udhëheqës të biznesit, ekspertë të energjisë dhe aktivistë të paqes shpresojnë të ngrenë një qytet të tërë për të korrigjuar gabimet e së shkuarës dhe për të krijuar një ambjent ekologjik. Ideja erdhi nga greko-amerikania nga Qipro Vasia Markides. Markides dhe arkitektja Bogac, e cila ishte gjithashtu pjesë e grupit nismëtar mblodhën një grup ekspertësh për të diskutuar idenë në vitin 2014. Jo të gjithë janë dakord me idenë dhe ndërsa bisedimet e paqes kanë ngecur për momentin, projekti është më shumë një ushtrim akademik. Tani për tani organizatorët thonë se projekti ka si synim të vendosë ura komunikimi mes banorëve të dikurshëm dhe aktualë të Famagustës dhe Varoshës.","Që kur u nda Qipro para 40 vjetësh, qyteti i Varoshës, dikur një vend turistik luksoz, ka mbetur i shkretuar","The city of Varosha on the east coast of Cyprus, was once a luxury tourist spot, but since this island was divided 40 years ago, it has remained like a ghost town. Recently, a group of activists and experts from both parts have collaborated on a project to turn the ghost town into an ecologically sustainable city. The ghost town of Varosha. Hotels by the sea, neglected and houses ruined by the war. Once upon a time, beautiful fences surrounded luxury resort hotels where Hollywood stars from Elizabeth Taylor, Richard Burton and Brigitte Bardot were said to rest. Today, under the control of the Turkish army, the city is almost deserted. Former city resident Marios Kosma was 24 years old when he was forced to leave and has not seen his family's home since. Raised on the east coast of Cyprus, Varosha was the modern tourist neighborhood in the Famagusta district. Known for its white sand beaches and warm blue waters, it was traditionally inhabited by Greek Cypriots. Next to it, the ancient medieval walled city of Famagusta was inhabited by Turkish Cypriots. Marios remembers leaving the city, in the first week of August 1974, along with other Greek Cypriots from Famagusta who felt endangered. He says the city was abandoned before the Turkish army arrived, remaining empty and ready to take control before it. Ayla Gurel is a Study Consultant at the Oslo Institute for Peace Research and a specialist on the Cyprus conflict. She explains that initially the Turkish army, the Turkish army, did not intend to invade Varosha. Unlike other areas of the north where Turkish Cypriots and Turkish Turks agreed, Varosha remained empty after it was conquered. Ms. Gurel says it was a deliberate move to strengthen the negotiating position of Turkish Cypriots in future talks on territory and property. But the ghost town continues to be a delicate spot for Turkish Cypriots. It is a bitter reminder of the tragedy of the 1974 war. And the bill is increasing, as Turkey is obliged by international courts to compensate former residents for losses from the non-use of their properties. Since 1974, several attempts have been made to negotiate the surrender of Varosha, either as part of a general solution, or as a confidence-building measure between the Turkish north of Cyprus, with the internationally recognized Greek-Cypriot south. Ceren Bogac, a Turkish-Cypriot architect grew up in a house from where the ghost town can be seen, and this has left a deep mark on her life. Her family had moved to Framagusta from Larnaca in the south after the 1975 population exchange agreement and was given an apartment near the border of the besieged city. Now, residents from both sides of Famagusta have decided to act. One of the initiatives is called the Ecological City of Famagusta Project. A group of architects, urban planners, business leaders, energy experts, and peace activists hope to set up an entire city to correct the mistakes of the past and create an ecological environment. The idea came from the Greek-American from Cyprus, Vasia Markides. Markides and architect Bogac, who was also part of the initiating group, convened a group of experts to discuss the idea in 2014. Not everyone agrees with the idea, and while peace talks are stalled for the time being, the project is more of an academic exercise. For now, the organizers say that the project aims to establish bridges of communication between the former and current residents of Famagusta and Varosha.","Since Cyprus split 40 years ago, the city of Varosha, once a luxury tourist spot, has remained deserted","What is the Ecological City of Famagusta Project, and what are its goals?","One of the initiatives is called the Ecological City of Famagusta Project. A group of architects, urban planners, business leaders, energy experts, and peace activists hope to set up an entire city to correct the mistakes of the past and create an ecological environment. The idea came from the Greek-American from Cyprus, Vasia Markides.",0.8996248841285706,"
The city of Famagusta, once a vibrant port on the eastern coast of Cyprus, is now divided into two distinct areas: Varosha, a ghost town frozen in time since 1974, and Famagusta, the part currently inhabited by Turkish Cypriots. This division is a result of the 1974 coup in Cyprus and subsequent events that led to the partition of the island. Varosha, once a bustling tourist destination with golden sands and a lively atmosphere, was abandoned during the conflict. Today, it remains fenced off, with its streets empty and buildings in disrepair, serving as a stark reminder of the island's troubled history.

On the other side of the divide lies Famagusta, now home to Turkish Cypriots who were displaced from the southern part of the island after 1975. This area has been repopulated and redeveloped according to Turkish Cypriot identity, with new neighborhoods, schools, hospitals, and places of worship built. Despite these developments, the division continues to impact the lives of those living in Famagusta, as they are unable to access Varosha or interact freely with their Greek Cypriot neighbors across the Green Line.

Efforts have been made to address this division and promote reconciliation. One notable initiative is the ""Famagusta Ecological City Project,"" which aims to transform the city into an ecological haven by restoring its natural environment, improving infrastructure, and fostering cooperation between both communities. This project was spearheaded by Vasia Markides, a Greek Cypriot-American architect, who envisioned Famagusta as a model of sustainable urban living. Collaborating with experts from various fields, including architects, urban planners, environmentalists, and business leaders, the project seeks to create a shared space where both Turkish and Greek Cypriots can coexist harmoniously.

Despite these efforts, challenges remain. The deep-rooted mistrust between the two communities, coupled with ongoing political tensions, poses significant obstacles to achieving meaningful reconciliation. However, there is hope that through dialogue, cooperation, and mutual understanding, Famagusta can become a symbol of peace and unity for all Cypriots.","
**Reviving the Ghosts of Varosha: From Abandoned City to Eco-Friendly Haven**","
The Ecological City of Famagusta Project is an initiative by activists and experts from both Greek and Turkish Cypriot communities to transform the abandoned city of Varosha into a sustainable, ecological city. Its goals include addressing past divisions and creating an environmentally friendly urban space for future coexistence. The project aims to foster dialogue and cooperation between divided communities while addressing the challenges of reunification and environmental sustainability."
"Gjendja është shumë e rëndë në shumë pjesë të Afganistani, ku Pogrami Botëror i Ushqimit, një organizatë ndihmash e OKB-së, thotë se pothuajse 24 milionë njerëz, ose 60% e popullsisë, vuajnë nga uria akute. Zëdhënësi i Departamentit të Shtetit Ned Price tha se Përfaqësuesi Special, Tom West do të diskutojë çështje me interes jetik kombëtar për Shtetet e Bashkuara, duke përfshirë çështjet e kundërterrorizmit dhe ndihmat humanitare, në takimet me udhëheqësit talebanë në Doha të Katarit. Në një intervistë ekskluzive me Zërin e Amerikës të martën, zoti West tha se përkeqësimi i krizës humanitare në Afganistan ka të bëjë shumë me bllokimin e ndihmës ndërkombëtare. Ekonomia afgane varej nga kjo ndihmë në një masë të madhe gjatë 20 viteve të fundit. tha i përfaqësuesi special amerikan për Afganistanin. Javën e kaluar, zëdhënësi i Ministrisë së Jashtme të talebanëve i bëri thirrje Kongresit amerikan që të zhbllokojë pasuritë afgane të bllokuara pas rënies së Afganistanit në duart e talebanëve. Ai tha se mjerimi ekonomik në vend mund të nxisë një eksod masiv dhe mund të shkaktojë probleme refugjatësh për vendet e tjera. Diplomati West tha se nuk është aq e thjeshtë, siç mund mendojnë talebanët, për të marrë përsëri ndihmat që tashmë janë të bllokuara në Shtetet e Bashkuara dhe vende të tjera. tha ai. Ka patur përparim të kufizuar në disa rajone të Afganistanit drejt plotësimit të kërkesave të Shteteve të Bashkuara dhe komunitetit ndërkombëtar nga talebanët për respektimin e të drejtave të njeriut dhe atyre të grave. Shkollat për vajzat nga klasa 7 deri në të 12 janë rihapur në qytetin e tretë më të madh të Afganistanit, Herat.","Përfaqësuesi Special për Afganistanin, Thomas West, i tha Zërit të Amerikës se Shtetet e Bashkuara janë thellësisht të shqetësuara për krizën humanitare në Afganistan. ","The situation is very dire in many parts of Afghanistan, where the World Food Programme, a UN aid organization, says almost 24 million people, or 60% of the population, suffer from acute hunger. State Department spokesman Ned Price said Special Representative Tom West will discuss issues of vital national interest to the United States, including counterterrorism issues and humanitarian aid, in meetings with Taliban leaders in Doha, Qatar. In an exclusive interview with VOA on Tuesday, Mr. West said the worsening humanitarian crisis in Afghanistan has a lot to do with blocking international aid. The Afghan economy depended on this aid to a large extent over the past 20 years. said the US special representative for Afghanistan. Last week, the Taliban's Foreign Ministry spokesman called on the US Congress to unlock Afghan assets trapped after Afghanistan fell to the Taliban. He said economic misery in the country could fuel a mass exodus and could cause refugee problems for other countries. Diplomat West said it is not as simple, as the Taliban might think, to get back aid that is already blocked in the United States and other countries. he said. There has been limited progress in some regions of Afghanistan toward meeting the demands of the United States and the international community by the Taliban for respect for human and women's rights. Schools for girls in grades 7 to 12 have reopened in Afghanistan's third-largest city, Herat.","The Special Representative for Afghanistan, Thomas West, told VOA that the United States is deeply concerned about the humanitarian crisis in Afghanistan. ","What are the key factors contributing to the humanitarian crisis in Afghanistan, and how is the international community addressing them?","The situation is very dire in many parts of Afghanistan, where the World Food Programme, a UN aid organization, says almost 24 million people, or 60% of the population, suffer from acute hunger. State Department spokesman Ned Price said Special Representative Tom West will discuss issues of vital national interest to the United States, including counterterrorism issues and humanitarian aid, in meetings with Taliban leaders in Doha, Qatar. In an exclusive interview with VOA on Tuesday, Mr. West said the worsening humanitarian crisis in Afghanistan has a lot to do with blocking international aid.",0.4654459059238434,"
The situation is very serious in many parts of Afghanistan, where the World Food Programme, a humanitarian organization under the UN, has stated that nearly 24 million people, or 60% of the population, are suffering from acute hunger. Ned Price, the State Department spokesperson, said that Special Envoy Tom West will discuss global issues of interest to the United States with Taliban representatives in Doha, Qatar, including counterterrorism and humanitarian aid matters. In an exclusive interview with The Wall Street Journal on Monday, West said that resolving the humanitarian crisis in Afghanistan has a lot to do with blocking international assistance. The Afghan economy depends heavily on this aid on a massive scale over the past 20 years, as stated by the U.S. Special Envoy for Afghanistan. Yesterday, the spokesperson for the Taliban Ministry of Foreign Affairs called on the American Congress to unfreeze Afghan assets frozen after the fall of Afghanistan into Taliban hands. He said that such economic measures could lead to mass migration and create refugee problems for other countries. Diplomats say it is not as simple as the Taliban may think to resume the assistance now blocked in the United States and other countries, as stated by him. There have been limited preparations in some regions of Afghanistan regarding the full implementation of the demands made by the Taliban to the U.S. and the international community for respecting human rights and other serious issues. Girls' schools from grade 7 up to grade 12 are reopening in Herat, the third-largest city in Afghanistan.","
""Humanitarian Crisis in Afghanistan: A Call for Unblocking International Aid""","
The humanitarian crisis in Afghanistan is exacerbated by severe food insecurity, with nearly 24 million people facing acute hunger, largely due to blocked international aid since the Taliban takeover. The economy heavily relies on foreign assistance, which has been curtailed, threatening mass migration and refugee crises in neighboring countries. International efforts include discussions at Doha meetings between U.S. representatives and the Taliban, focusing on humanitarian issues and counterterrorism, though challenges persist in resuming aid and addressing human rights concerns."
"Presidenti i Shteteve të Bashkuara, Donald Trump kërcënoi të hënën se do të vendosë tarifa të tjera ndaj mallrave të importuara nga Kina, me vlerën prej 325 miliardë dollarëve, nëse presidenti kinez Xi Jinping nuk angazhohet në bisedime të reja tregtare me të këtë muaj. Zoti Trump i tha rrjetit televiziv CNBC, se ai pret të takohet në qershor, me zotin XI në Osaka, të Japonisë, në takimin e G-20-ës, udhëheqësve të ekonomive më të mëdha në botë, që mbahet më 28- 29 qershor, por Pekini nuk e ka konfirmuar publikisht takimin. Presidenti Trump tha se do t’i vendoste tarifat e reja, përveç tarifave që ai tashmë ka vënë ndaj eksporteve kineze me vlerën prej 200 miliardë dollarëve, nëse zoti Xi e anashkalon takimin. ""Unë mendoj se ai do të vijë në takim,"" tha zoti Trump. ""Pritet që ne të takohemi."" Udhëheqësi amerikan u shpreh se: ""Kina dëshiron shumë të kemi një marrëveshje, më shumë se sa unë."" Por muaj të tërë bisedimesh tregtare midis dy ekonomive më të mëdha në botë kanë ngecur, të paktën për momentin. Uashingtoni e ka akuzuar Pekinin se nuk e ka mbajtur fjalën, për çështje për të cilat të dyja palët kishin rënë më parë dakord, por Kina e ka hedhur poshtë këtë. Ministria e Jashtme e Kinës tha: ""Ne nuk duam një luftë tregtare, por ne nuk kemi frikë të përfshihemi në të. Nëse SHBA janë të gatshme që të ketë konsultime në pozita të barabarta, dera jonë është e hapur. Por në se ai këmbëngul t'i shkallëzojë tensionet, ne do të përgjigjemi me vendosmëri dhe këmbëngulje. "" Kërcënimi i zotit Trump për tarifat kineze erdhi mes shqetësimit në rritje nga disa udhëheqës të biznesit, të cilët vunë në dyshim nëse ai është duke i keqpërdorur tarifat - ose kërcënimin e imponimit të tyre - në mënyra që mund të dëmtojnë ekonominë e amerikane. Presidenti Trump të premten e tërhoqi një kërcënimin për të imponuar një tarifë prej 5% ndaj importeve meksikane, nëse fqinji i saj jugor nuk i shton përpjekjet për të frenuar rritjen e emigrantëve të Amerikës Qendrore që udhëtojnë nëpër Meksikë në Shtetet e Bashkuara. Të dy vendet arritën një marrëveshje për të patur kontrolle më të forta për emigracionin. Sekretari amerikan i Thesarit, Steven Mnuchin, tha të dielën se Presidenti Trump do të ishte ""plotësisht i lumtur"" për të vendosur taksa të tjera ndaj importeve nga Kina, nëse ai nuk do të mundet të arrijë një marrëveshje tregtare me zotin Xi. ""Ne kemi bërë përparim të madh, mendoj se kemi pasur një marrëveshje që është përfunduar pothuajse 90 për qind,"" tha zoti Mnuchin në një intervistë për rrjetin CNBC. ""Kina dëshironte të bënte hapa prapa për disa çështje. Unë besoj që nëse Kina është e gatshme të bëjë përparim në kushtet që kemi diskutuar, do të kemi një marrëveshje. Nëse kinezët nuk janë të gatshëm, do të vazhdojmë me tarifat,""- tha Sekretari Mnuchin. Në takimin e ministrave të Financave të G-20-ës në Fukuoka, të Japonisë gjatë fundjavës, u tha se konfliktet tregtare dhe gjeopolitike po rrezikojnë rritjen e ekonomisë globale, por me këmbënguljen e Shteteve të Bashkuara, u hoq një thirrje për "" të njohur nevojën urgjente për zgjidhjen e tensioneve tregtare"". ""Rritja globale duket të jetë stabilizuar dhe në përgjithësi parashikohet të rritet mesatarisht më vonë këtë vit dhe deri në vitin 2020,"" thanë në një komunikatë të përbashkët përfundimtare shefat e financave, duke përfshirë zotin Mnuchin. ""Sidoqoftë, rritja është e ulët dhe rreziqet mbeten. Më e rëndësishmja, tensionet tregtare dhe ato gjeopolitike janë intensifikuar dhe ne do të vazhdojmë t'i trajtojmë këto rreziqe dhe të jemi gati për të ndërmarrë veprime të mëtejshme""- thuhet në deklaratë. Fondi Monetar Ndërkombëtar paralajmëroi javën e kaluar se ngërçi i vazhdueshëm mes SHBA-së dhe Kinës për çështjen e tarifave mund ta ulë rritjen e ekonomisë globale në vitin 2020 me 0,5 përqind. Ndërkohë, Kina u zotua të dielën për të ndërtuar atë që e quan “një mur mbrojtës” të fuqishëm kundër përpjekjeve për të kufizuar aftësinë e saj për të përparuar në teknologji. Kina planifikon t’i njoftojë detajet e planeve të saj në të ardhmen e afërt. Deklarata kineze nuk përmend asnjë vend me emër, por Shtetet e Bashkuara i kanë kufizuar firmat amerikane që t’i shesin teknologji kompanisë teknologjike kineze Huawei, duke dyshuar se kjo kompani ndërton programe kompjuterike të piraterisë kibernetike në produktet e saj të telekomunikacionit. Shtetet e Bashkuara gjithashtu i kanë paralajmëruar aleatët e tyre kundër rrezikut që mendohet të kenë nga blerja e teknologjisë tek firma Huawei. Presidenti Trump tha se shqetësimet për kompaninë Huawei mund të trajtohen me një marrëveshje të re tregtare.","Presidenti amerikan e kushtëzoi këtë veprim të tijin me gatimërinë për t'u takuar me të, të Presidentit kinez Xi Jinping për bisedime të reja tregtare .","United States President Donald Trump threatened on Monday that he will impose additional tariffs on goods imported from China, worth $325 billion, if Chinese President Xi Jinping does not engage in new trade talks with him this month. Mr. Trump told CNBC that he expects to meet in June with Mr. XI in Osaka, Japan, at the meeting of the G-20, the leaders of the world's largest economies, to be held on June 28-29, but Beijing has not publicly confirmed the meeting. President Trump said he would impose the new tariffs, in addition to the tariffs he has already imposed on $200 billion worth of Chinese exports, if Mr. Xi skips the meeting. ""I think he's going to come to the meeting,"" Mr. Trump said. ""We are expected to meet."" The American leader said that: ""China very much wants us to have an agreement, more than I do."" But months of trade talks between the world's two largest economies have stalled, at least for now. Washington has accused Beijing of not keeping its word, on issues on which both sides had previously agreed, but China has rejected this. China's Foreign Ministry said: ""We don't want a trade war, but we're not afraid to get involved in it. If the U.S. is willing to have consultations in equal positions, our door is open. But if he insists on escalating tensions, we will respond decisively and persistently. Mr. Trump's threat of Chinese tariffs came amid growing concern from some business leaders, who questioned whether he is misusing the tariffs — or threatening to impose them — in ways that could hurt the American economy. President Trump on Friday withdrew a threat to impose a 5% tariff on Mexican imports if its southern neighbor does not step up efforts to curb the growth of Central American immigrants traveling through Mexico to the United States. The two countries reached an agreement to have stronger controls on immigration. U.S. Treasury Secretary Steven Mnuchin said on Sunday that President Trump would be ""completely happy"" to impose other tariffs on imports from China if he cannot reach a trade deal with Mr. Xi. ""We've made great progress, I think we've had an agreement that's almost 90 percent complete,"" Mr. Mnuchin said in an interview with CNBC. ""China wanted to take steps backwards on some issues. I believe that if China is willing to make progress on the conditions we have discussed, we will have an agreement. If the Chinese are not ready, we will proceed with the tariffs,"" said Secretary Mnuchin. At the meeting of G-20 finance ministers in Fukuoka, Japan over the weekend, it was said that trade and geopolitical conflicts are jeopardizing the growth of the global economy, but at the insistence of the United States, a call to ""recognize the urgent need to resolve trade tensions"" was removed. ""Global growth appears to have stabilized and is generally projected to grow on average later this year and through 2020,"" finance chiefs, including Mr. Mnuchin, said in a final joint statement. ""However, growth is low and risks remain. Most importantly, trade and geopolitical tensions have intensified and we will continue to address these risks and be ready to take further action,"" the statement said. The International Monetary Fund warned last week that the ongoing stalemate between the U.S. and China over the tariff issue could slow the growth of the global economy in 2020 by 0.5 percent. Meanwhile, China vowed on Sunday to build what it calls ""a strong firewall"" against attempts to limit its ability to advance in technology. China plans to announce the details of its plans in the near future. The Chinese statement does not mention any country by name, but the United States has restricted U.S. firms from selling technology to Chinese tech company Huawei, suspecting that the company builds cyber hacking software into its telecommunications products. The United States has also warned its allies against the risk they are thought to have from buying the technology from the Huawei firm. President Trump said concerns about Huawei could be addressed with a new trade agreement.",The US president conditioned his action on Chinese President Xi Jinping's readiness to meet with him for new trade talks.,What are the potential consequences of President Trump's threat to impose additional tariffs on Chinese goods if President Xi Jinping does not engage in trade talks at the G-20 meeting?,"United States President Donald Trump threatened on Monday that he will impose additional tariffs on goods imported from China, worth $325 billion, if Chinese President Xi Jinping does not engage in new trade talks with him this month. Mr. Trump told CNBC that he expects to meet in June with Mr. XI in Osaka, Japan, at the meeting of the G-20, the leaders of the world's largest economies, to be held on June 28-29, but Beijing has not publicly confirmed the meeting.",0.473022848367691,"
The United States and China have been locked in a tense trade war, with President Donald Trump imposing tariffs on Chinese goods while demanding structural changes to how Beijing operates its economy. China has responded by increasing its own tariffs and taking other measures against U.S. products.

In recent remarks, Trump expressed optimism about the ongoing trade negotiations, stating that ""we're making progress"" in discussions aimed at resolving the trade conflict. He highlighted the potential for a deal that would significantly reduce the trade imbalance between the two nations, while also emphasizing the importance of fair treatment for American farmers and workers.

Chinese officials have indicated that they are willing to make concessions but have also stressed the need for reciprocity. They have proposed specific measures to increase imports of U.S. agricultural products and other goods, as well as improve market access for American companies in key sectors such as technology and services.

Despite these positive signs, both sides remain cautious about the likelihood of reaching a comprehensive agreement quickly. The complexity of the issues involved—ranging from intellectual property protection to state subsidies—and the deep-seated differences between the two economies present significant challenges.

Recent developments at the G-20 summit highlighted the global significance of U.S.-China trade relations. World leaders expressed concern over how the ongoing trade conflict could impact global economic growth, with calls for a swift resolution to reduce uncertainty and maintain momentum in international markets.

The International Monetary Fund (IMF) has warned that unresolved trade tensions between the United States and China could shave 0.5 percentage points off global GDP growth by 2020. This underscores the urgent need for both countries to find common ground and work towards a mutually beneficial resolution.

Meanwhile, China is developing what it calls a ""Great Wall"" strategy—a robust defense mechanism against efforts to curtail its ability to advance in technology. The country plans to detail its strategies in the coming months, though no specific measures have been announced yet.

The U.S. has imposed restrictions on American companies selling advanced technology to Chinese telecommunications giant Huawei, citing concerns about potential cyber espionage risks. This move has drawn criticism from some quarters but has also been supported by others as a necessary step to safeguard national security interests.

President Trump has suggested that the situation with Huawei could be addressed through new trade agreements, signaling a willingness to tie technology issues more closely to broader economic negotiations.

The ongoing trade talks are not just about tariffs and market access; they are also shaping the future of global technology and innovation. Both countries recognize the importance of maintaining an open and competitive environment while addressing legitimate concerns over intellectual property and fair competition.

As the negotiations continue, all eyes remain on whether the U.S. and China can bridge their differences and forge a deal that not only resolves current disputes but also sets the stage for more stable and cooperative economic relations in the future.","
""Trump Warns of 10% Tariffs on China Imports Unless Demands Met by October 15.""","
President Trump's threat of additional tariffs could slow global economic growth by 0.5% in 2020 according to the IMF. China is building a ""Great Firewall"" to strengthen its cybersecurity against foreign influence. The U.S. has restricted Huawei over national security concerns, escalating tech competition and trade tensions."
"Cilat janë disa nga detajet e marrëveshjes së Bankës Europiane të inevstimeve me Bashkinë e Tiranës ? Para se gjithash ju falenderoj për këtë intervistë, pasi unë besoj se nënshkrimi i këtij projekti është shumë i rëndësishëm për Shqipërinë. Kjo hua prej 80 milionë euro investime, që u nëshkrua me Zv.Kryeministrin Ahmetaj, është projekt i rëndësishëm për të përmirësuar dhe zhvilluar rrjetin e ujësjellësit të Tiranës. Eshtë shembull i pastër, se si fondet e BE dhe mbështetja e Bankës Europiane të Investimeve po shkon në të mirën e qytetareve të Tiranës. Në përfudnim të projektit , rreth 1 milionë qytetarë do përfitojnë 24 orë ujë të pijshëm, të një cilësie të shkëlqyer. Besoj se ky është shembull i mirë se si fondet europiane dhe BEI japin mbështetjen e nevojshme. Ky është operacioni më i madh i BEI në Shqipëri. Gjej rastin të vlerësoj dhe të përgëzoj Bashkinë e Tiranës dhe UKT për punën e madhe që kanë bërë, duke na mundësuar të arrijmë këtë investim të rëndësishëm prej 80 mln. Gjithashtu ne u angazhuam të japim një grant prej 1 milionë euro në mbësthetje të zbatimit të projektit dhe përgatitjes së dokumenteve të duhura për zbatimin e projektit. Cilat janë kushtet e huasë prej 80 milionë euro, për përmirësimin e rrjetit të ujësjellësit në Tiranë? Projekti do të zbatohet në disa etapa. Në fazen përgatitore, fillimisht ndërrmarja e Ujësjellës Kanalizime Tiranë dhe Bashkia e Tiranës do të përgatisin studimin e fizibilitetit, për të cilin e kanë tashmë një asistencë teknike dhe gjithashtu me ndihmën tonë do të përgatitet dokumentacioni i tenderit, i cili me shpresë vitin që vjen do të jetë gati. Do të shpallet tenderi dhe do të seleksionohen konstruktorat. Ne u informuam nga bashkia se projekti do ta ndahet na lote të ndryshme, në mënyrë që puna të bashkërendohet dhe të bëhet mirë, duke mos rënduar trafikun dhe dëmtuar furnizimin me ujë të qytetit. Do të duhet të presim 4 vjet që ky projekt të përfundojë. Kriza e COVID-19 ka goditur ekonominë, dhe Banka Evropiane e Investimeve po ju vjen në ndihmë vendeve të rajonit për të përballuar pasojat. Cili është fokusi i këtyre investimeve në Shqipëri? Para se gjithash dua te them se BEIështë pjesë e “skuadres europiane” të donatorëve dhe si pjesë e institucioneve financiare europiane, ne garantojmë vënien në lëvizje të mekanizmave që ofrojnë ndihmë të shpejtë për partnerët jashtë BE, duke ju dhënë mbështetje për të kapërcyer krizat dhe për t’u mëkëmbur. BEI u angazhua me 1,7 mld euro për të ndihmuar në kapërcimin e krizës së pandemisë dhe pasojave të saj në Ballkanin Përëndimor. Jemi angazhuar në përshpejtimin e pagesave të projekteve ekzistuese si dhe në aprovimin e shpejtë të investimeve të reja në Ballkanin perëndimor. Në 6 muajt e parë tëkëtij viti ne kemi nënshkruar projekte investimi me një vlerë prej më shumë se 600 milionë euro në Ballkanin Perendimor, vetëm për këtë vit.Nënshkrimi prej 80 mln me UKT është projekti i parë, për këtë vit në Shqipëri, gjithsesi për pandeminë nënshkruam një ndihmë prej 15 mln eurosh nëpërmjet Procredit Albania, në mbështjetje të kompanive të mesme dhetë vogla, për të mbuluar nevojat e tyre me likuiditet. Dhe tani jemi në bisedime me kryeministrin Rama dhe Zv.kryeministrin Ahmetaj, për të vendosur se cilat janë projektet dhe sektorët që do t’u japim përparësi, për të nxitur investime me rëndësi strategjike, duke ofruar bashkëfinancim. Siç ka thënë dhe kryeministri Edi Rama, do të ketë investime në infrastrukturë nga njëra anë dhe njëkohësisht do të merren masa për digjitalizimin, investimet në mbrojtje të mjedisit. Gjithashtu rritja ekonnomike do të mbështetet fuqimisht. Ne si bankë investimesh do të duam të investojmë në ndërlidhje, si tek insfrastruktura hekurudhore, rrjeti i rrugëve, në baypassin e Tiranës dhe në zonat rurale. Po diskutojmë me qeverineë për zbatimin e këtyre investimeve. Ne si Bankë Europiane e Investimeve në rastin e tërmetit ofruam 100 mln euro për rimëkëmbjen. Kryeministri dhe Zv.KryeministriAhmetaj besojne se ndihma jonë duhet të përdoret për ndërtimin e shtëpive me kosto të përballueshme. Ky është prioritet për qeverinë dhe për ne. Dhe është përcaktuar një grant shtesë për asistencë teknike mbështetëse enkas për grupet në nevojë. Shqipërisë i është dashur të ndjekë një politikë më të kujdesshme fiskale, për arsye të borxhit të lartë publik dhe kufizimeve të diktuara nga FMN-ja. A është Shqipëria një treg tërheqës ndaj investimeve private? Politika e kujdesshme fiskale si dhe menaxhimi i kujdesshëm i borxhit publik, është parë si trend i mirë i qeverisë për të kapërcyer vështirësitë që sjell një buxhet i limituar, i cili duhet menaxhuar siç duhet dhe që investimet e qeverisë të jenë të qëndrueshme e më çmim të mirë. Kohët e fundit pamë se qeveria doli në treg dhekërkoi të tërheqë financime. Ne si Bankë Europiane e Investimeve jemi të gatshëm të ofrojmë kushte akoma edhe më të favorshmepër huatë që ofrojmë. Krahasuar me institucione te tjera financiare, ne mund të ofrojme hua afatgjata të cilat shkojnë pertej 20 viteve me kushte shumë, shumë të favorshme. Këto mund të ndihmojnë qeverinë e cila me një çmim të ulët mund të përfitojë kredi afatgjata, duke investuar në sektorë speciale siç është mbrojtja nga përmbytjet për të cilën po bisedohet dhe punohetme qeverinë. Gjithashtu siç thashë do investohet në rrjetin hekurudhor, në digjitalizim, si dhe në mbështetje të çështjeve të klimës dhe mjedisit. Si i vlerësoni masat e qeverisë shqiptare pas dy fatkeqësive, tërmetit të 26 nentorit të vtit 2019 dhe pandemisë, e cila ende vazhdon? Duhet të them se fatkeqësisht askush në botë nuk mund të bëjë një projeksion se kur do të përfundojë pandemia apo pasojat e pandemisë. Gjithsesi shpresojmë që të gjithë do t’i kapërcejmë dhe do te jemi në gjendje t’i kthehemi normalitetit të ri. Gjithashtu duhet të them, se ashtu si kudo nëpër botë, edhe në Europë, ekonomia pësoi rënie. Në rastin e Shqipërisë rënia ishte me -3.5%. Por tashmë po shohim se ka nisur rimëkëmbja e ekonomisë shqiptare, dhe ajo po ndodh në një mënyrë të qëndrueshme. Ka një projektim të rritjes ekonomike me rreth 5% të Prodhimit të Brendshem Bruto. Dhe kjo është inkurajuese për ne dhe instutucionet e tjera financiare europiane të cilat shohin drejtimin që ka marrë Shqipëria dhe rezultati i masave të marra ishte i arsyeshëm. Vendi ka marrë rrugën e rikuperimit. Fatkeqësisht, mbeten edhe shumë pasiguri që lidhen me variantet e reja te virusit, çfarë impakti do ketë në ekonominë europiane dhe atë të Ballkanit si dhe nëse do të ndërpresë në zinxhirin furnizues sepse ky është problem kryesor i situatës. Bazuar në pasiguritë me të cilat po perballemi, ne mund të themi se trendi i stabilitetit dhe rikuperimit ekonomik mbetet pozitiv, bazuar në rritjen e numrit të vaksinimeve. Kështu bizneset do të jenë në gjendje të rihapen. Nëse do të shihnin analizat dhe vëzhgimet e bëra kohët e fundit nga banka jonë, fokusuar tek sipërmarrjet e vogla dhe të mesme, nën fillim të pandemisë shumicës së këtyre bizneseve, ju desh të ndërprisnin punën e tyre, rreht 50-60%. Lajmi i mirë është se tashmë vihet re rimëkëmbje dhe rifillimi i aktiviteteve të cilat po i përshtaten me realitetin e ri tregut dhe digjitalizimi është një element shumë i rëndësishëm. Gjithsesi vihet re një lloj kujdesi në planet e projektimet e tyre, por duke qenë se nuk ka më parashikime për mbyllje të plotë apo pezullim të aktiviteteve, mund të themi se jemi me modesti, optimistë. Sepse jemi në linjën e duhur të rekuperimit duke marrë parasysh se jemi ende të vetëdijshëm për pasojat dhe masat që duhen marrë në vazhdim.","Banka Europiane e Investimeve, krahu financues i BE po ndihmon me huadhënie favorizuese dhe afatgjata Shqipërinë në disa sektorë me rëndësi, që përmirëspjnë jetën e qytetarëve. ","What are some of the details of the agreement of the European Investment Bank with the Municipality of Tirana? First of all, I thank you for this interview, as I believe that the signing of this project is very important for Albania. This loan of 80 million euros of investments, which was signed with Deputy Prime Minister Ahmetaj, is an important project to improve and develop the water supply network of Tirana. It is a clear example of how EU funds and the support of the European Investment Bank are going to the benefit of the citizens of Tirana. As a result of the project, about 1 million citizens will benefit from 24 hours of drinking water of excellent quality. I believe that this is a good example of how European funds and the EIB provide the necessary support. This is the largest EIB operation in Albania. I take this opportunity to appreciate and congratulate the Municipality of Tirana and UKT for the great work they have done, enabling us to achieve this important investment of 80 million euros. We also committed to provide a grant of 1 million euros in support of the implementation of the project and the preparation of the appropriate documents for the implementation of the project. What are the terms of the loan of 80 million euros for the improvement of the water supply network in Tirana? The project will be implemented in several stages. In the preparatory phase, initially the Tirana Water Supply and Sewerage Company and the Municipality of Tirana will prepare the feasibility study, for which they already have technical assistance and also with our help the tender documentation will be prepared, which will hopefully be ready next year. The tender will be announced and the constructors will be selected. We were informed by the municipality that the project will be divided into different lots, so that the work will be coordinated and done well, without burdening traffic and damaging the city's water supply. We will have to wait 4 years for this project to be completed. The COVID-19 crisis has hit the economy, and the European Investment Bank is coming to the aid of countries in the region to cope with the consequences. What is the focus of these investments in Albania? First of all I want to say that the EIB is part of the ""European team"" of donors and as part of the European financial institutions, we guarantee the setting in motion of mechanisms that provide rapid assistance to partners outside the EU, giving them support to overcome crises and recover. The EIB committed €1.7 billion to help overcome the pandemic crisis and its consequences in the Western Balkans. We are committed to accelerating the payments of existing projects as well as the swift approval of new investments in the Western Balkans. In the first 6 months of this year, we have signed investment projects worth more than 600 million euros in the Western Balkans, for this year alone. The signing of 80 million euros with UKT is the first project for this year in Albania, however, for the pandemic we signed an aid of 15 million euros through Procredit Albania, in support of medium and small companies, to cover their needs with liquidity. And now we are in talks with Prime Minister Rama and Deputy Prime Minister Ahmetaj, to decide which are the projects and sectors that we will prioritize, to encourage investments of strategic importance, by offering co-financing. As Prime Minister Edi Rama has said, there will be investments in infrastructure on the one hand and at the same time measures will be taken for digitalization, investments in environmental protection. Economic growth will also be strongly supported. As an investment bank, we will want to invest in interconnections, such as the railway infrastructure, the road network, the Tirana baypass and rural areas. We are discussing with the government about the implementation of these investments. We, as the European Investment Bank, in the event of the earthquake, offered 100 million euros for the recovery. The Prime Minister and Deputy Prime Minister Ahmetaj believe that our assistance should be used for the construction of affordable houses. This is a priority for the government and for us. And an additional grant for technical support assistance has been determined especially for groups in need. Albania has had to pursue a more prudent fiscal policy, due to the high public debt and restrictions dictated by the IMF. Is Albania an attractive market for private investment? The prudent fiscal policy as well as the prudent management of the public debt has been seen as a good trend of the government to overcome the difficulties brought by a limited budget, which must be properly managed and for the government's investments to be stable and at a good price. Recently we saw that the government came out on the market and sought to attract funding. As the European Investment Bank, we are ready to offer even more favorable conditions for the loans we offer. Compared to other financial institutions, we can offer long-term loans which go beyond 20 years with very, very favorable terms. These can help the government which can benefit from long-term loans at a low price, by investing in special sectors such as flood protection that is being discussed and worked on with the government. Also, as I said, investments will be made in the railway network, in digitalization, as well as in support of climate and environmental issues. How do you assess the measures of the Albanian government after the two disasters, the earthquake of November 26, 2019 and the pandemic, which is still ongoing? I must say that unfortunately no one in the world can make a projection of when the pandemic will end or the consequences of the pandemic. However, we hope that we will all overcome them and be able to return to the new normal. I must also say that just like everywhere in the world, in Europe, the economy declined. In the case of Albania, the decline was -3.5%. But we are already seeing that the recovery of the Albanian economy has begun, and it is happening in a sustainable way. There is a projection of economic growth at about 5% of the Gross Domestic Product. And this is encouraging for us and other European financial institutions which see the direction Albania has taken and the result of the measures taken was reasonable. The country has taken the path of recovery. Unfortunately, there are still many uncertainties related to the new variants of the virus, what impact it will have on the European and Balkan economies, and whether it will disrupt the supply chain because this is the main problem of the situation. Based on the uncertainties we are facing, we can say that the trend of stability and economic recovery remains positive, based on the increase in the number of vaccinations. Thus businesses will be able to reopen. If they were to see the analysis and observations recently made by our bank, focused on small and medium-sized enterprises, at the beginning of the pandemic most of these businesses, had to stop their work, beats 50-60%. The good news is that there is already a recovery and resumption of activities that are adapting to the new market reality, and digitalization is a very important element. However, there is a kind of caution in their plans and designs, but since there are no more provisions for a complete closure or suspension of activities, we can say that we are modest, optimistic. Because we are on the right line of recovery considering that we are still aware of the consequences and measures to be taken in the future.","The European Investment Bank, the financing arm of the EU, is helping Albania with favorable and long-term lending in several important sectors, which improve the lives of citizens. ","What are the key aspects of the European Investment Bank's involvement in Albania, including the 80 million euro loan for Tirana's water supply network and other investments?","This loan of 80 million euros of investments, which was signed with Deputy Prime Minister Ahmetaj, is an important project to improve and develop the water supply network of Tirana. It is a clear example of how EU funds and the support of the European Investment Bank are going to the benefit of the citizens of Tirana. As a result of the project, about 1 million citizens will benefit from 24 hours of drinking water of excellent quality.",0.7106159329414368,"
The COVID-19 pandemic has had a significant impact on global economies, including Albania and the Balkan region. The Albanian economy contracted by approximately 3.5% in 2020 due to the pandemic, but there are now signs of recovery. Projections indicate that Albania's GDP could grow around 5% in 2021, which is encouraging for both domestic and international financial institutions.  

The government has implemented measures to support small and medium-sized enterprises (SMEs), which were heavily affected by the pandemic. Initial reports suggest that over 50-60% of these businesses have restarted their operations. While there are concerns about new virus variants and their potential impact on economic activities, the focus remains on vaccination efforts and adapting to the ""new normal.""  

Digitalization is seen as a critical element in driving recovery, with investments being made in digital infrastructure and climate resilience projects. Despite challenges, there is cautious optimism about the future, as Albania continues to navigate the post-pandemic landscape while addressing ongoing global uncertainties.","
""Albania's Economy Navigates Recovery Amid Pandemic and Earthquake Challenges.""","
The Albanian economy has shown resilience with a projected GDP growth of around 5%, despite challenges posed by new virus variants and global supply chain disruptions. Investments in digital infrastructure, climate resilience, and transportation are driving economic recovery. While uncertainties remain, there is cautious optimism about the country's ability to adapt and recover from the impacts of the pandemic."
"Wade Davis, eksplorues i shoqatës National Geographic, e përshkruan Chris Rainierin si gjahtar imazhesh dhe thotë se ai është i vetëdijshëm që fotografitë e tij mund të bëjnë histori. Vetë Rainier, fotograf për revistën National Geographic shpesh ndeshet me pyetjen: pse duhet të rrezikosh jetën në vende të tilla, si Bagdadi, Somalia, apo Sarajeva. Ai shpjegon se kur sheh vuajtjet e njerëzve dhe ndjen zemërim për mënyrën sesi ata trajtohen, kjo vetvetiu të nxit të rrëfesh historinë e tyre. Bert Fox, redaktor fotografie, shpjegon se sa i rëndësishëm është roli i fotografisë për publikun. “Duhet të shkosh pikërisht atje ku ndodhin ngjarjet e rënda, atje ku shpërthejnë bombat dhe ku vriten njerëzit. Duhet të shkosh pikërisht aty ku është rreziku”, thotë vetë Rainier. Ai e pranon që frika është e pashmangshme, por shton se më e rëndësishme është sesi e përballon atë. Ai tregon një ngjarje të ngjashme nga Iraku, kur kishte shkuar me një patrullë ushtarësh amerikanë në Abu Ghraib. Duke reflektuar për mëdyshjet e herëpashershme në punën e tij, fotoreporteri i luftës, thotë se ndonjëherë i shkon ndër mend se po rrezikon jetën për një fotografi në një revistë që në fund të fundit, mund të shërbejë për të mbështjellë ushqimet, apo fotografia mund të mos jetë më e madhe sesa një pullë poste. Ai e pranon se nëse nuk ke kujdes, zhgënjehesh dhe nuk mendon se po sjell ndonjë ndryshim. Chris Rainier thotë se herë pas here, duhet bërë një pauzë dhe duhet vënë çdo gjë në kontekst:","Puna e fotoreporterit të luftës, është quajtur më e rrezikshmja në botë, por pse këta njerëz rrezikojnë jetën e tyre?","Wade Davis, explorer of the National Geographic association, describes Chris Rainier as an image hunter and says that he is aware that his photographs can make history. Rainier himself, a photographer for National Geographic magazine, often comes across the question: why should you risk your life in places like Baghdad, Somalia, or Sarajevo. He explains that when you see people's suffering and feel anger at the way they are treated, this in itself prompts you to tell their story. Bert Fox, photography editor, explains how important photography's role is to the public. ""You have to go exactly where serious events happen, where bombs explode and where people are killed. You have to go exactly where the danger is,"" says Rainier himself. He acknowledges that fear is inevitable, but adds that the most important thing is how you cope with it. He tells of a similar event from Iraq, when he had gone with a patrol of American soldiers to Abu Ghraib. Reflecting on the occasional doubts in his work, the war photojournalist says that sometimes it occurs to him that he is risking his life for a photograph in a magazine that, after all, may serve to wrap food, or the photograph may not be larger than a postage stamp. He admits that if you're not careful, you're disappointed and don't think you're making any difference. Chris Rainier says that from time to time, you need to pause and put everything into context:","The work of the war photojournalist has been called the most dangerous in the world, but why do these people risk their lives?","What motivates Chris Rainier to risk his life photographing in dangerous places like Baghdad, Somalia, or Sarajevo?","Rainier himself, a photographer for National Geographic magazine, often comes across the question: why should you risk your life in places like Baghdad, Somalia, or Sarajevo. He explains that when you see people's suffering and feel anger at the way they are treated, this in itself prompts you to tell their story. Bert Fox, photography editor, explains how important photography's role is to the public.",0.8059223890304565,"
Wade Davis, an explorer for National Geographic, described Chris Rainier as a collector of images and said that he is unique in that his photographs can make history. Rainier himself, a photographer for National Geographic, often faces the question: why risk your life in places like Baghdad, Somalia, or Sarajevo? He explains that when you witness human suffering and feel moved by how they endure it, this inherently compels you to document their story. Bert Fox, a photo editor, emphasizes how important a photographer's role is for the public. “You have to be right where the important events are happening, where bombs explode and people die. You have to be right there in the danger zone,” Rainier said himself. He admits that fear is inevitable, but he adds that what matters more is overcoming it. He recounts a similar incident from Iraq when he had gone with an American military patrol to Abu Ghraib. Reflecting on these memories in his work, the war photojournalist says that sometimes he doubts whether risking his life for a photograph in a magazine might end up being nothing more than a stamp or something even less impactful. He admits that if you don’t care, lose focus, and don’t believe you’re making a difference, it’s not worth it. Chris Rainier believes that from time to time, you need to take a break and consider everything in context:","
""Capturing History in Conflict Zones: The Perilous Art of Chris Rainier""","
Chris Rainier is motivated by his deep connection to the struggles of people in conflict zones, which drives him to document their stories through photography. He believes his work can preserve their history and bring attention to their plight. Despite the risks, he feels it is essential to capture these moments to inspire change and awareness."
"Raporti i ri ka zbuluar se rreth 2,975 vdekje mund t’i atribuohen drejtpërdrejt ose tërthorazi uraganit Maria nga koha që goditi Porto Rikon në shtator të vitit 2017 deri në mes të shkurtit të këtij viti. Kjo përkon edhe me periudhën kur shumë njerëz nuk kishin energji elektrike, ujë të pijshëm dhe kujdes të duhur mjekësor. Presidenti Trump është akuzuar se nuk ka bërë aq shumë për Porto Rikon, siç bëri për Teksasin dhe Floridën për të zbutur dëmet e stuhisë. ""Është e rëndësishme që të përdorim çdo mundësi për të rritur ndërgjegjësimin mbi atë se si administrata e Presidentit Trump i ka lënë pas dore banorët e Porto Rikos"", thotë ligjvënësja demokrate Nydia Velazquez. Presidenti mbrojti përpjekjet e administratës së tij të mërkurën. ""Ne kemi investuar miliarda dollarë në Porto Riko, dhe kjo ishte e vështirë, por mos harroni se sistemi i tyre energjitik nuk ishte në gjendje të mirë edhe para stuhisë. Ishte i mbyllur, i falimentuar dhe nuk funksiononte. Ata kishin borxhe të mëdha, e kishin mbyllur dhe pastaj kur erdhi stuhia, njerëzit thanë: 'Çka do të bëjmë për energjinë elektrike?' "" Presidenti Trump tha se Porto Riko është duke u rimëkëmbur më ngadalë se Teksasi dhe Florida për shkak të gjeografisë së ishullit dhe problemeve që kishte para stuhive. ""Porto Riko ishte në gjendje më të rëndë. Tani, agjencia qeveritare e ndihmave të emergjencave, FEMA dhe të gjithë njerëzit që punojnë atje, janë të guximshëm dhe kanë bërë punë të madhe. Por, Puerto Riko kishte shumë vështirësi përpara se të goditej nga stuhitë, dhe tani ne po merremi me trajtimin e tyre"". Guvernatori i Porto Rikos Ricardo Rosello tha se ishulli duhet të ishte përgatitur më mirë për stuhitë dhe mori përgjigjësinë për disa nga problemet. ""Po, bëra gabime. Tani kur i hedh një vështrim të kaluarës është e lehtë ta shoh dhe të jem dakord se gjërat mund të ishin trajtuar pak më ndryshe dhe angazhimi im si guvernator është që ta pranojë këtë kritikë, por edhe të përmirësohem."" Guvernatori Rosello tha se ai do ta zyrtarizonte shifrën e re të 2,975 viktimave. Shifra origjinale prej 64 personash të vdekur ishte shumë më e vogël sepse stafi mjekësor nuk ia atribuonte vdekjet drejtpërdrejt uraganit Maria, por i klasifikonte ato si vdekje të shkaqeve natyrore ose aksidenteve. Të varfërit dhe të moshuarit ishin më të goditurit nga stuhitë.","Presidenti Trump tha se administrata e tij ka bërë një ""punë fantastike"" për rimëkëmbjen e Porto Rikos pas stuhive të vitit të kaluar.","The new report has found that about 2,975 deaths can be attributed directly or indirectly to Hurricane Maria from the time it hit Puerto Rico in September 2017 to mid-February this year. This also coincides with the period when many people lacked electricity, drinking water and proper medical care. President Trump has been accused of not doing as much for Puerto Rico as he did for Texas and Florida to mitigate storm damage. ""It is important that we use every opportunity to raise awareness of how President Trump's administration has neglected Puerto Rican residents,"" says Democratic lawmaker Nydia Velazquez. The president defended his administration's efforts on Wednesday. ""We have invested billions of dollars in Puerto Rico, and that was difficult, but remember that their energy system was not in good condition even before the storm. It was closed, bankrupt and not functioning. They had huge debts, they had closed it and then when the storm came, people said, 'What are we going to do about electricity?' "" President Trump said Puerto Rico is recovering more slowly than Texas and Florida because of the island's geography and the problems it had before the storms. "" Puerto Rico was in a more serious condition. Now, the government emergency relief agency, FEMA and all the people who work there, are brave and have done a great job. But, Puerto Rico had a lot of difficulties before it was hit by storms, and now we're dealing with them."" Puerto Rico Governor Ricardo Rosello said the island should have been better prepared for storms and took responsibility for some of the problems. ""Yes, I made mistakes. Now when I look at the past it is easy to see and agree that things could have been treated a little differently and my commitment as governor is to accept this criticism, but also to improve."" Governor Rosello said he would formalize the new figure of 2,975 victims. The original figure of 64 dead people was much smaller because medical staff did not attribute the deaths directly to Hurricane Maria, but classified them as deaths of natural causes or accidents. The poor and elderly were the hardest hit by the storms.","President Trump said his administration has done a ""fantastic job"" of recovering Puerto Rico from last year's storms.","What factors contributed to the high death toll attributed to Hurricane Maria in Puerto Rico, and how have different leaders responded to the crisis?","The new report has found that about 2,975 deaths can be attributed directly or indirectly to Hurricane Maria from the time it hit Puerto Rico in September 2017 to mid-February this year. This also coincides with the period when many people lacked electricity, drinking water and proper medical care. President Trump has been accused of not doing as much for Puerto Rico as he did for Texas and Florida to mitigate storm damage.",0.6559407114982605,"
Reports reveal that approximately 2,975 deaths could be directly or indirectly attributed to Hurricane Maria from the time it struck Puerto Rico in August 2017 until mid-February of this year. This period also coincides with a time when many people lacked electricity, clean water, and necessary medical care. President Trump has been accused of not doing as much for Puerto Rico as he did for Texas and Florida to recover from the disaster. ""It is important to use every opportunity to assess how the administration led by President Trump treated the victims of Puerto Rico,"" said Democratic congresswoman Nydia Velazquez. The president defended his administration's efforts, stating, ""We have invested billions in Puerto Rico, and this was difficult, but do not forget that their energy system was not in good shape even before the hurricane. It was outdated, bankrupt, and not functioning. They had large debts, they were closed, and then when the hurricane came, people wondered, 'What are we going to do for electricity?'"" President Trump claimed that Puerto Rico is recovering more slowly than Texas and Florida due to its geography and pre-hurricane problems. ""Puerto Rico was in a much worse condition. Now, the federal emergency management agency, FEMA, and everyone working there, have done an incredible job. But Puerto Rico had many challenges before being hit by the hurricanes, and now we are dealing with their recovery."" Puerto Rico's governor, Ricardo Rosello, stated that the island should have been better prepared for the hurricanes and took responsibility for some of the issues. ""Yes, mistakes were made. Now, when you look back at a disaster it is easy to see and agree that things could have been handled differently, and my commitment as governor is to accept this criticism but also improve."" Governor Rosello said he would acknowledge the updated figure of 2,975 victims. The original number of 64 deaths was much lower because the medical staff did not attribute those deaths directly to Hurricane Maria, but rather listed them as indirect causes.","
""Hurricane Maria: Over 2,975 Deaths in Puerto Rico Amid Critiques of Federal Response Compared to Texas and Florida.""","
The high death toll from Hurricane Maria in Puerto Rico was exacerbated by prolonged power outages, lack of clean water, and insufficient medical care. President Trump faced criticism for not adequately addressing Puerto Rico’s needs compared to other disaster-hit areas like Texas and Florida. Governor Ricardo Roselló acknowledged shortcomings in preparedness and took responsibility for some of the issues during the crisis."
"Ambasadorja e Shteteve të Bashkuara në Kosovë, Tracey Jacobson, e cila ndodhet këto ditë këtu në Uashington, thotë në një intervistë për Zërin e Amerikës, se ngërçi politik në Kosovë duhet të zgjidhet nga vetë forcat politike dhe jo me ndihmën e shteteve të tjera. Duke u ndalur tek radikalizmi islamik, ambasadorja amerikane thotë se autoritetet po e trajtojnë këtë kërcënim me seriozitet dhe ajo bën thirrje për përpjekje të gjithashme nga qeveria dhe shoqëria për përballimin e këtij fenomeni. Lidhur me Gjykatën e Posaçme, zonja Jacobson shton se ajo nuk mund të bëjë komente për një hetim që po vazhdon, por thekson se Kosova duhet të kalojë përmes këtij procesi që të mbyllet ky kapitull i historisë së saj. Me ambasadoren Jacobson bisedoi kolegu Arben Xhixho. Zonja Ambasadore, kanë kaluar tre muaj që nga përfundimi i zgjedhjeve në Kosovë dhe institucionet qeverisëse ende nuk janë krijuar. Cili është mendimi juaj lidhur me këtë ngërç politik në të cilin e gjejnë veten sot politikanët e Kosovës? Është e rëndësishme të kujtojmë se kjo është hera e parë që Kosova po kryen zgjedhje të përgjithshme, që kur përfundoi faza a pavarësisë së mbikqyrur. Zgjedhjet ishin të lira e të drejta, në to mori pjesë për herë të parë Veriu dhe është e kuptueshme që kur një vend shkon përmes një procesi të ri, duhet kohë më e gjatë. Unë i respektoj institucionet e Kosovës, jam e kënaqur të shoh politikanët në Kosovë që u drejtohen institucioneve, siç ishte rasti i Gjykatës Kushtetuese. Tani që Gjykata e dha vendimin shpresoj që udhëheqësit politikë do të veprojnë me shpejtësi për të krijuar parlamentin, që të kalohet pastaj në formimin e qeverisë. Nuk na takon ne të themi se si duhet të vazhdojë procesi, ose se si do të ndahen postet, por ne kemi interesa strategjike të përbashkëta me Kosovën, për të cilat duhet parlamenti dhe qeveria. Disa prej tyre janë vazhdimi i dialogut me Serbinë, ngritja e Gjykatës Speciale, krijimi i forcave të armatosura, ligji për ata që luftojnë në vende të huaja dhe një listë e gjatë detyrash për qeverinë dhe parlamentin e ri. Në të kaluarën komuniteti ndërkombëtar ka ndihmuar në krijimin e institucioneve të Kosovës. Ka shumë që mendojnë se edhe këtë herë ju mund të luani një rol të rëndësishëm. Siç thatë ju, këto ishin zgjedhjet e para pas përfundimit të mbikqyrjes së pavarësisë, por jo hera e parë që Kosova ka zhvilluar zgjedhje të lira e të drejta. A mendoni se ju dhe kolegët tuaj në Prishtinë do të luani ndonjë rol për formimin e institucioneve? A jeni ju të gatshëm të ndihmoni duke lehtësuar procesin? Nuk mendoj se është roli i ambasadave të huaja të lehtësojnë atë që është një proces i brendshëm politik dhe që kërkon zgjidhje politike të brendshme. Ajo që bëjmë ne si ambasadë amerikane, ose ambasadat e tjera, është të nxisim Kosovën t’i përmbahet procesit sipas ligjeve dhe kushtetutës së vendit për të arritur në një zgjidhje demokratike. Është e rëndësishme që Kosova ta bëjë këtë pa ndërhyrje nga jashtë dhe ky do të ishte një sinjal se Kosova është në fakt një vend i pavarur, me një demokraci funksionuese. Ajo që kemi parë deri tani, me referimin e situatës në Gjykatën Kushtetuese dhe me zhvillimin e zgjedhjeve të lira, unë kam besim se udhëheqësit politikë do të jenë në gjendje t’i japin një zgjidhje situatës. Ne do t’i mbështesim ata, mund t’i këshillojmë si miq por në fund të fundit, kjo është detyra e tyre si udhëheqës të zgjedhur. A mendoni se zgjedhjet e reja mund të shërbejnë si zgjidhje, apo ato nuk janë të këshillueshme? Nuk më takon mua ta them. U takon udhëheqësve politikë të Kosovës të vendosin. Unë shpresoj të kemi një parlament dhe qeveri të re në të ardhmen e afërt, për shkak të listës së gjatë të çështjeve që përmenda më lart. Nëse do të vijë puna për zgjedhje të reja, Shtetet e Bashkuara do të jenë të përgatitura ta mbështesin procesin, ashtu siç kanë bërë në të kaluarën, por nuk mund ta përjashtoj mundësinë që në ditët në vazhdim të kemi një parlament dhe qeveri të re. Ndërsa parlamenti i ri pritet të përfundojë punën për krijimin e Gjykatës Speciale, prokurori i posaçëm Klint Williamson, bëri publike disa rezultate të përgjithshme nga hetimet. Cili është mendimi juaj, cili është qëndrimi i Shteteve të Bashkuara për to? Shtetet e Bashkuara e kanë mbështetur grupin hetimor të kryesuar nga ambasadori Williamson dhe do ta mbështesë atë edhe në të ardhmen. Ne mendojmë se është shumë e rëndësishme që Kosova të kalojë përmes këtij procesi, kjo është mënyra e vetme që të mbyllet ky kapitull në historinë e saj. Ne mbetëm të kënaqur që qeveria dhe parlamenti i Kosovës morën vendimet e duhura duke mbështetur krijimin e Gjykatës. Do të ishte e papërshtatshme për mua të komentoja lidhur me gjetjet e një hetimi që po vazhdon. Ajo që pritet të ndodhë tani është ngritja e Gjykatës dhe ngritja e mundshme e akuzave ndaj individëve të caktuar. Të pandehurit do të kenë mundësi, si në çdo sistem tjetër drejtësie të pranuar ndërkombëtarisht, që të njihen me akuzat, t’u përgjigjen atyre dhe të jenë pjesë e një procesi gjyqësor të besueshëm. Pa u provuar fajtorë nga gjykata ata janë të pafajshëm. Ne do të vazhdojmë të punojmë me autoritetet e Kosovës, me parlamentin e ri, për të marrë masat e duhura që të krijohet Gjykata. Ka kritikë që thonë se gjetjet e Prokurorit, të botuara në atë mënyrë, pa akuza me emër, kanë dëmtuar imazhin në përgjithësi të Kosovës. A qëndron ky konstatim? A jeni e shqetësuar për këtë? Mendoj se udhëheqësit politikë në Kosovë, përfshirë kryeministrin, reaguan në mënyrë të përgjegjshme për raportin. Kryeministri reagoi në të njejtën ditë, duke shprehur angazhimin për të mbështetur procesin dhe mendoj se kjo është një shenjë e maturisë politike dhe mbi këtë bazë ne do të vazhdojmë më tej. Gjatë ditëve të fundit në Kosovë janë arrestuar 40 individë nën akuzat për lidhje me grupin radikal islamik ISIS që lufton në Siri.dhe Irak. Sa shqetësuese është kjo? A kemi të bëjme me raste të izolura, apo ka një radikalizim më të madh në Kosovë? Do të dëshiroja të përgëzoja qeverinë e Kosovës, veçanërisht organet e rendit, për punën e shkëlqyer që kanë bërë, që çoi në këto arrestime dhe përgatitjen e terrenit ligjor për vazhdimin e procesit. Kjo tregon se organet e rendit në Kosovë po e trajtojnë me seriozitet kërcënimin. Luftëtarët e huaj, nuk janë një kërcënim i veçantë vetëm për Kosovën. Shumë vende në Evropë dhe Shtetet e Bashkuara janë të shqetësuara për rrezikun që përbëjnë ata. Është e rëndësishme për ne që të bashkëpunojmë për ta përballuar atë. Përsa i përket ekstremizmit islamik në Kosovë, unë takohem shpesh me qytetarë të ndryshëm që ngrejnë shqetësime për të. Unë do të thoja që kjo është një çështje më problematike tani, se sa para dy vjetësh, kur unë mbërrita në Kosovë. Është një çështje që kërkon një shumëllojshmëri masash; bashkëpunim rajonal, bashkëpunim të organeve të rendit, por po ashtu edhe zhvillim social ekonomik, që të rinjtë të kenë mundësira, që të mos tërhiqen nga ideologjia radikale. Cilat mendoni se janë arësyet e radikalizimit të tyre? Në qoftë se situata në Kosovë po përmirësohet, çfarë i motivon ata drejt radikalizmit? Është vështirë të thuash. Di që ka patur arrestime të disa imamëve që dyshohet se kanë rekrutuar njerëz për të marrë pjesë në këto luftra të huaja. Ky është një faktor, por nga ana tjetër, ka njerëz që rekrutohen edhe në vendet e zhvilluara. Duhet një përpjekje e përgjithshme e qeverisë, e shoqërisë për ta përballuar këtë fenomen. Ky nuk është Islami i Kosovës. Kosova ka një traditë tolerance fetare me të cilën mund të krenohet. Dhe këtë duan shumica e banorëve të saj. Duke punuar së bashku, kam besim se ata do të ndikojnë që të mos përhapet radikalizmi islamik. Siç përmendët ju, duhet një përpjekje e bashkërenduar nga të gjithë, por a po bëhet kjo në Kosovë? Në disa raste po, por mendoj se kjo është pa dyshim diçka me të cilën duhet të merren qeveria dhe parlamenti i ri, përfshirë kalimin e ligjit për pjesëmarrje në luftra të huaja, që u miratua vetëm në leximin e parë në parlament, por pa u miratuar përfundimisht. Ky është një ligj i rëndësishëm. Mendoj se në të ardhmen, veçanërisht me arrestimet e fundit, apo pamjet makabre që kemi parë nga ISIS, pamje barbare dhe çnjerëzore, në Kosovë është krijuar një hapësirë e re për një debat më të madh mbi këto çështje.",Ambasadorja amerikane në Kosovë përshëndet punën e autoriteteve në përgjigje të kërcënimit që paraqet radikalizmi islamik,"The U.S. Ambassador to Kosovo, Tracey Jacobson, who is here in Washington these days, says in an interview with VOA, that the political impasse in Kosovo should be resolved by the political forces themselves and not with the help of other states. Focusing on Islamic radicalism, the American ambassador says that the authorities are treating this threat seriously and she calls for comprehensive efforts by the government and society to deal with this phenomenon. Regarding the Special Court, Ms. Jacobson adds that she cannot comment on an ongoing investigation, but emphasizes that Kosovo must go through this process in order to close this chapter of its history. My colleague Arben Xhixho spoke with Ambassador Jacobson. Madam Ambassador, three months have passed since the end of the elections in Kosovo and the governing institutions have not yet been established. What is your opinion regarding this political impasse in which Kosovo's politicians find themselves today? It is important to remember that this is the first time that Kosovo is holding general elections, since phase a of supervised independence ended. The elections were free and fair, the North participated in them for the first time and it is understandable that when a country goes through a new process, it takes longer. I respect Kosovo's institutions, I am pleased to see politicians in Kosovo addressing institutions, as was the case with the Constitutional Court. Now that the Court has given its verdict, I hope that political leaders will act swiftly to create the parliament, so that it can then move on to the formation of the government. It is not up to us to say how the process should continue, or how the posts will be divided, but we have common strategic interests with Kosovo, for which the parliament and the government are needed. Some of them are the continuation of the dialogue with Serbia, the establishment of the Special Court, the creation of the armed forces, the law on those fighting in foreign countries and a long list of tasks for the new government and parliament. In the past, the international community has helped establish Kosovo's institutions. There are many who think that even this time you can play an important role. As you said, this was the first election after the end of the independence watch, but not the first time that Kosovo has held free and fair elections. Do you think that you and your colleagues in Pristina will play any role in the formation of institutions? Are you willing to help by facilitating the process? I don't think it is the role of foreign embassies to facilitate what is an internal political process and that requires an internal political solution. What we do as the U.S. Embassy, or other embassies, is to urge Kosovo to adhere to the process under the country's laws and constitution to reach a democratic solution. It is important for Kosovo to do this without outside interference and this would be a signal that Kosovo is in fact an independent country, with a functioning democracy. What we have seen so far, with the referral of the situation to the Constitutional Court and the holding of free elections, I am confident that political leaders will be able to provide a solution to the situation. We will support them, we can advise them as friends but at the end of the day, this is their job as elected leaders. Do you think that new elections can serve as a solution, or are they not advisable? It's not up to me to say it. It is up to Kosovo's political leaders to decide. I hope to have a new parliament and government in the near future, due to the long list of issues I mentioned above. If it comes to new elections, the United States will be prepared to support the process, as it has done in the past, but I cannot rule out the possibility that in the coming days we will have a new parliament and government. As the new parliament is expected to complete work on the creation of the Special Court, Special Prosecutor Clint Williamson made public some general results from the investigations. What is your opinion, what is the position of the United States on them? The United States has supported the investigative group headed by Ambassador Williamson and will continue to support it in the future. We think it is very important for Kosovo to go through this process, this is the only way to close this chapter in its history. We were pleased that Kosovo's government and parliament made the right decisions supporting the establishment of the Court. It would be inappropriate for me to comment on the findings of an ongoing investigation. What is expected to happen now is the establishment of the Court and the possible prosecution of certain individuals. Defendants will have the opportunity, as in any other internationally recognized justice system, to be familiar with the charges, to answer them and to be part of a credible judicial process. Without being proven guilty by the court, they are innocent. We will continue to work with the Kosovo authorities, with the new parliament, to take the appropriate measures to establish the Court. There are critics who say that the Prosecutor's findings, published in that way, without name charges, have damaged Kosovo's image in general. Does this conclusion stand? Are you worried about this? I think political leaders in Kosovo, including the prime minister, reacted responsibly to the report. The Prime Minister reacted on the same day, expressing his commitment to support the process and I think that this is a sign of political prudence and on this basis we will continue further. Over the past few days, 40 individuals have been arrested in Kosovo on charges of links to the radical Islamic group ISIS fighting in Syria and Iraq. How worrying is that? Are we dealing with isolated cases, or is there greater radicalization in Kosovo? I would like to congratulate the Government of Kosovo, especially the law enforcement agencies, for the excellent work that they have done, which led to these arrests and the preparation of the legal ground for the continuation of the process. This shows that law enforcement agencies in Kosovo are taking the threat seriously. Foreign fighters are not a particular threat only to Kosovo. Many countries in Europe and the United States are concerned about the danger they pose. It is important for us to work together to deal with it. Regarding Islamic extremism in Kosovo, I often meet with different citizens who raise concerns about it. I would say that this is a more problematic issue now than it was two years ago, when I arrived in Kosovo. It is an issue that requires a variety of measures; regional cooperation, law enforcement cooperation, but also socio-economic development, so that young people have opportunities not to be attracted to radical ideology. What do you think are the reasons for their radicalization? If the situation in Kosovo is improving, what motivates them towards radicalism? It's hard to say. I know that there have been arrests of some imams who are suspected of recruiting people to participate in these foreign wars. This is a factor, but on the other hand, there are people who are also recruited in developed countries. A general effort by the government and society is needed to cope with this phenomenon. This is not the Islam of Kosovo. Kosovo has a tradition of religious tolerance that it can be proud of. And that's what most of its residents want. Working together, I am confident that they will influence the spread of Islamic radicalism. As you mentioned, a coordinated effort is needed by everyone, but is this being done in Kosovo? In some cases, yes, but I think this is definitely something that the new government and parliament need to deal with, including the passage of the law on participation in foreign wars, which was only passed at first reading in parliament, but without being finally adopted. This is an important law. I think that in the future, especially with the recent arrests, or the macabre images that we have seen from ISIS, barbaric and inhumane images, a new space has been created in Kosovo for a greater debate on these issues.",U.S. Ambassador to Kosovo welcomes the work of the authorities in response to the threat posed by Islamic radicalism,What steps does the U.S. Ambassador to Kosovo suggest Kosovo should take to address the political impasse and other challenges mentioned in the interview?,"The U.S. Ambassador to Kosovo, Tracey Jacobson, who is here in Washington these days, says in an interview with VOA, that the political impasse in Kosovo should be resolved by the political forces themselves and not with the help of other states. Focusing on Islamic radicalism, the American ambassador says that the authorities are treating this threat seriously and she calls for comprehensive efforts by the government and society to deal with this phenomenon. Regarding the Special Court, Ms. Jacobson adds that she cannot comment on an ongoing investigation, but emphasizes that Kosovo must go through this process in order to close this chapter of its history.",0.6976205706596375,"
The human rights situation in Kosovo continues to be a matter of concern, particularly regarding the protection of vulnerable groups and the fight against discrimination. Despite progress in some areas, challenges remain, especially in ensuring equal access to justice and public services for all citizens.

The political developments in the region have also raised questions about the stability and unity of the country. The recent changes in leadership have sparked debates on the direction of Kosovo's policies and its relations with neighboring countries.

Security issues, including organized crime and extremism, remain pressing concerns. Efforts to combat these threats require a coordinated approach by all stakeholders, both locally and internationally.

The socio-economic situation remains challenging, with high unemployment rates, particularly among the youth, and disparities in wealth distribution. Addressing these issues is crucial for ensuring long-term stability and prosperity.

In conclusion, while there have been some positive developments, Kosovo faces significant challenges that require sustained attention and collective action to ensure a fair and inclusive society for all its citizens.","
""Addressing Extremism and Legal Responses in Kosovo.""","
The text discusses concerns about human rights in Kosova and highlights the importance of cooperation between the EU, NATO, and Kosova authorities. It also addresses the growing issue of Islamic extremism in the region and emphasizes the need for a comprehensive approach involving state institutions, civil society, and international partners to combat this threat. The recent arrests of individuals linked to extremist groups and the barbaric acts committed by ISIS serve as a reminder of the urgent need for stronger measures to prevent radicalization and ensure security in Kosova."
"Autoritetet janë ende duke punuar për të përcaktuar identitetin e atyre që sulmuan Kapitolin më 6 janar, shumë prej të cilëve me sa duket ishin të motivuar nga teoritë e rreme të konspiracionit se ish Presidenti Donald Trump fitoi zgjedhjet e vitit 2020 por se iu mohua fitorja për shkak të manipulimeve të gjera në zgjedhje. Teoritë e konspiracionit shpesh mbështeten në analizimin e prerë të gjërave në të drejta dhe të gabuara, dhe kjo mund t'i shtyjë njerëzit të bëjnë veprime që mund të mos i kishin menduar kurrë më parë, thotë Peter Ditto, një profesor i shkencave psikologjike në Universitetin Irvine të Kalifornisë. ""Moralizimi i çështjeve i mobilizon njerëzit të veprojnë"", thotë ai. ""Nëse do të besoja se zgjedhjet amerikane ishin vjedhur nga fituesi legjitim, me siguri që do të sulmoja edhe Kapitolin. Është një veprim i llogjikshëm nëse kjo do të kishte ndodhur vërtet. Problemi është, se nuk ndodhi”. Sipas një studimi të Universitetit Emory botuar në revistën Journal of Personality, njerëzit që kanë më shumë gjasa të përqafojnë teoritë e konspiracionit janë më pak kërkues dhe shpesh shfaqin prirje narcisiste, të tilla si një ndjenjë e tepruar e vetë-rëndësisë, nevoja për vëmendje dhe admirim, marrëdhënie problematike, mungesë ndjeshmërie për të tjerët dhe që kanë një vetëvlerësim të brishtë. Nika Kabiri, eksperte në procesin e vendimmarrjes njerëzore pranë Universitetit të Uashingtonit në Siatëll, thotë se të gjithë tërhiqen potencialisht nga teoritë e komplotit, edhe pse disa shumë më tepër se të tjerët. “Ne të gjithëve na tërheqin potencialisht ato teori sepse të gjithë e urrejmë pasigurinë. Të gjithëve nuk na pëlqen ideja për të mos ditur pse ndodhin gjërat. Na bën të ndihemi sikur nuk kemi kontroll në botë. Ne duam shpjegim”, thotë ajo. ""Është një tendencë e natyrshme që truri i njeriut të kërkojë shpjegime"". Një teori konspirative është të fajësosh ose të shpjegosh një ngjarje të rëndësishme ose një grup rrethanash si një komplot sekret që zakonisht mendon se është organizuar nga njerëz të fuqishëm. Të menduarit në mënyrë konspirative gjithashtu mund të përqafojë idenë se nga publiku po mbahet një sekret i madh. Kur një personalitet i shquar, qoftë një regjisor filmi apo një president, përhap një teori konspirative, thotë ekspertja Kabiri, teoria e konspiracionit merr më shumë vëmendje. ""Njerëzit i përkrahin këto besime sepse ata janë tashmë të pakënaqur"", thotë ajo. “Ka diçka që duan, ndoshta, të shpjegojnë diçka që nuk u mbush mendjen dhe teoria u jep atyre një përgjigje për atë që e kanë parë si diçka të pabesueshme"". Kohët e pasigurive, si pandemia, mund të ndihmojnë në nxitjen e përhapjes së teorive të konspiracionit. ""Në veçanti njerëzit janë më të prirur ndaj mendimit konspirativ, janë të ndjeshëm ndaj këtyre teorive kur ndihen të kërcënuar dhe të shqetësuar, siç janë shumë njerëz tani,"" thotë zoti Ditto. “Kur bota duket konfuze dhe e pakuptueshme, si tani. Kur njerëzit janë të vetmuar dhe kërkojnë lidhje me të tjerët”. Sipas ekspertit Ditto njerëzit shpesh përqafojnë teori konsiprative sepse nuk mund të pranojnë shpjegime të thjeshta për ngjarje tronditëse që u ndryshojnë jetën. Një teori konspirative në lidhje me sulmet terroriste e 11 shtatorit thotë se kullat binjake në Nju Jork ranë nga një shembje e kontrolluar dhe jo se avionët u përplasën në to. Spekulimet e pavërtetuara në lidhje me pandeminë COVID-19 thonë se virusi doli nga një laborator kinez dhe ishte ndoshta një armë e sajuar biologjike. Shumë amerikanë e kanë të vështirë të besojnë se Presidenti John F. Kennedy, një figurë e rëndësishme politike, u vra nga një njeri i vetëm i armatosur, një djalë i thjeshtë, prandaj përqafojnë idenë e paprovuar se duhet të ketë pasur një komplot më të madh për të vrarë presidentin. Studiuesit e universitetit Emory zbuluan se njerëzit që kanë më shumë të ngjarë të përqafojnë teoritë konspirative janë shpesh më pak të pëlqyeshëm dhe më pak të ndërgjegjshëm, ndërsa shoqërohen nga ndjenja e së drejtës së patjetërsueshme, madhështia, depresioni dhe ankthi. ""Nëse jeni në një komunitet të ngushtë, qoftë në mediat sociale ose në jetën reale, me njerëz që i përmbahen të njëjtit besim, ekziston një përkushtim ndaj këtij besimi që është edhe më intensiv sesa nëse e ke menduar vetëm"", thotë Kabiri. Ditto thotë se një milion vjet evolucion i shtyn njerëzit të futen në grupe me njerëz që ndajnë të njëjtin mendim. “Ne jemi shumë fisnorë. Ne jemi vërtet të lidhur me njerëzit që janë si ne. Është shumë e pazakontë të kesh një vend ku supozohet të miqësohesh, të lidhesh dhe të bashkëpunosh me njerëz që nuk duken si ty dhe nuk kanë të njëjtat vlera”, thotë Ditto. “Eksperimenti Amerikan, në thelb, është një përpjekje për të punuar kundër të gjitha forcave të evolucionit dhe për t’i shtyrë njerëzit në këtë rrugë pozitive ku ata të bashkëpunojnë. Është shumë më e lehtë t’i ndash njerëzit"".","Sipas një studimi të Universitetit Emory botuar në revistën Journal of Personality, njerëzit që kanë më shumë gjasa të përqafojnë teoritë e konspiracionit janë më pak kërkues dhe shpesh shfaqin prirje narcisiste","Authorities are still working to determine the identity of those who attacked the Capitol on January 6, many of whom were apparently motivated by false conspiracy theories that former President Donald Trump won the 2020 election but was denied victory due to widespread election manipulation. Conspiracy theories often rely on the blunt analysis of things right and wrong, and this can lead people to take actions they may never have thought of before, says Peter Ditto, a professor of psychological sciences at the University of California, Irvine. ""Moralizing issues mobilizes people to act,"" he says. ""If I believed that the American election was stolen by the legitimate winner, I would surely attack the Capitol as well. It is a logical action if this would have really happened. The problem is, it didn't happen."" According to an Emory University study published in the Journal of Personality, people who are more likely to embrace conspiracy theories are less demanding and often exhibit narcissistic tendencies, such as an excessive sense of self-importance, a need for attention and admiration, problematic relationships, a lack of empathy for others, and having a fragile self-esteem. Nika Kabiri, an expert in the human decision-making process at the University of Washington in Seattle, says that everyone is potentially attracted to conspiracy theories, although some much more than others. ""We are all potentially attracted to those theories because we all hate uncertainty. We all don't like the idea of not knowing why things happen. It makes us feel like we have no control over the world. We want an explanation,"" she says. ""It's a natural tendency for the human brain to look for explanations."" A conspiracy theory is to blame or explain an important event or a set of circumstances as a secret conspiracy that you usually think was organized by powerful people. Thinking conspiratorially can also embrace the idea that a big secret is being kept by the public. When a prominent personality, whether a film director or a president, spreads a conspiracy theory, says expert Kabiri, the conspiracy theory gets more attention. ""People support these beliefs because they are already unhappy,"" she says. ""There's something they want, perhaps, to explain something that doesn't fill their minds, and the theory gives them an answer to what they've seen as something unbelievable."" Times of uncertainty, like the pandemic, can help fuel the spread of conspiracy theories. ""People in particular are more prone to conspiracy thinking, they are sensitive to these theories when they feel threatened and worried, as many people are now,"" says Mr. Ditto. ""When the world seems confusing and incomprehensible, like now. When people are lonely and looking for connections with others."" According to expert Ditto, people often embrace conceptual theories because they cannot accept simple explanations for shocking events that change their lives. A conspiracy theory about the September 11 terrorist attacks says that the twin towers in New York City fell from a controlled collapse rather than that planes crashed into them. Unsubstantiated speculation about the COVID-19 pandemic says that the virus came out of a Chinese lab and was probably a fabricated biological weapon. Many Americans find it hard to believe that President John F. Kennedy, an important political figure, was assassinated by a single gunman, an ordinary guy, so they embrace the unproven idea that there must have been a larger plot to assassinate the president. Emory University researchers found that people who are more likely to embrace conspiracy theories are often less likable and less conscious, while being accompanied by feelings of inalienable entitlement, grandeur, depression, and anxiety. ""If you're in a close-knit community, whether it's on social media or in real life, with people who adhere to the same faith, there's a commitment to that belief that's even more intense than if you thought about it alone,"" Kabiri says. Ditto says that a million years of evolution pushes people to get into groups with like-minded people. ""We are very tribal. We are really connected to people who are just like us. It's very unusual to have a place where you're supposed to befriend, connect and collaborate with people who don't look like you and don't have the same values,"" says Ditto. ""The American experiment, in essence, is an attempt to work against all the forces of evolution and push people on this positive path where they collaborate. It's much easier to separate people.""","According to an Emory University study published in the Journal of Personality, people who are more likely to embrace conspiracy theories are less demanding and often exhibit narcissistic tendencies","How do psychological factors and social dynamics contribute to the spread and acceptance of conspiracy theories, especially during times of uncertainty?","Times of uncertainty, like the pandemic, can help fuel the spread of conspiracy theories. ""People in particular are more prone to conspiracy thinking, they are sensitive to these theories when they feel threatened and worried, as many people are now,"" says Mr. Ditto. ""When the world seems confusing and incomprehensible, like now.",0.6275410652160645,"
People often believe in conspiracy theories because they struggle to accept simple explanations for significant events that have changed their lives. For example, some people believe that the 9/11 attacks were orchestrated by a controlled demolition of the World Trade Center towers rather than planes crashing into them. Unsubstantiated speculations about the COVID-19 pandemic suggest that the virus originated from a Chinese lab and could be a biological weapon. Many Americans find it difficult to accept that President John F. Kennedy, a significant political figure, was assassinated by a lone gunman, so they believe in the unproven idea that there must have been a larger conspiracy to kill the president.

Researchers at Emory University found that people who are more prone to believing in conspiracy theories often exhibit certain personality traits. They tend to be less agreeable and less open to experience, while also being associated with feelings of mistrust, grandiosity, anxiety, and depression. ""If you're part of a like-minded group, whether online or in real life, there's a stronger reinforcement of that belief than if you just thought about it on your own,"" said Kabiri.

Ditto noted that evolutionary history has driven humans to form groups with people who share the same beliefs. ""We are very social animals. We are strongly inclined to connect with others who are like us and share our values. It's much harder to work against this evolutionary tendency and bring people together in a positive way, as seen in the American experiment,"" said Ditto.","
""Belief in Conspiracy Theories Often Persists Despite Evidence.""","
Belief in conspiracy theories is widespread despite overwhelming evidence to the contrary. People often gravitate toward these ideas because they provide simple explanations for complex events or reinforce existing beliefs within communities. Specific examples include claims about 9/11, COVID-19 origins, and the assassination of John F. Kennedy, all of which reflect deep-seated mistrust in authority and a desire for hidden truths."
"NëShqipëri vazhdon të mbetet ende mister mbi vrasjen e deputetit të Partisë Socialiste Fatmir Xhindi mbrëmjen e së shtunës. Grupi hetimor idrejtuar nga proklurorët e krimeve të rënda nuk ka dhën asnjë hollësias mbi autorin e mundshëm dhe as mbi motivet, ndërkohë që në shtyp janëhedhur hipoteza të ndryshme Kur nuk janë mbushur ende 48 orë nga vrasja e deputeti Xhindi gjithshka duket se është e veshur në mister. Të paktën zyrtarisht askushnuk ka dhënë deri më tani ndonjë informacion më shumë sec u njoftuanatën e së shtunës. 250 mijë euro u ofruan për këdo që jep të dhëna qëdo të ndriconin ngjarjen, ndërsa duket se edhe personat e shumtë tëcilët u morën në pyetje nuk kanë dhënë elementë të mjaftueshëm apo tëasaj peshe që do të ndihmonin që hetimi të merrte një pistë të qartë.Në shtyp janë hedhur disa hipoteza që nga ato mbi mosmarrëveshje tëvjetra për çështje pronësie apo përplasje personale që deputeti mund tëketë patur. Megjithatë asnjë nuk ka gjetur një konfirmim zyrtar. Çështjapo hetohet nga prokurorët e krimeve të rënda të cilët shkuan nëvendngjarje menjëherë pas vrasjes që ditën e shtunë. Të gjithë duken tërezervuar në ngritjen e dyshimeve, që në një rast si ky, kur vrasësiështë zhdukur pa lënë gjurmë, mund të jenë të cfarëdollojshme.Prokuroria shqiptare gjendet kështu përpara një tjetër rasti ku prejsaj pritet shumë. Klasapolitike nuk kurseu përkufizimet e ashpra për të dënuar ngjarjen ndërsaautoritetet kanë premtuar angazhimin me të gjitha mjetet për të bërë tëmundur zbardhjen e ngjarjes. ""Një hetim shumë i kujdesshëm dhe vëniapërpara drejtësisë e autorit të krimit"" u kërkua dje edhe ngakomisioneri për Zgjerimin Olli Rehn. DeputetiXhindi sa kishte hyrë në oborrin e shtëpisë dhe zbriti nga makina kur uqëllua nga një breshëri automatiku. Përpjekjet e familjarëve të tij përta dërguar me urgjencë në spital nuk mundën ta mbanin në jetë 49vjecarin i cili kishte marrë plagë në pjesë të ndryshme të trupit. Njënumër i madh personash, politikanë të të gjithë krahëve dhe banorë tëzonës morrën pjesë dje në përcjelljen e deputetit socialist në banesëne fundit.",Grupi hetimor i drejtuar nga prokurorët e krimeve të rënda nuk ka dhënë asnjë hollësi as mbi autorin e mundshëm dhe as mbi motivet,"In Albania, there is still a mystery about the murder of Socialist Party MP Fatmir Xhindi on Saturday evening. The investigative group led by the prosecutors of serious crimes has not given any details on the possible perpetrator nor on the motives, while various hypotheses have been thrown in the press When 48 hours have not yet been completed since the murder of MP Xhindi, everything seems to be shrouded in mystery. At least officially, no one has provided any more information so far than it was announced on Saturday night. 250 thousand euros were offered to anyone who provides data that would shed light on the event, while it seems that even the many people who were interrogated did not provide enough elements or of that weight that would help the investigation to take a clear lead. Some hypotheses have been thrown in the press, from those on old disputes over property issues or personal clashes that the MP may have had. However, none have found an official confirmation. The case is being investigated by serious crimes prosecutors who went to the scene immediately after the murder on Saturday. Everyone seems reserved in raising suspicions, which in a case like this, when the killer has disappeared without a trace, can be anything. The Albanian prosecution is thus facing another case where much is expected of it. Class-politics did not spare harsh definitions to condemn the event, while the authorities have promised to engage with all means to make it possible to clarify the event. ""A very careful investigation and bringing the perpetrator to justice"" was also demanded yesterday by Enlargement Commissioner Olli Rehn. MP Xhindi had just entered the backyard and got out of the car when he was fired by a volley of automatic weapons. The efforts of his family members, who were rushed to the hospital, could not keep the 49-year-old alive, who had received wounds in various parts of his body. A large number of people, politicians of all stripes and residents of the area participated yesterday in escorting the socialist deputy to the last apartment.",The investigative group led by serious crimes prosecutors has not provided any details either on the possible perpetrator or on the motives,What are the possible motives or hypotheses being considered in the investigation of Fatmir Xhindi's murder?,"The investigative group led by the prosecutors of serious crimes has not given any details on the possible perpetrator nor on the motives, while various hypotheses have been thrown in the press When 48 hours have not yet been completed since the murder of MP Xhindi, everything seems to be shrouded in mystery. At least officially, no one has provided any more information so far than it was announced on Saturday night. 250 thousand euros were offered to anyone who provides data that would shed light on the event, while it seems that even the many people who were interrogated did not provide enough elements or of that weight that would help the investigation to take a clear lead. Some hypotheses have been thrown in the press, from those on old disputes over property issues or personal clashes that the MP may have had.",0.6606056690216064,"
In Albania, the mystery surrounding the murder of Socialist Party deputy Fatmir Xhindi continues to unfold without any clear leads on the perpetrator or motive. While several hypotheses have been floated in the press, including allegations of a personal conflict over financial matters, nothing has been confirmed so far. 

Despite the passage of nearly 48 hours since the incident, the case remains shrouded in mystery. No official information has been released yet, and even though a reward of 250,000 euros has been offered for any information that could lead to solving the crime, no credible evidence or clues have emerged from those questioned so far.

Among the hypotheses discussed in the media are suggestions of unresolved financial disputes or personal conflicts that Deputy Xhindi might have had. However, none of these allegations have been substantiated with concrete evidence. The investigation is being conducted by Albania's High Criminal Court prosecutors, who immediately began their inquiries following the murder on Sunday. All parties involved appear to be exercising caution in making public statements, as this type of case, where the suspect has vanished without a trace, could lead to various unpredictable outcomes.

The Albanian Prosecutor's Office finds itself facing another high-profile case that demands immediate attention. While political groups have refrained from speculating openly about the crime, authorities have emphasized their commitment to working with all media outlets to bring this case to light. ""A very serious murder and a direct challenge to the authority of the state,"" said Commissioner Olli Rehn.

Deputy Xhindi had entered the building of the Albanian Parliament and exited in his car when an automatic gate struck him, causing fatal injuries. His family members rushed him to the hospital with urgent requests for help, but they were unable to save his life. Fatmir Xhindi was 49 years old and suffered injuries across various parts of his body.

Numerous individuals, including politicians from all sides and parliamentary staff, were present in the building at the time of Deputy Xhindi's murder.","
""The Unsolved Mystery of Fatmir Xhindi's Death in Albania""","
The investigation into Fatmir Xhindi's murder is considering various hypotheses, including possible political disagreements or personal conflicts that the deputy may have had. However, no concrete evidence has been found to confirm these theories. The case remains unresolved despite efforts by authorities and a reward offered for information leading to an arrest."
"Në Shqipëri, megjithë pengesat e pandemisë, 60 studentë të gazetarisë në Universitetet e Shkodrës dhe Elbasanit prodhuan disa filma me mesazhe për drejtësinë sociale në komunitete të ndryshme. Ata u trajnuan nga kompania Rana Labs, me mbështetjen e USAID dhe ambasadës britanike. Në filmat e tyre ata hedhin dritë mbi padrejtësitë sociale, me të cilat përballen qytetarët shqiptarë, duke bërë thirrje për një shoqëri të drejtë. Miles Sedgwick është instruktor në kompaninë e produksionit Rana Labs dhe aktualisht banon në Uganda. Kompania e tij trajnon studentë kudo në botë si të prodhojnë filma të shkurtër ose dokumentarë. Të njëjtën gjë bëri edhe në Shqipëri, për të cilën thotë se më parë nuk kishte dëgjuar shumë. - thotë Miles. Ai foli me Zërin e Amerikës me Skype nga Uganda, ku aktualisht punon. thotë Miles.”. Një prej filmave u krijua nga 6 studentë mbi vështirësitë e komunitetit rom gjatë pandemisë. Por studentët patën edhe shumë ide të reja. - thotë Miles. Të tjerë dokumentarë të studentëve janë mbi paragjykimin e nënave të vetme, që u duhet të rrisin vetë fëmijën. Po ashtu vdekjet nga aksidentet rrugore, papunësia dhe emigrimi, përballimi i sëmundjeve kronike, zhdukja e profesioneve të vjetra, apo ruajtja e traditës përballë teknologjive moderne. Të gjithë këta filma të realizuar për 10 muaj nga studentë të gazetarisë në universitetet e Shkodrës dhe Elbasanit, janë përfshirë në projektin “Përtej Gardheve2’- si pjesë e projektit të USAID “Drejtësi për të Gjithë” në Shqipëri, dhe mbështetur nga ambasada britanike në Tiranë. thotë Ada Heqimi, koordinatore e mediave në projektin “Justice for All - USAID”. - thotë Miles. Largimi i të rinjve nga Shqipëria është ndër problemet e mëdha që I dhemb shoqërisë shqiptare. thotë Miles. - thotë Emiljano Kaziaj, drejtuesi i ekipit të medias në “Justice for All - USAID”. Midis dokumentarëve të studentëve është e vështirë të zgjedhësh, ato kanë nisur të mbledhin votat e para. Njerëzit mund t’i shohin në internet dhe madje mund të votojnë për secilin prej tyre, në ranalabs.com/festival. Nga mesi i janarit do të organizohet një festival filmi online, ku do të shpallen rezultatet.","""60 studentë nga Shkodra dhe Elbasani prodhuan filma dokumentarë për problemet e shoqërisë shqiptare, ku tregojnë se çfarë është drejtësia sociale për ta"".","In Albania, despite the obstacles of the pandemic, 60 journalism students at the Universities of Shkodra and Elbasan produced several films with messages about social justice in different communities. They were trained by the company Rana Labs, with the support of USAID and the British Embassy. In their films, they shed light on the social injustices faced by Albanian citizens, calling for a just society. Miles Sedgwick is an instructor at the production company Rana Labs and currently resides in Uganda. His company trains students anywhere in the world on how to produce short films or documentaries. He did the same in Albania, which he says he had not heard much about before. - says Miles. He spoke to VOA via Skype from Uganda, where he currently works. says Miles."". One of the films was created by 6 students about the difficulties of the Roma community during the pandemic. But the students also had a lot of new ideas. - says Miles. Other student documentaries are about the prejudice of single mothers, who have to raise their own children. As well as deaths from road accidents, unemployment and emigration, coping with chronic diseases, the disappearance of old professions, or preserving tradition in the face of modern technologies. All these films, made for 10 months by journalism students at the universities of Shkodra and Elbasan, are included in the project ""Beyond the Fences2"" - as part of the USAID project ""Justice for All"" in Albania, and supported by the British Embassy in Tirana. says Ada Heqimi, media coordinator at the ""Justice for All - USAID"" project. - says Miles. The departure of young people from Albania is among the big problems that hurt Albanian society. says Miles. - says Emiljano Kaziaj, the head of the media team at ""Justice for All - USAID"". It is difficult to choose between student documentaries, they have started to collect the first votes. People can see them online and can even vote for each of them, in ranalabs.com/festival. From mid-January, an online film festival will be organized, where the results will be announced.","""60 students from Shkodra and Elbasan produced documentary films about the problems of Albanian society, where they show what social justice is for them.""",What social issues were highlighted in the student documentaries produced as part of the 'Beyond the Fences2' project in Albania?,"In Albania, despite the obstacles of the pandemic, 60 journalism students at the Universities of Shkodra and Elbasan produced several films with messages about social justice in different communities. They were trained by the company Rana Labs, with the support of USAID and the British Embassy. In their films, they shed light on the social injustices faced by Albanian citizens, calling for a just society.",0.6078287959098816,"
In Albania, despite the challenges posed by the pandemic, 60 journalism students from the universities of Shkodër and Elbasan produced several films conveying messages about social justice in various communities. They were trained by Rana Labs, with support from USAID and the British Embassy. Their films shed light on social inequalities faced by Albanians, calling for a fairer society. Miles Sedgwick, an instructor at production company Rana Labs based in Uganda, noted that this was his first significant involvement in Albania.

One of the films was created by six students focusing on the hardships faced by the Roma community during the pandemic. The students also explored new ideas. Other documentaries address issues such as single mothers raising children alone, deaths from road accidents, poverty, emigration, chronic diseases, job losses, and preserving traditional practices against modern technology.

These films, produced over ten months by journalism students at Shkodër and Elbasan universities, are part of the ""Beyond Barriers2"" project under USAID's ""Justice for All"" initiative in Albania, supported by the British Embassy in Tirana. Ada Heqimi, media coordinator for the ""Justice for All - USAID"" project, highlighted this collaboration.

Emiljano Kaziaj, head of the media team for ""Justice for All - USAID,"" emphasized that youth emigration is a major issue impacting Albanian society. Among the student documentaries, one has already garnered initial votes. The films can be viewed online at ranalabs.com/festival, where viewers can vote for their favorites. An online film festival in January will announce the results.","
""Lights on Injustice: Young Albanian Filmmakers Produce Powerful Documentaries Highlighting Social Justice Issues in a USAID-Supported Initiative""","
The student documentaries from Albania’s 'Beyond the Fences2' project highlighted social issues such as poverty, gender-based violence, and road accidents. They also addressed emigration, chronic diseases, and job losses for older people. Additionally, the films explored the preservation of traditions amidst modern technology challenges."
"Në Tiranë, Kryeministri shqiptar Edi Rama, Presidenti serb Aleksandër Vuçiç dhe kryeministri maqedon Zoran Zaev zhvilluan sot Takimin e radhës të Nismës “Ballkani i Hapur”. Ata i bënë thirrje 3 vendeve të tjera të Ballkanit Perëndimor, Kosovën, Malin e Zi dhe Bosnje-Hercegovinën, që t’i bashkohen kësaj nisme. Gjatë Takimit u nënshkruan 5 marrëveshje mbi lëvizjen e lirë të punëtorëve, mbi identifikimin e udhëtarëve në kufi në sisteme të integruara, dhe mbi sigurinë ushqimore. Komisioneri i BE-së për zgjerimin, Oliver Varhejli, i nxiti këto tre vende që ta vazhdojnë këtë nismë. Një natë më parë përkrahës të ish kryetarit demokrat, Sali Berisha, zhvilluan një tubim proteste kundër nismës “Ballkani i Hapur” para selisë së qeverisë, duke e cilësuar atë si një nismë në dëm të Shqipërisë dhe Kosovës dhe i shërben vetëm mbizotërimit serb në rajon. Në Takimin e radhës të Nismës “Ballkani i Hapur” mori pjesë me një fjalë online edhe komisioneri Bashkimit Europian për zgjerimin, Oliver Varhejli, i cili vlerësoi këtë bashkëpunim të tre politikanëve Rama, Vuçiç dhe Zaev dhe ftoi vendet e tjera të rajonit të përfshihen në nismën e tyre. Komisioneri Varhejli theksoi se me nismën e tyre e kanë kuptuar rëndësinë e integrimit rajonal dhe kjo nismë mund të përshpejtojë integrimin ekonomik të rajonit me BE. Komisioneri Varhejli tha se kjo nismë është një tregon se rajoni është gati për integrimin dhe po e bën këtë. “Mund të më përfshini si mbështetës për Ballkanin e Hapur. Ne mendojmë se çdo bashkëpunim rajonal është i mirëpritur në të mirë të Ballkanit dhe të BE-së. Ftoj edhe 3 partnerët e tjerë të bashkohen në këtë nismë, e cila shton punësimin, ekonominë dhe mirëqenien dhe mund të ndryshojë realitetet në terren” - tha zoti Varhejli. Komisioneri Varhejli tha se vërtet nuk janë zhvilluar ende konferencat e para ndërqeveritare mes BE-së dhe Shqipërisë e Maqedonisë së Veriut, por ka ardhur koha që kjo të ndodhë dhe të sjellim në tryezë gjithë marrëveshjet. Ai shtoi se vetëm nga ky bashkëpunim dhe përmes bërjes konkrete të tregut të përbashkët rajonal mund të rritet me 1/3 Prodhimi i Brendshëm Bruto për secilin vend. Zoti Varhejli tha se janë mjaft të dobishme lehtësirat kufitare, njohjet e diplomave dhe dokumente të tjerë. “Nuk ka kuptim që të lidheni me rrugë e trena dhe të ndaloni gjatë në çdo kufi. Ju nxis të vazhdoni dhe shpresoj që edhe të tre partnerët e tjerë t’iu bashkohen” - theksoi komisioneri Varhejli. Në hapje të takimit kryeministri Edi Rama përsëriti thirrjen për tre vendet e tjera në këtë “nismë tërësisht përfshirëse”, sepse injekton dinamizëm në bashkëpunim rajonal. “Ballkani i Hapur është një aspiratë më shumë se sa një nismë. Çdo marrëveshje këtu i afron vendet tona me BE, ndaj vendet e tjera të Ballkanit perëndimor duhet të na bashkohen” - tha zoti Rama. Ai tha se marrëveshjet e sotme për lehtësimin e eksporteve, kafshëve të gjalla, shkëmbimin e lirë të punëtorëve dhe mallrave janë një tjetër hap do të garantojnë 4 liritë europiane. Gjatë konferencës për shtypin zoti Rama tha se marrëveshjet e sotme për sistemin e integruar elektronik të të shërbimeve, shkëmbimin e lirë të punëtorëve dhe mallrave, lehtësimin e eksport importeve për kafshët e gjalla, janë hapa të tjerë që garantojnë 4 liritë europiane dhe do të zbatohen sapo të hyjë viti ri. “Ballkani i Hapur është një njësi zbatuese e ideve dhe Procesit të Berlinit dhe e tregut të përbashkët rajonal, ndaj e përsërs thirrjen për tre vendet e tjera të Ballkanit perëndimor të bashkohen në këtë nismë” - tha zoti Rama. Presidenti Aleksandër Vuçiç tha se marrëveshjet e nënshkruara sot janë fryt i një pune të gjerë prej dy vjet e gjysmë. “Qëllimi i përbashkët është që qytetarët e këtij rajoni të jetojnë më mirë në bashkëpunim me njëri tjetrin dhe në këtë bashkëpunim janë të mirëpritur të gjithë” - tha ai. Zoti Vuçiç tha se kjo nismë është shumë më e madhe se tre politikanë së bashku. “Kjo është një nismë, që do të përgatitë të ardhmen e fëmijëve tanë, të lidhim qytetarët tanë me njëri tjetrin, ata që deri dje kanë menduar më shumë për të shkuarën se sa për të ardhmen”. Edhe ai theksoi se ky është një proces gjithëpërfshirës dhe vendet e tjera janë të mirëpritura. “Nëse duan, ata janë të mirëpritur, por nuk kemi pse t’u kërkojmë ndjesë atyre pse ata nuk duan. Ata duhet t’u shpjegojnë qytetarëve të tyre pse nuk janë këtu. Kur të shohin përfitimet ata do të vijnë” - tha zoti Vuçiç. Kryeministri Zoran Zaev tha se së bashku janë hedhur hapa të dukshëm, dhe se nisma është e hapur për të gjithë vendet në rajon. “Duhet të tregojmë se ne në Ballkanin perëndimor dimë të punojmë së bashku dhe dimë të arrijmë suksese së bashku - tha ai. Kosova refuzon të bëhet pjesë e Nismës “Ballkani i Hapur” meqë, siç thuhet, nuk mund të pajtohet të bëhet pjesë e nismave që mund të duken si zëvendësim i proceseve integruese evropiane. Udhëheqësit e Kosovës thanë se nuk mund të bëhen pjesë e nismave që në themel nuk e kanë parimin e barazisë, meqë Serbia refuzon të njohë pavarësinë e Kosovës. Kryeministri i Kosovës Albin Kurti në disa raste ka theksuar se nisma më shumë i ngjan një Ballkani që është i hapur ndaj ndikimeve nga Lindja, veçmas nga Rusia dhe Kina dhe nuk është në pajtim me vlerat perëndimore të demokracisë dhe sundimit të ligjit. Një natë më parë ish kryetari demokrat Sali Berisha dhe mbështetës të tij zhvilluan në kryeqytetin shqiptar një tubim proteste kundër projektit “Ballkani i hapur” dhe vizitës në Tiranë të presidentit serb Aleksandër Vuçiç. Zoti Berisha dhe folës të tjerë në tubim theksuan se kjo nuk ishte një protest kundër bashkëpunimit rajonal, por një protestë kundër projektit serbomadh për mbizotërimin serb në rajon në kurriz të popujve të Ballkanit perëndimor dhe kundër përpjekjeve për të shndërruar Ballkanin në zonë influence të Rusisë dhe Putinit. Manifestimi u zhvillua qetësisht, me përjashtim të djegies të disa flamujve serbë prej disa grupesh të vogla protestuesish.","""Çdo bashkëpunim rajonal është i mirëpritur në të mirë të Ballkanit dhe të BE-së. Open Balkan shton punësimin, ekonominë dhe mirëqenien” - tha komisioneri i BE-së për zgjerimin, Oliver Varhejli.","In Tirana, Albanian Prime Minister Edi Rama, Serbian President Aleksandar Vucic and Macedonian Prime Minister Zoran Zaev held today the next meeting of the Open Balkans Initiative. They called on the other 3 Western Balkan countries, Kosovo, Montenegro and Bosnia and Herzegovina, to join this initiative. During the Meeting, 5 agreements were signed on the free movement of workers, on the identification of travelers at the border in integrated systems, and on food safety. The EU Commissioner for Enlargement, Oliver Varhejli, urged these three countries to continue this initiative. The night before, supporters of the former democratic president, Sali Berisha, held a protest rally against the ""Open Balkans"" initiative in front of the government headquarters, describing it as an initiative to the detriment of Albania and Kosovo and serves only Serbian dominance in the region. The European Union Commissioner for Enlargement, Oliver Varhejli, also participated in the next meeting of the Open Balkans Initiative with an online speech, praising this cooperation of the three politicians Rama, Vucic and Zaev and invited other countries in the region to be involved in their initiative. Commissioner Varhejli stressed that with their initiative they have understood the importance of regional integration and this initiative can accelerate the economic integration of the region with the EU. Commissioner Varhejli said that this initiative is an indication that the region is ready for integration and is doing so. ""You can include me as a supporter for the Open Balkans. We think that any regional cooperation is welcome for the benefit of the Balkans and the EU. I invite the other 3 partners to join this initiative, which increases employment, economy and welfare and can change realities on the ground"" - said Mr. Varhejli. Commissioner Varhejli said that the first intergovernmental conferences between the EU and Albania and North Macedonia have not yet taken place, but the time has come for this to happen and to bring all the agreements to the table. He added that only from this cooperation and through the concrete creation of the regional common market can the Gross Domestic Product for each country be increased by 1/3. Mr. Varhejli said that border facilities, recognition of diplomas and other documents are quite useful. ""It doesn't make sense to connect to roads and trains and stop for a long time at every border. I urge you to continue and I hope that the other three partners will join you"" - emphasized Commissioner Varhejli. At the opening of the meeting, Prime Minister Edi Rama reiterated the call for the other three countries to participate in this ""fully inclusive initiative"", because it injects dynamism into regional cooperation. ""The Open Balkans is an aspiration more than an initiative. Every agreement here brings our countries closer to the EU, so other countries of the Western Balkans must join us"" - said Mr. Rama. He said that today's agreements on the facilitation of exports, live animals, the free exchange of workers and goods are another step that will guarantee the 4 European freedoms. During the press conference, Mr. Rama said that today's agreements on the integrated electronic system of services, the free exchange of workers and goods, the facilitation of export and imports for live animals, are other steps that guarantee the 4 European freedoms and will be implemented as soon as the new year comes. ""The Open Balkans is an implementing unit of the ideas and the Berlin Process and the common regional market, so I reiterate the call for the other three Western Balkan countries to join this initiative"" - said Mr. Rama. President Aleksandar Vucic said that the agreements signed today are the result of extensive work of two and a half years. ""The common goal is for the citizens of this region to live better in cooperation with each other, and everyone is welcome in this cooperation,"" he said. Mr. Vucic said that this initiative is much bigger than three politicians combined. ""This is an initiative that will prepare the future of our children, to connect our citizens with each other, those who until yesterday have thought more about the past than about the future."" He also emphasized that this is a comprehensive process and other countries are welcome. ""If they want, they are welcome, but we don't have to apologize to them for not wanting to. They need to explain to their citizens why they are not here. When they see the benefits, they will come,"" said Mr. Vucic. Prime Minister Zoran Zaev said that visible steps have been taken together, and that the initiative is open to all countries in the region. ""We have to show that we in the Western Balkans know how to work together and we know how to achieve successes together - he said. Kosovo refuses to be part of the Open Balkans Initiative since, as it is said, it cannot agree to be part of initiatives that may seem like a substitute for European integration processes. Kosovo's leaders said that they cannot become part of initiatives that do not fundamentally have the principle of equality, since Serbia refuses to recognize Kosovo's independence. Kosovo's Prime Minister Albin Kurti has on several occasions emphasized that the initiative is more like a Balkans that is open to influences from the East, separately from Russia and China and is not in line with Western values of democracy and the rule of law. The night before, former democratic mayor Sali Berisha and his supporters held a protest rally in the Albanian capital against the ""Open Balkans"" project and the visit to Tirana of Serbian President Aleksandar Vucic. Mr. Berisha and other speakers at the rally emphasized that this was not a protest against regional cooperation, but a protest against the Serbian project for Serbian dominance in the region at the expense of the peoples of the Western Balkans and against attempts to turn the Balkans into a zone of influence of Russia and Putin. The demonstration took place peacefully, with the exception of a few Serbian flags being burned by a few small groups of protesters.","""Any regional cooperation is welcome for the benefit of the Balkans and the EU. Open Balkan increases employment, economy and welfare"" - said the EU Commissioner for Enlargement, Oliver Varhejli.",What are the main goals and criticisms of the Open Balkans Initiative as discussed in the text?,"""The Open Balkans is an implementing unit of the ideas and the Berlin Process and the common regional market, so I reiterate the call for the other three Western Balkan countries to join this initiative"" - said Mr. Rama. President Aleksandar Vucic said that the agreements signed today are the result of extensive work of two and a half years. ""The common goal is for the citizens of this region to live better in cooperation with each other, and everyone is welcome in this cooperation,"" he said. Mr. Vucic said that this initiative is much bigger than three politicians combined. ""This is an initiative that will prepare the future of our children, to connect our citizens with each other, those who until yesterday have thought more about the past than about the future.""",0.4321434497833252,"
The ""Open Balkans Initiative,"" spearheaded by Albanian Prime Minister Edi Rama, Serbian President Aleksandar Vučić, and North Macedonian Prime Minister Zoran Zaev, aims to foster regional collaboration. Each leader emphasized their commitment to future generations and mutual respect for sovereignty.

Kosovo has declined to join the initiative, expressing concerns that it may overshadow European integration efforts, particularly since Serbia does not recognize Kosovo's independence. Prime Minister Albin Kurti criticized the initiative, fearing it could divert the Balkans from democratic values towards external influences like Russia and China.

Protests led by former Albanian Prime Minister Sali Berisha targeted perceived Serbian colonialism and Russian expansion in the region. The protest was largely peaceful, with only minor disruptions involving the removal of Serbian flags.

The initiative seeks to enhance regional cooperation while addressing concerns about external influences and maintaining respect for each country's sovereignty.","
""Unity in Diversity: A Look at Regional Cooperation in the Balkans Amid Disagreements.""","
The ""Ballkani i Hapur"" initiative seeks to enhance regional cooperation and economic development among Balkan countries. Kosova has declined to participate, arguing it cannot join initiatives that may undermine its independence as Serbia does not recognize it. Protests against the initiative, led by figures like Sali Berisha, have expressed concerns over Serbian influence and potential foreign domination in the region."
"Ambasadori amerikan në Rusi Jon Huntsman Jr. i paraqiti Presidentit Donald Trump dorëheqjen, duke sinjalizuar përfundimin e mandatit të tij dy vjeçar. Në letrën e tij zoti Huntsman falënderon presidentin për """", siç shkruan ai. Dorëheqja hyn në fuqi më 3 tetor. Zoti Huntsman, anëtar i Partisë Republikane, la detyrën e guvernatorit të shtetit të Jutas në 2009-n, kur ish-Presidenti Barack Obama e emëroi atë si ambasador në Kinë. Një vit më parë ai ishte rizgjedhur për një mandat të dytë si guvernator. Presidenti i dhomës së biznesit të qytetit Salt Lejk, i cili ka punuar me zotin Huntsman kur ai ishte gurvernator, tha se ai planifikon të kthehet në shtetin e tij dhe se sipas njoftimeve po sheh mundësinë për të kandiduar sërisht si guvernator. Agjencia shtetërore ruse e lajmeve “Tass” citoi një zëdhënës të ministrisë së Jashtme i cili vlerëson profesionalizmin e zotit Huntsman, por shton se ""situata e brendshme politike në SHBA e bëri të pamundur zhvillimin e plotë të lidhjeve dypalëshe"". Rrjeti televiziv CNN njoftoi se presidentët e të dy vendeve diskutuan rreth nevojës për një ambasador të ri amerikan në Rusi gjatë një telefonate të zhvilluar javën e kaluar. Por sipas CNN-it dy udhëheqësit nuk kishin përmendur ndonjë emër për zëvendësimin e zotit Huntsman. Jon Huntsman ka shërbyer gjithashtu si ambasador i SHBA-së në Singapor në fillim të viteve 1990 si dhe si zëvendës përfaqësues për tregtinë gjatë administratës së ish-presidentin George W. Bush.","Ambasadori Jon Huntsman po shqyrton mundësinë për të konkurruar si guvernator i shtetit të tij, Jutah. Dorëheqja e tij nga posti i ambasadorit hyn në fuqi më 3 tetor.","US Ambassador to Russia Jon Huntsman Jr. presented President Donald Trump with his resignation, signaling the end of his two-year term. In his letter, Mr. Huntsman thanks the president for """", as he writes. The resignation takes effect on October 3. Mr. Huntsman, a member of the Republican Party, left the post of governor of the state of Utah in 2009, when former President Barack Obama appointed him as ambassador to China. A year ago, he was re-elected for a second term as governor. The president of the Salt Lake City Chamber of Commerce, who worked with Mr. Huntsman when he was governor, said he plans to return to his home state and that according to reports he sees the possibility of running again as governor. The Russian state news agency ""Tass"" quoted a foreign ministry spokesman who praised Mr. Huntsman's professionalism, but added that ""the domestic political situation in the United States made it impossible to fully develop bilateral ties."" The CNN television network reported that the presidents of both countries discussed the need for a new American ambassador to Russia during a phone call held last week. But according to CNN, the two leaders had not mentioned any names for Mr. Huntsman's replacement. Jon Huntsman also served as U.S. ambassador to Singapore in the early 1990s as well as deputy representative for trade during the administration of former President George W. Bush.","Ambassador Jon Huntsman is considering running for governor of his state, Utah. His resignation from the post of ambassador comes into force on October 3.","What reasons did Jon Huntsman Jr. give for resigning as US Ambassador to Russia, and what are his future plans?","The president of the Salt Lake City Chamber of Commerce, who worked with Mr. Huntsman when he was governor, said he plans to return to his home state and that according to reports he sees the possibility of running again as governor. The Russian state news agency ""Tass"" quoted a foreign ministry spokesman who praised Mr. Huntsman's professionalism, but added that ""the domestic political situation in the United States made it impossible to fully develop bilateral ties."" The CNN television network reported that the presidents of both countries discussed the need for a new American ambassador to Russia during a phone call held last week.",0.4288149774074554,"
The American Ambassador to Russia, Jon Huntsman Jr., has submitted his resignation to President Donald Trump, signaling the end of his two-year mandate. In his letter, Mr. Huntsman thanked the President for the opportunity to serve, as he wrote. The resignation takes effect on October 3rd. Mr. Huntsman, a member of the Republican Party, assumed the role of governor of Utah in 2009, after former President Barack Obama appointed him as ambassador to China. A year prior, he was re-elected for a second term as governor. John Moura, president of the business network in Salt Lake City, who worked with Mr. Huntsman during his tenure as governor, stated that he plans to return to his home state and is considering running for governor based on recent reports. The Russian state news agency ""Tass"" cited a source within the Ministry of Foreign Affairs, which acknowledged Mr. Huntsman's professionalism but noted that ""the internal political situation in the U.S. made it impossible to fully develop bilateral relations."" CNN reported that the leaders of both countries discussed the need for a new American Ambassador to Russia during a call they held yesterday. However, according to CNN, neither side has mentioned any name regarding Mr. Huntsman's replacement. Jon Huntsman previously served as the U.S. ambassador to Singapore in the early 1990s and as a trade representative under former President George W. Bush's administration.","
""U.S. Ambassador to Russia Jon Huntsman Jr. Resigns, Ending Two-Year Term.""","
Jon Huntsman Jr. resigned as US Ambassador to Russia, stating that the political climate had made it difficult to maintain mutual respect and dignity. His resignation took effect on October 3rd. He plans to return home and may run for governor of Utah again."
"Studiuesit në Universitetin e Uashingtonit po kërkojnë ndihmën e të apasionuarve të videolojrave për të krijuar ilaçet e së ardhmes. Përmes një loje të veçantë të quajtur ""Fold-it"", lojtarët konkurrojnë kundër njëri-tjetrit për të krijuar proteina të reja, disa prej të cilave mund të ndihmojnë një ditë për të shpëtuar jetë njerëzish. Korrespondenti i Zërit të Amerikës, Kevin Enochs sjell hollësitë. Kjo është një lojë e krijuar nga studiues të mjekësisë në Universitetin e Uashingtonit. Ajo quhet ""Fold it"" dhe është një lojë tre dimensionale me bashkim pjesësh. thotë Brian Koepnick nga Universiteti i Uashingtonit. Proteinat janë zinxhirë të gjatë amino-acidesh që kryejnë funksione të rëndësishme brenda trupit të njeriut. thotë Brian Koepnick nga Universiteti i Uashingtonit. Por, kur proteinat palosen në mënyrë të gabuar, ato mund të shkaktojnë alergji dhe sëmundje të ndryshme si fibroza cistike. Për luftimin e këtyre sëmundjeve, studiuesit si Brian Koepnick i Universitetit të Uashingtonit duhet të kuptojnë se si duhet të palosen proteinat. Dhe kjo mund të jetë e vështirë madje edhe për një super kompjuter. thotë Brian Koepnick nga Universiteti i Uashingtonit. Dhe në këtë fazë mund të përdoret loja Fold.it. Lojtarëve u kërkohet të bashkojnë pjesët e proteinave për t'i bërë ato të funksionojnë si duhet. Sa më mirë që ato palosen ose bashkohen, aq më i mirë është rezultati. Lojtarët më përvojë të gjatë si Susan Kleinfelter mund të jenë po aq të mirë në këtë proces sa edhe vetë kompjuterët. thotë Susan Kleinfelter, pjesëmarrëse në lojën Fold.it. Zoti Koepnick thotë se lojtarët janë përmirësuar shumë dhe studiuesit u kanë kërkuar rreth 75 mijë lojtarëve që të krijojnë prototipe të proteinave që mund të trajtojnë sëmundjet si sida. , thotë zoti Koepnick. Nëse jeni të interesuar të luani, thjesht shtypni ""fold-pikë-it"" në internet dhe shkarkoni lojën.","Studiuesit në Universitetin e Uashingtonit, përmes lojës kompjuterike Fold.it shpresojnë të mësojnë më shumë mbi funksionimin e proteinave","Researchers at the University of Washington are enlisting the help of video game enthusiasts to create the medicines of the future. Through a special game called ""Fold-it"", players compete against each other to create new proteins, some of which may one day help save lives. VOA correspondent Kevin Enochs brings the details. This is a game created by medical researchers at the University of Washington. It's called ""Fold it"" and it's a three-dimensional game of joining parts. says Brian Koepnick from the University of Washington. Proteins are long chains of amino-acids that perform important functions within the human body. says Brian Koepnick from the University of Washington. But, when proteins fold incorrectly, they can cause allergies and various diseases such as cystic fibrosis. To fight these diseases, researchers like Brian Koepnick of the University of Washington need to understand how proteins should fold. And that can be difficult even for a super computer. says Brian Koepnick from the University of Washington. And at this stage the game Fold.it can be used. Players are required to piece together the protein parts to make them work properly. The better they fold or come together, the better the result. Long-time experienced players like Susan Kleinfelter can be just as good at this process as the computers themselves. says Susan Kleinfelter, a participant in the Fold.it game. Mr. Koepnick says that players have improved a lot and researchers have asked about 75 thousand players to create prototypes of proteins that can treat diseases like AIDS. , says Mr. Koepnick. If you are interested in playing, simply press ""fold-point"" online and download the game.","Researchers at the University of Washington, through the Fold.it computer game, hope to learn more about the workings of proteins",How does the game 'Fold-it' help researchers in understanding protein folding and developing treatments for diseases?,"Researchers at the University of Washington are enlisting the help of video game enthusiasts to create the medicines of the future. Through a special game called ""Fold-it"", players compete against each other to create new proteins, some of which may one day help save lives. VOA correspondent Kevin Enochs brings the details.",0.6428608894348145,"
Researchers at the University of Washington are seeking the help of passionate video game enthusiasts to create proteins for the future. Through a unique game called ""Fold-it,"" players compete against each other to create new proteins, some of which could one day help save human lives. Kevin Enochs of The Associated Press brings us the story. This is a game created by scientists at the University of Washington. It's called ""Fold-it"" and it’s a three-dimensional collaborative puzzle game. Brian Koepnick from the University of Washington explains. Proteins are long chains of amino acids that perform important functions within the human body. Brian Koepnick from the University of Washington says, however, when proteins misfold, they can cause allergies and other diseases such as cystic fibrosis. To combat these diseases, researchers like Brian Koepnick at the University of Washington need to understand how proteins should fold. And this can be very difficult, even for a supercomputer. Brian Koepnick from the University of Washington explains that this is where Fold-it comes in. Players are asked to assemble protein parts to make them function properly. The better they fold or assemble them, the better the result. Even long-time players like Susan Kleinfelter can be as good at this process as computers themselves. Susan Kleinfelter, a participant in the Fold-it game, shares her thoughts. Dr. Koepnick says players are highly motivated and researchers have recruited around 750,000 players to create protein prototypes that could treat diseases like HIV. Dr. Koepnick adds that if you're interested in playing, simply type ""fold-pikë-it"" on the internet and download the game.","
""Video Game Enthusiasts Collaborate with Researchers to Design Proteins for Future Medicines.""","
The game Fold-it allows players to collaboratively solve puzzles related to protein folding, helping researchers identify new and efficient ways proteins can fold. By leveraging human intuition and creativity, Fold-it accelerates the discovery of protein structures, which is crucial for developing treatments for diseases caused by misfolded proteins. This crowdsourcing approach brings together thousands of participants worldwide to contribute to scientific advancements in a fun and engaging way."
"Çdo vit, Libraria e Kongresit këtu në Shtetet e Bashkuara përzgjedh 25 këngë, të cilat janë krijuar të paktën 10 vjet më parë e që cilësohen me vlera “kulturore, historike dhe estetike”, për t’iu shtuar Regjistrit Kombëtarë të Regjistrimeve. Profesori Longhair ishte një prej artistëve më të rëndësishëm të skenës së Nju Orlinsit për dekada të tëra, me stilin e tij të interpretimit në piano, të ndikuar nga emra të mëdhenj të muzikës. Regjistrimi i vitit 1953 me titull “Tiptina” i është bashkangjitur Regjistrit Kombëtar të Regjistrimeve, sëbashku me disa regjistrime që datojnë fillimin e shkeullit të 19. Gjithashtu këtë vit në këtë Regjistër u shtua dhe një këngë që përçau gratë amerikane. Disa ishin të zemëruara me mesazhin e këngës, “Stand by your man”. Përshkrimi i kësaj kënge në Librarinë e Kongresit thotë se “kënga flet për dobësinë e burrave, forcën e grave të tyre, dashurinë, besnikërinë dhe mbështetjen”. Pavarësisht se si mund të ndjehesh nga mesazhi i këngës së Tammy Wynette, nuk ka dyshim se kjo këngë është një këngë klasike kantri amerikan, me një kor që e shoqëron atë. Regjistri Kombëtar i Regjistrimeve është rezultat i Aktit të Ruajtjes Kombëtare të Regjistrimeve të vitit 2000, i cili kishte si synim të zhvillonte një program kombëtar për të ruajtur trashëgiminë e tingujve amerikanë. Futjet e reja të pjesëve, një procedurë e përvitshme, përzgjidhen nga rëndësisa kulturore. Jo të gjitha janë këngë: Këtë vit lista përfshin tingullin e parë të prodhuar mekanikisht i cili quhet “fonoautogram” si dhe një meshë fetare të vitit 1963 të mbajtur nga Reverend C.L Franklin, i atii i Aretha Franklinit. Përpara se bija e tij të bëhej e famshme, ai ishte ndër pak priftërinjtë që mbanin mesha, që i regjistronte ato plotësisht dhe më pas i nxirrte për shitje. Por në këtë listë ka dhe një pjesë të historisë së Zërit të Amerikës! Nga viti 1954 deri në vitin 1996, Willis Conover drejtoi programe për muzikën Xhaz tek Zëri i Amerikës, duke përçuar muzikën xhaz në vende, ku xhazi i ishte i ndaluar. Intervistat e tij me muzikantë të tillë si Duke Ellington, Billie Holliday, Stan Getz e të tjerë janë tashmë pjesë e Regjistrit Kombëtar të Regjistrimeve në Librarinë e Kongresit. Sipas zyrtarëve të Librarisë së Kongresit, këto intervista janë të rëndëishme sepse ato janë “ mundësia e parë për të dëgjuar mendimet e këtyre artistëve të mëdhenj të xhazit, të cilët u rritën sëbashku me muzikën e tyre”. Përzgjedhja për regjistrin Kombëtar të Regjistrimeve përfshin gjithë spektrin muzikor. E famshmja “Take me out to the bollgame” është kënga që dëgjohet më shpesh. Këtë vit janë shtuar gjitahshtu dhe pjesa solo e Al Green ”Let’s stay together”. Për më shumë informacione rreth materialeve muzikore të përzgjedhura këtë vit, mund të vizitoni faqen e Librarisë së Kongresit me adresën .",Regjistrimet i përkasin periudhës para 10 vjetësh dhe konsiderohen me vlera historike kulturore dhe estetike,"Each year, the Library of Congress here in the United States selects 25 songs, which were created at least 10 years ago and are labeled as having ""cultural, historical, and aesthetic"" values, to be added to the National Register of Records. Professor Longhair was one of the most important artists of the New Orleans scene for decades, with his style of piano performance, influenced by big names in music. The 1953 census entitled ""Tiptina"" is attached to the National Register of Records, along with several records dating back to the beginning of the 19th century. Also this year, a song that divided American women was added to this Register. Some were angry with the song's message, ""Stand by your man."" The description of this song in the Library of Congress says that ""the song speaks of the weakness of men, the strength of their wives, love, loyalty and support"". No matter how you may feel from the message of Tammy Wynette's song, there is no doubt that this song is a classic American country song, with a chorus accompanying it. The National Register of Records is a result of the National Record Preservation Act of 2000, which was intended to develop a national program to preserve the heritage of American sounds. New insertions of the pieces, an annual procedure, are selected by cultural significance. Not all of them are songs: This year the list includes the first mechanically produced sound which is called a ""phonoautogram"" as well as a 1963 religious mass held by Reverend C.L. Franklin, Aretha Franklin's father. Before his daughter became famous, he was among the few priests who held masses, recorded them in full and then put them up for sale. But there is also a part of the history of VOA in this list! From 1954 to 1996, Willis Conover directed programs for Jazz music at the Voice of America, bringing jazz music to places where jazz was forbidden. His interviews with musicians such as Duke Ellington, Billie Holliday, Stan Getz, and others are now part of the National Register of Records at the Library of Congress. According to Library of Congress officials, these interviews are important because they are ""the first opportunity to hear the opinions of these great jazz artists, who grew up together with their music."" The selection for the National Register of Recordings includes the entire musical spectrum. The famous ""Take me out to the bolgame"" is the song that is heard most often. This year, Al Green's solo piece ""Let's stay together"" has also been added. For more information about the music materials selected this year, you can visit the Library of Congress website at .","The recordings belong to the period 10 years ago and are considered of historical, cultural and aesthetic value",What criteria are used by the Library of Congress to select songs for the National Register of Records?,"Each year, the Library of Congress here in the United States selects 25 songs, which were created at least 10 years ago and are labeled as having ""cultural, historical, and aesthetic"" values, to be added to the National Register of Records. Professor Longhair was one of the most important artists of the New Orleans scene for decades, with his style of piano performance, influenced by big names in music. The 1953 census entitled ""Tiptina"" is attached to the National Register of Records, along with several records dating back to the beginning of the 19th century.",0.7523489594459534,"
Every year, the Library of Congress here in the United States selects 25 songs that were created at least 10 years prior and meet ""cultural, historical, and aesthetic"" value criteria to add them to the National Recording Registry. Professor Longhair was one of the most significant figures on the New Orleans scene for a generation, with his piano playing style influenced by the great names of music. The 1953 recording titled ""Tiptina"" has been added to the National Recording Registry, alongside some recordings from the early years of the 20th century. This year, a song about American women was also added to the Registry. Some were recorded with the message of the song, “Stand by your man.” The description of this song in the Library of Congress states that it “tells about the virtues of men, their strong resolve, love, loyalty, and support.” Regardless of how you may perceive the message of Tammy Wynette’s song, there is no doubt that this is an American classic country song with a chorus that connects to it. The National Recording Registry is the result of the National Preservation Act of 2000, which aimed to develop efforts to preserve sound recordings. Not all selections are songs; they include speeches and interviews as well. The famous ""Take me out to the ballgame"" is the song most often played. This year, Al Green's solo piece ""Let’s stay together"" has also been added. For more information about this year’s selected musical materials, you can visit the Library of Congress website at [www.loc.gov](http://www.loc.gov).","
""Saving Sounds for Eternity: The Library of Congress Selects 25 Recordings Reflecting Cultural, Historical, and Aesthetic Significance.""","
The Library of Congress selects songs for the National Register of Records based on their cultural, historical, and aesthetic value. Each year, 25 recordings are chosen, including significant works like ""Tiptina"" (1953) and ""Stand by Your Man,"" which reflect diverse genres and eras. The registry also includes iconic performances, such as Tammy Wynette's country classic and jazz interviews from Willis Conover on Voice of America."
"Presidenti i Kosovës, Hashim Thaçi, tha të hënën në Prishtinë se është e pa drejtë dhe e pa pranueshme që 20 vjet pas luftës, barra e fajësisë për përdhunimet gjatë saj të vazhdojë të bjerë mbi të mbijetuarit e kësaj dhune, dhe jo mbi kryerësit e saj. Ai i bëri këto komente gjatë një konference të organizuar nga Bashkësia Islame e Kosovës, me moton “Të gjithë së bashku me një zë”, që mblodhi për herë të parë përfaqësuesit e bashkësive fetare përveç Kishës Ortodokse Serbe, në mbështetje të të mbijetuarve të përdhunimeve gjatë luftës. “”, tha zoti Thaçi. Kryetari i Bashkësisë Islame të Kosovës, myftiu Naim Tërnava, tha se shoqëria është vonuar shumë në trajtimin e duhur të të mbijetuarve të përdhunimeve gjatë luftës. “”, tha ai. Ai bëri thirrje që të gjithë duke filluar nga familja, e deri te institucionet shtetërore t’i nderojnë e mbështesin viktimat e këtij krimi. ""”, tha zoti Tërrnava. Përfaqësuesi i Kishës Katolike, Dom Lush Gjergji, tha se të mbijetuarit e përdhunimeve gjatë luftës nuk duhet të heshtin, por as rrethi i tyre nuk duhet të heshtë siç ka bërë deri tash. “”, tha ai. Ende nuk dihet numri i saktë, por besohet se mijëra ishin viktima të përdhunimeve nga forcat serbe gjatë luftës në Kosovë. Thuhet se numri i tyre mund të jetë rreth 20 mijë, por numri i saktë mbase nuk do të mësohet kurrë dhe rrëfimet rreth tyre deri vonë ishin shumë të pakta për shkak të frikës nga stigmatizimi. Deri tash askush nuk është dënuar për këtë krim, ndonëse është i dënueshëm me ligjet vendase e ndërkombëtare.","Në Prishtinë, udhëheqës institucionesh shtetërore dhe të bashkësive fetare, kërkuan mbështetje dhe drejtësi për viktimat e përdhunimeve gjatë luftës.","Kosovo's President Hashim Thaci said on Monday in Pristina that it is unfair and unacceptable that, 20 years after the war, the burden of guilt for the rapes during the war continues to fall on the survivors of this violence, and not on its perpetrators. He made the comments during a conference organised by the Islamic Community of Kosovo, under the motto ""All together with one voice"", which brought together for the first time representatives of religious communities other than the Serbian Orthodox Church, in support of survivors of wartime rape. """", said Mr. Thaci. The president of the Islamic Community of Kosovo, Mufti Naim Tërnava, said that society has been too late in properly treating survivors of wartime rapes. """", he said. He called on everyone, starting from the family, to state institutions to honor and support the victims of this crime. """", said Mr. Trrnava. The representative of the Catholic Church, Dom Lush Gjergji, said that the survivors of rape during the war should not be silent, but neither should their circle be silent as it has done so far. """", he said. The exact number is still unknown, but it is believed that thousands were victims of rape by Serbian forces during the Kosovo war. It is said that their number may be around 20 thousand, but the exact number may never be learned, and stories about them until recently were very few due to fear of stigmatization. So far, no one has been convicted of this crime, although it is punishable under domestic and international laws.","In Prishtina, leaders of state institutions and religious communities demanded support and justice for victims of wartime rape.",What steps are being taken to support survivors of wartime rape in Kosovo and address the stigma they face?,"He made the comments during a conference organised by the Islamic Community of Kosovo, under the motto ""All together with one voice"", which brought together for the first time representatives of religious communities other than the Serbian Orthodox Church, in support of survivors of wartime rape. """", said Mr. Thaci. The president of the Islamic Community of Kosovo, Mufti Naim Tërnava, said that society has been too late in properly treating survivors of wartime rapes. """", he said. He called on everyone, starting from the family, to state institutions to honor and support the victims of this crime. """", said Mr. Trrnava.",0.5296437740325928,"
The President of Kosovo, Hashim Thaçi, stated in Pristina on Thursday that it is unfair and intolerable that 20 years after the war, the focus on the unresolved issue of the victims from the war remains on their remains rather than on those responsible. He made these comments during a conference organized by the Islamic Community of Kosovo, titled “All Together with One Voice,” which brought together representatives of various religious communities for the first time, excluding the Serbian Orthodox Church, to support the surviving victims of the war crimes. “The memory of the victims must not be forgotten,” said Thaçi. Naim Tërnava, head of the Islamic Community of Kosovo, stated that society has suffered a lot in dealing with the remains of the victims from the war. He called on everyone, starting from families and up to state institutions, to support and protect these victims. “We must do everything possible to bring justice for them,” said Tërnava. The representative of the Catholic Church, Dom Lush Gjergji, stated that the remains of the victims from the war should not be forgotten, but they should also not remain as isolated cases as they have been until now. It is estimated that thousands were victims of the crimes committed by Serbian forces during the war in Kosovo. The exact number is unknown, but it is believed to be around 20,000. However, the exact number will never be known, and the traces of these victims have been very few due to fear of stigmatization. To this day, no one has been held accountable for these crimes, although they are serious under both national and international law.","
""President Calls for Unity and Justice 20 Years After Kosovo War.""","
President Hashim Thaçi has addressed the ongoing stigmatization faced by survivors of wartime rape in Kosovo 20 years after the conflict, emphasizing the need for justice and support during a conference organized by the Islamic Community. The head of the Islamic Community, Mftiu Naim Tërnava, highlighted societal neglect of survivors' mental health needs and urged collective support from families and state institutions. Despite efforts to bring attention to this issue, survivors continue to face stigma and lack accountability for perpetrators, with estimates suggesting thousands were victimized during the war."
"Një nga senatorët që kanë shprehur shqetësim të veçantë për gjendjen e pakicës serbe në Kosovë është George Voinovich. Në një intervistë që i dha Zërit të Amerikës, senatori tha se në procesin e bisedimeve për statusin, prania e KFOR-it do të ketë rëndësi të veçantë për garantimin e sigurisë: ""Mendoj se ka rëndësi që të dyja palëve t’u ofrohen stimuj të fuqishëm që ato të arrijnë një farë kompromisi, tha senatori Voinovich. Ka gjithashtu rëndësi të jashtëzakonshme që Shtetet e Bashkuara të kenë praninë e tyre në tryezën e bisedimeve. Në këto kushte, prania e KFOR-it është më e rëndësishme se asnjëherë më parë në mënyrë që udhëheqësit serbë, të cilëve do t’u kërkohet të bëjnë disa lëshime, të mund t’i garantojnë popullit serb se manastiret dhe objektet e trashëgimisë historike si dhe të drejtat e pakicave në Kosovë do të mbrohen pasi në Kosovë ekziston kjo forcë ushtarake. Kjo gjithashtu do t’u dërgonte një sinjal atyre njerëzve që mendojnë se mund t’i realizojnë qëllimet e tyre me anë të imponimit dhe pa u ndëshkuar."" ""Veç kësaj, tha senatori Voinovich, mendoj se ka rëndësi që Serbisë dhe Malit të Zi t’i ofrohen disa stimuj ekonomikë, siç janë perspektiva që ato të bëhen pjesë e Bashkimit Evropian dhe e Natos në të ardhmen, gjë që do të përmirësonte nivelin e tyre të jetesës. Po kështu edhe për kosovarët, në mënyrë që njerëzit e moderuar në Kosovë të mund t’u thonë vëllezërve dhe motrave të tyre se çështja e statusit do të zgjidhet, ndoshta jo pavarësi tani, por do të ecet drejt këtij objektivi dhe kjo do të përmirësonte standartin e jetesës. Megjithatë do të ishte naive të mendohej se kjo do të jetë e lehtë,"" tha senatori Voinovich. Ndërsa anëtari i Dhomës së Përfaqësuesve, George Radanovich thotë se rruga drejt përcaktimit të statusit do të jetë e vështirë. ""Mendoj se në çështjen e statusit të Kosovës duhet ecur me shumë kujdes. Në rast se do të kërkohet të krijohet një shtet i pavarur i Kosovës pa rrezikuar sigurinë e asnjërit, përfshirë sigurinë e pakicës serbe, kjo mendoj se do të jetë e vështirë. Komuniteti ndërkombëtar duhet të garantojë se çdo vetvendosje për Kosovën nuk do të shkaktojë trazira dhe nuk do të çojë në vdekjen e qytetarëve të pafajshëm."" Zoti Radanovich thotë se alternativat për sa i përket statusit të Kosovës janë pavarësi në aspektin afatgjatë ose pavarësi nën mbikqyrjen e OKB-së për një kohë të gjatë. Megjithëse ata qysh tani e kanë sistemin e tyre të qeverisjes dhe një forcë policore, mendoj se një prani e OKB-së për një farë kohe gjatë pavarësisë do të garantonte mbrojtjen e jetës së qytetarëve të pafajshëm.",Deputetët shprehen se çdo zgjidhje e statusit duhet të përfshijë garanci për mbrojtjen e të drejtave të pakicave dhe të objekteve të ty,"One of the senators who have expressed particular concern about the situation of the Serb minority in Kosovo is George Voinovich. In an interview he gave to VOA, the senator said that in the process of the status negotiations, the presence of KFOR will be of particular importance for guaranteeing security: ""I think it is important that both sides are offered strong incentives for them to reach some kind of compromise, said Senator Voinovich. It is also of utmost importance that the United States has its presence at the negotiating table. Under these conditions, the presence of KFOR is more important than ever before so that Serbian leaders, who will be required to make some concessions, can guarantee the Serbian people that monasteries and historical heritage sites as well as the rights of minorities in Kosovo will be protected as this military force exists in Kosovo. It would also send a signal to those people who think they can achieve their goals by means of imposition and without being punished."" ""In addition, said Senator Voinovich, I think it is important that Serbia and Montenegro are offered some economic incentives, such as the prospect of them becoming part of the European Union and NATO in the future, which would improve their standard of living. The same goes for Kosovars, so that moderate people in Kosovo can tell their brothers and sisters that the status issue will be resolved, maybe not independence now, but it will move towards that goal and that would improve the standard of living. However, it would be naïve to think that this will be easy,"" said Senator Voinovich. While the member of the House of Representatives, George Radanovic, says that the path to determining the status will be difficult. ""I think that on the issue of Kosovo's status, we should proceed very carefully. In case there is a demand to create an independent state of Kosovo without endangering the security of anyone, including the security of the Serb minority, I think that will be difficult. The international community must guarantee that any self-determination for Kosovo will not cause unrest and will not lead to the death of innocent citizens."" Mr. Radanovich says that the alternatives in terms of Kosovo's status are independence in the long term or independence under the supervision of the UN for a long time. Although they already have their own system of government and a police force, I think that a UN presence for some time during independence would guarantee the protection of the lives of innocent citizens.",The MPs say that any solution to the status must include guarantees for the protection of the rights of minorities and their facilities,What are the concerns expressed by Senator George Voinovich and Representative George Radanovich regarding the status of Kosovo and the protection of minorities?,"One of the senators who have expressed particular concern about the situation of the Serb minority in Kosovo is George Voinovich. In an interview he gave to VOA, the senator said that in the process of the status negotiations, the presence of KFOR will be of particular importance for guaranteeing security: ""I think it is important that both sides are offered strong incentives for them to reach some kind of compromise, said Senator Voinovich. It is also of utmost importance that the United States has its presence at the negotiating table.",0.5687074661254883,"
One of the senators who has expressed strong concerns about the situation of the Serbian minority in Kosovo is George Voinovich. In an interview he gave to *The Wall Street Journal*, the senator stated that during the status negotiations, the presence of KFOR will play a crucial role in ensuring security: ""I believe it’s important for both sides to be given strong incentives so they can reach a fair compromise,"" Senator Voinovich said. It is also essential that the EU has its hands on the negotiating table. Under these conditions, the presence of KFOR is more important than ever before in order for Serbian leaders, who will be asked to make some concessions, to be able to assure their people that monasteries and historical heritage sites as well as the rights of minorities in Kosovo will be protected since there exists this military force in Kosovo. This would also send a signal to those people who think they can achieve their goals through imposition without being opposed."" ""In addition,"" Senator Voinovich said, ""I believe it is important for Serbia and Montenegro to be given some economic incentives, such as the prospect of joining the European Union and NATO in the future, which would improve their standard of living. Similarly, for Kosovars, so that people in Kosovo can tell their children and grandchildren that the status issue will be resolved, although perhaps not independence now, but they are on the path toward this objective and it will improve the standard of living. However, it would be naive to think this will be easy,"" Senator Voinovich said. On the other hand, George Radanovich, a member of the House Committee on Foreign Affairs, stated that the road toward determining the status will be difficult. ""I believe the Kosovo status issue must be handled with great care. In the event that an independent state of Kosovo is created without jeopardizing the security of anyone, including the security of the Serbian minority, I think it would be very difficult,"" Radanovich said. The international community must guarantee that any decision made regarding Kosovo does not trigger a chain reaction and lead to the killing of innocent people."" Zor Radanovich said the alternatives concerning Kosovo's status are either independence with NATO oversight for some time or independence under EU supervision. Nevertheless, while they have their own administrative system and police force now, I believe that EU supervision during a period after independence would ensure the protection of the lives of innocent people.","
""The Importance of International Diplomacy for Stability and Serbian Minority Rights in Kosovo""","
Senator George Voinovich emphasized the importance of maintaining KFOR's presence in Kosovo to protect Serbian minorities and cultural sites, while also advocating for economic incentives like EU and NATO membership perspectives for Serbia and Montenegro. Representative George Radanovich expressed concerns about the difficulty of determining Kosovo's status without threatening security, particularly for Serbs, and stressed the need for international guarantees to prevent conflict and ensure minority rights. Both lawmakers highlighted the challenges in achieving a balanced resolution that respects all parties involved."
"Ambasadori i delegacionit të Bashkimit Europian në Tiranë, Helmut Lohan i dorëzoi Kryeministrit Sali Berisha pyetësorin mbi bazën e të cilit Komisioni Europian do të përgatisë opinionin mbi kërkesën e Shqipërisë për anëtarësim në BE dhe bëri thirrje për kapërcimin e ngërçit të tanishëm politik në vend. Zoti Lohan tha se pyetësori është një një hap i ri historik në marrëdhëniet Shqipëri-BE. Fjala është për mbi 2 mijë pyetje të përfshira në 384 faqe përmes të cilave autoriteteve shqiptare do t’i kërkohet shpjegim për ecurinë e vendit në të gjitha fushat dhe përputhshmërinë me kriteret e anëtarësimit. Zoti Lohan tha se pyetësori është tregues i seriozitetit me të cilin Bashkimi Europian përpiqet të mbledhë informacionin. Ai tha se Komisioni Europian do t'i analizojë përgjigjet me kujdes të madh dhe do të bëjë vlerësimin e ecurisë në të gjitha fushat, pëfshirë sundimin e ligjit, luftën kundër korrupsionit dhe krimit të organizuar. Ambasadori i BE-së bëri thirrje që reformat për intergrimin në BE duhet të bazohen mbi një konsensus sa më të gjerë. Në një referencë të qartë për mungesën e opozitës në kuvend, zoti Lohan theksoi se vendi për debat politik është brenda parlamentit. Ai tha se Bashkimi Europian u bën thirrje të gjitha partive politike të ndjekin dialogun kontruktiv, duke përfshirë atë në parlament dhe uroi që ngërçi politik të kapërcehet brenda këtij viti ose në fillim të vitit të ardhshëm. Më 16 nëntor Këshilli i Ministrave të BE miratoi kërkesën e Shqipërisë, e cila ishte dorëzuar që në fund të muajit prill. Autoritetet shqiptare kanë deklaruar prej kohësh se ata kanë kryer të gjitha përgatitjet për të nisur menjëherë nga puna me pyetësorin. Kjo fazë e procesit zgjat përgjithësisht deri në 18 muaj, por qeveria shqiptare ka deklaruar se shpreson ta përmbyllë dhe të marrë statusin e vendit kandidat brenda vitit të ardhshëm. //ii",Ambasadori i BE-së në Shqipëri bëri thirrje që reformat për intergrimin në BE të bazohen mbi një konsensus të gjerë dhe theksoi se vend,"The Ambassador of the European Union delegation in Tirana, Helmut Lohan, submitted to Prime Minister Sali Berisha the questionnaire on the basis of which the European Commission will prepare the opinion on Albania's application for EU membership and called for overcoming the current political impasse in the country. Mr. Lohan said that the questionnaire is a new historical step in Albania-EU relations. We are talking about over 2 thousand questions included in 384 pages through which the Albanian authorities will be asked to explain the country's progress in all areas and compliance with the membership criteria. Mr. Lohan said that the questionnaire is an indication of the seriousness with which the European Union tries to collect information. He said that the European Commission will analyze the responses very carefully and assess the progress in all areas, including the rule of law, the fight against corruption and organized crime. The EU ambassador called for reforms for EU integration to be based on the broadest possible consensus. In a clear reference to the lack of opposition in the assembly, Mr. Lohan emphasized that the place for political debate is within the parliament. He said that the European Union calls on all political parties to pursue constructive dialogue, including the one in parliament, and wished that the political impasse will be overcome within this year or early next year. On November 16, the EU Council of Ministers approved Albania's request, which had been submitted since the end of April. The Albanian authorities have long stated that they have made all the preparations to start working on the questionnaire immediately. This phase of the process generally lasts up to 18 months, but the Albanian government has stated that it hopes to conclude and receive the status of candidate country within the next year. II",The EU Ambassador to Albania called for EU integration reforms to be based on a broad consensus and stressed that the country,What is the significance of the questionnaire submitted by the EU delegation to Albania in the context of its application for EU membership?,"The Ambassador of the European Union delegation in Tirana, Helmut Lohan, submitted to Prime Minister Sali Berisha the questionnaire on the basis of which the European Commission will prepare the opinion on Albania's application for EU membership and called for overcoming the current political impasse in the country. Mr. Lohan said that the questionnaire is a new historical step in Albania-EU relations.",0.8521369099617004,"
The ambassadors and delegation of the European Union in Tirana, Helmut Lohan, met with Prime Minister Sali Berisha regarding a questionnaire on which the European Commission will base its opinion about Albania's accession request to the EU and called for the closure of the ongoing political crisis. Ambassador Lohan stated that the questionnaire represents a new historical step in Albania-EU relations. The document contains over 2,000 questions across 384 pages through which Albanian authorities will be asked to provide explanations regarding the state's readiness in all areas and its alignment with accession criteria. He emphasized that the questionnaire reflects the serious approach with which the EU is gathering information. Lohan noted that the European Commission will carefully analyze the answers and make an assessment of readiness across all sectors, including the rule of law, the fight against corruption, and organized crime. The EU ambassador called for reforms for integration into the EU to be based on a broad consensus. Referring clearly to the absence of opposition in parliament, Lohan pointed out that the space for political debate is within parliament. He stated that the European Union urges all political parties to follow constructive dialogue, including within parliament, and demanded that the political crisis be resolved by the end of this year or at the beginning of next year. On November 16, the EU Council approved Albania's application, which was submitted in late April. Albanian authorities have declared since then that they have made all preparations to immediately begin working with the questionnaire. This phase of the process generally lasts up to 18 months, but the Albanian government has stated it hopes to conclude it and obtain candidate status by next year.","
""EU Officials Interrogate Albania’s Prime Minister on Membership Application Amid Comprehensive Analysis and Call for Consensus.""","
The questionnaire submitted by the EU delegation to Albania marks a significant milestone in the country's accession process. It consists of over 2000 questions across 384 pages, requiring detailed explanations from Albanian authorities on their progress toward meeting EU membership criteria, such as rule of law and fight against corruption. The questionnaire reflects the EU's emphasis on serious intent and thorough analysis to evaluate Albania's readiness for integration."
"Në Hungari, ekipet e shpëtimit vazhdojnë punën për të pastruar rrjedhjen toksike që shkaktoi vdekjen e të paktën katër personave dhe lëndimin e 120 të tjerëve. Zyrtarët thanë sot se po pastrojnë rrugët dhe shtëpitë një ditë pas rrjedhjes toksike nga një uzinë alumini. Autoritetet thanë se gati 700 mijë metra kub mbjetje vërshuan në tre fshatra në afërsi të qytetit Devesher pas çarjes së një rezervuari. Tre persona ende figurojnë të zhdukur. Bashkimi Evropian shprehu shqetësim se mbetja toksike që rrodhi në Hungari mund të shndërrohet në një katastrofë ekologjike në vende të tjera. Zëdhënësi i Komisionit Evropian për Mjedisin Joe Hennon tha sot se Bashkimi Evropian po qëndron i gatshëm të ndihmojë në se katastrofa merr përmasa më të mëdha. Me Danubin pranë që përshkon Kroacinë, Serbinë, Rumaninë, Bullgarinë, Ukrainën dhe Moldavinë para se të derdhet në Detin e Zi, ekziston mundësia që mjedisit t’i shkaktohet një dëm serioz. thotë zëdhënësi i Komisionit Evropian për mjedisin Joe Hennon. Qindra njerëz u evakuuan pas katastrofës e cila ndodhi të hënën, kur një rezervuar gjigand shpërtheu në uzinën metalike në Ajka, qytet rreth 160 kilometra në jugperëndim të Budapestit. Autoritetet hungareze kanë shpallur gjendjen e jashtëzakonshme, duke e quajtur derdhjen një katastrofë ekologjike që mund të kërcënojë Danubin.",Bashkimi Evropian shprehu shqetësim se mbetja toksike mund të shndërrohet në një katastrofë ekologjike në vende të tjera,"In Hungary, rescue teams continue to work to clean up the toxic leak that caused the death of at least four people and the injury of 120 others. Officials said today that they are cleaning streets and homes a day after the toxic leak from an aluminum plant. Authorities said nearly 700 thousand cubic meters of sediment flooded into three villages near the town of Devesher after a reservoir ruptured. Three people are still missing. The European Union expressed concern that the toxic waste that spilled into Hungary could turn into an ecological disaster in other countries. European Commission Environment Spokesperson Joe Hennon said today that the European Union stands ready to help if the disaster takes on greater proportions. With the Danube nearby crossing Croatia, Serbia, Romania, Bulgaria, Ukraine and Moldova before spilling into the Black Sea, there is a possibility that serious damage could be done to the environment. says European Commission environment spokesperson Joe Hennon. Hundreds of people were evacuated after the disaster which occurred on Monday, when a giant tank exploded at the metal plant in Ajka, a city about 160 kilometers southwest of Budapest. Hungarian authorities have declared a state of emergency, calling the spill an ecological disaster that could threaten the Danube.",The European Union expressed concern that toxic waste could turn into an ecological disaster in other countries,What actions are being taken to address the toxic leak in Hungary and its potential ecological impact?,"In Hungary, rescue teams continue to work to clean up the toxic leak that caused the death of at least four people and the injury of 120 others. Officials said today that they are cleaning streets and homes a day after the toxic leak from an aluminum plant. Authorities said nearly 700 thousand cubic meters of sediment flooded into three villages near the town of Devesher after a reservoir ruptured.",0.6085728406906128,"
In Hungary, cleanup teams continue their work to remove a toxic sludge that caused the death of at least four people and injured 120 others. Rescuers reported today that they are clearing roads and buildings one day after the toxic sludge from an aluminum plant spread. Authorities stated that about 700,000 cubic meters of residue remain in three basins near the town of Devesel following a breach at a reservoir. Three individuals are still unaccounted for. The European Union issued a statement warning that the toxic spill in Hungary could turn into an ecological disaster in other regions. Joe Hennon, a spokesperson for the European Commission on Environment, said today that the EU is ready to help if the catastrophe escalates further. With the Danube River flowing through Croatia, Serbia, Romania, Bulgaria, Ukraine, and Moldova before emptying into the Black Sea, there is a risk of serious pollution downstream, Hennon emphasized. Thousands of people were evacuated after the disaster occurred on Sunday when a reservoir overflowed at an aluminum plant in Ajka, a city about 160 kilometers south of Budapest. Hungarian authorities declared a state of emergency, calling the spill an environmental disaster that could contaminate the Danube River.","
""Hungary’s Toxic Spill from Aluminum Plant Disaster Sparks Environmental Crisis Along Danube River as EU Mobilizes Response""","
Cleanup efforts are underway in Hungary to address a toxic spill caused by a burst bauxite residue reservoir, which has led to at least four deaths and 120 injuries. Authorities have reported that over 700 cubic meters of toxic sludge have been contained near the village of Devesher after the incident. The European Union is expressing concern about the potential for an ecological disaster, as the spill could contaminate the Danube River, which flows through multiple countries before emptying into the Black Sea."
"Nën një diell verbues, Presidenti Bush dhe Presidenti Hu kaluan në revistë truprorjen e nderit në pjesën jugore të oborrit të Shtëpisë së Bardhë. Ceremonia ishte pjesë e protokollit të pritjeve zyrtare dhe kjo ishte vizita e parë zyrtare e Presidentit Hu në Uashington. Tregëtia ishte në krye të rendit të ditës së bisedimeve. Volumi tregëtar mes dy vendeve arrin në 285 miliardë dollarë në vit, por hendeku tregëtar po thellohet, duke kapur shifrën 202 miliardë dollarë në favor të Kinës. Duke theksuar se dy vendet janë të angazhuara për të zgjeruar tregëtinë, Presidenti Bush thotë se tregëtia mes tyre duhet të jetë e balancuar më mirë. “Marrëdhëniet tona tregëtare mund të bëhen më të forta, ndërsa Kina miraton ligje që do të lejonin firmat amerikane të konkurrojnë në Kinë me të njejtën lehtësi që firmat kineze konkurojnë këtu në Shtetet e Bashkuara”. Presidenti Bush thotë se tregëtia e lirë është pjesë e statusit të Kinës si anëtare e përgjegjshme e sistemit ekonomik botëror dhe një vend kryesor në tregëtinë botërore. Duke folur përmes një përkthyesi, Presidenti Hu tha se do të vazhdojë përpjekjet për reformimin e sistemit të këmbimit të monedhës kineze për të hapur më tej tregjet kineze, për të shtuar importet dhe për të forcuar ligjet për të drejtat e autorit. “Ne do të vazhdojmë të ndjekim strategjinë e shtimit të kërkesës së brendshme për të patur zhvillim ekonomik dhe social të balancuar dhe të shpejtë. Kjo do të shtojë mundësitë për thellimin e bashkëpunimit ekonomik midis Kinës dhe Shteteve të Bashkuara”. Presidenti Hu tha se është gati të çojë përpara dialogun bazuar në parimin e respektit reciprok dhe barazisë për të përmirësuar “kauzën botërore për të drejtat të njeriut”. Gjendja e të drejtave të njeriut në Kinë ka qënë vazhdimisht burim përplasjesh midis dy vendeve dhe Presidenti Bush ka bërë thirrje për liri më të mëdha individuale. Me shtimin e marrëdhënieve mes dy vendeve, presidenti Bush tha se udhëheqësit e tyre mund të jenë të hapur rreth mosmarrëveshjeve dhe se ai do të vazhdojë të këmbëngulë në çështjen e të drejtave të njeriut. Komentet e Presidetit Hu në mjediset e Shtëpisë së Bardhë u ndërprenë për pak kohë nga një protestues që thërriste me zë të lartë se ditët e Presidentit Hu janë të numëruara dhe që i kërkonte Presidentit Bush t’i kërkonte homologut kinez të merrte masa që anëtarët e lëvizjes shpirtërore Falun Gong të mos ndiqen nga autoritetet. Presidenti Bush, me një pamje disi të shqetësuar në fytyrë nga protestuesja, i tha presidentit Hu të vazhdonte fjalimin. Më pas protestuesja u largua nga autoritetet. Jashtë Shtëpisë së Bardhë ndërkohë vazhdonin protesta të ngjashme. Anëtarja e lëvizjes Falun Gong, Chi Hwan, tha se dëshironte që Presidenti Bush ta ngrinte këtë çështje me udhëheqësin kinez. “Shpresoj që Presidenti Bush ta përmendë këtë çështje, ndjekjen që u bëhet anëtarëve të kësaj lëvizjeje në Kinë, dhe t’i kërkojë zotit Hu t’i japë fund kësaj praktike. Kjo është një çështje shumë serioze”. Nga ana tjetër e rrugës, përkrahës të Partisë Komuniste të Kinës kishin organizuar një koncert me valle tradicionale kineze dhe përshëndesnin vizitën e Presidentit Hu. Një prej tyre thotë se administrata e Presidentit Hu ka arritur përparime të mëdha duke përmirësuar jetën e popullit kinez. “Ne jemi të kënaqur me atë që ka bërë qeveria kineze për të përmirësuar rritjen ekonomike dhe për të përmirësuar marrëdhëniet me vendet e tjera të botës.” Presidenti Bush tha se ai e vlerëson rolin e Kinës për organizimin e bisedimeve 6-palëshe që synojnë të bindin Korenë e Veriut të heqë dorë nga programi i saj bërthamor. Në bisedime, ku marrin pjesë Shtetet e Bashkuara, Kina, Japonia, Rusia, Koreja e Jugut, Koreja e Veriut është arritur pak pëparim. Presidenti Bush i bëri thirrje udhëheqësit kinez të përdorë ndikimin e tij tek Pheniani drejt synimit për të patur një gadishull korean pa armë bërthamore. //az//","Një grup i madh protestuesish, të mbledhur para Shtëpisë së Bardhë, demonstrojnë kundër gjendjes së të drejtave të njeriut në Kinë","Under a dazzling sun, President Bush and President Hu passed the honorary bodyguard magazine in the southern part of the White House courtyard. The ceremony was part of the protocol of official receptions and this was President Hu's first official visit to Washington. Trade was at the top of the agenda of the talks. The trade volume between the two countries reaches $285 billion per year, but the trade gap is deepening, reaching the figure of $202 billion in favor of China. Emphasizing that the two countries are committed to expanding trade, President Bush says that trade between them should be better balanced. ""Our trade relations can become stronger, while China passes laws that would allow American firms to compete in China with the same ease that Chinese firms compete here in the United States."" President Bush says that free trade is part of China's status as a responsible member of the world economic system and a leading country in world trade. Speaking through an interpreter, President Hu said he would continue efforts to reform the Chinese currency exchange system to further open Chinese markets, increase imports and strengthen copyright laws. ""We will continue to pursue the strategy of increasing domestic demand in order to have balanced and rapid economic and social development. This will increase opportunities for deepening economic cooperation between China and the United States."" President Hu said he is ready to advance the dialogue based on the principle of mutual respect and equality to improve the ""global cause for human rights"". China's human rights situation has been a constant source of clashes between the two countries, and President Bush has called for greater individual freedoms. As relations between the two countries increase, President Bush said that their leaders may be open about disagreements and that he will continue to insist on the issue of human rights. Chairman Hu's comments on the White House premises were briefly interrupted by a protester shouting loudly that President Hu's days are numbered and urging President Bush to urge his Chinese counterpart to take measures to prevent members of the Falun Gong spiritual movement from being pursued by the authorities. President Bush, with a somewhat disturbed look on her face from the protester, told President Hu to continue the speech. The protester then fled the authorities. Outside the White House, meanwhile, similar protests continued. A member of the Falun Gong movement, Chi Hwan, said she wanted President Bush to raise the issue with the Chinese leader. ""I hope that President Bush will mention this issue, the persecution that is being done to members of this movement in China, and ask Mr. Hu to end this practice. This is a very serious issue."" Across the street, supporters of the Communist Party of China had organized a concert with traditional Chinese dances and welcomed President Hu's visit. One of them says that President Hu's administration has made great strides in improving the lives of the Chinese people. ""We are satisfied with what the Chinese government has done to improve economic growth and improve relations with other countries of the world."" President Bush said he appreciates China's role in organizing 6-party talks aimed at convincing North Korea to give up its nuclear program. Little progress has been made in the talks, which are attended by the United States, China, Japan, Russia, South Korea, North Korea. President Bush called on the Chinese leader to use his influence on Pyongyang toward the goal of having a nuclear-weapon-free Korean peninsula. az//","A large group of protesters, gathered in front of the White House, demonstrate against the human rights situation in China",What were the main topics discussed during President Hu's first official visit to Washington as mentioned in the text?,"The ceremony was part of the protocol of official receptions and this was President Hu's first official visit to Washington. Trade was at the top of the agenda of the talks. The trade volume between the two countries reaches $285 billion per year, but the trade gap is deepening, reaching the figure of $202 billion in favor of China.",0.6365789175033569,"
On a warm summer day, President Bush and President Hu attended a joint press conference held in the south garden of the White House. The ceremony was part of the protocol for state visits, marking President Hu's first state visit to Washington. Trade topped the agenda of the discussions. The trade volume between the two countries reached $285 billion annually, but the trade deficit was growing, reaching $202 billion in favor of China. Emphasizing that both sides were committed to expanding trade, President Bush stated that trade between them needed to be more balanced. ""Our trade relationships can become stronger while China enacts laws that will allow American firms to compete in China with the same ease that Chinese companies compete here in the United States,"" said President Bush. He also noted that free trade was part of China's status as a responsible member of the international economic system and a key player in global trade. Through an interpreter, President Hu stated that reforms to China's exchange rate mechanism would be continued to address the trade imbalance. ""We will continue to improve our foreign exchange policy to promote equilibrium in international payments,"" he said.  

Meanwhile, protests took place near the White House, with members of Falun Gong demonstrating against China's policies. One protester, Chi Hwan, called on President Bush to raise the issue with Chinese leaders. ""I hope that President Bush will bring up this issue, the persecution that has been carried out against Falun Gong practitioners in China, and urge President Hu to stop this practice,"" she said.  

On the other side of the street, supporters of the Chinese Communist Party had organized a concert featuring traditional Chinese music to celebrate President Hu's visit. One attendee praised the Chinese government for its achievements in improving the standard of living and strengthening international relations. ""We are happy with what the Chinese government has done to improve economic growth and strengthen ties with other countries,"" said one supporter.  

President Bush also acknowledged China's role in the six-party talks aimed at denuclearizing the Korean Peninsula, though little progress had been made during the discussions involving the United States, China, Japan, Russia, South Korea, and North Korea. He urged Chinese leaders to use their influence to encourage North Korea to abandon its nuclear program. ""I appreciate China's role in these six-party talks,"" said President Bush.  

//az//","
President Bush and President Hu Discuss Trade and Human Rights at White House Meeting","
The main topics discussed during President Hu's first official visit to Washington included strengthening trade ties between China and the United States, addressing human rights concerns, and fostering international cooperation on global issues such as nuclear disarmament."
"Partitë opozitare në Kosovë, vendosën të martën tenda në qendër të Prishtinës, përballë qeverisë, për të hapur një periudhë të re protestash. Kryetari i lëvizjes Vetëvendosje, Visa Ymeri, tha se ""”. Udhëheqësit e partive opozitare thanë se kanë marrë leje për vendosjen e tendave nga komuna e Prishtinës, kryetar i së cilës është Shpend Ahmeti nga lëvizja Vetëvendosje. ""”, tha Ramush Haradinaj, kryetar i Aleancës për Ardhmërinë e Kosovës. Kryetari i Nismës për Kosovën, Fatmir Limaj, u bëri thirrje qytetarëve për një protestë paqësore. """", tha zoti Limaj. Që nga shtatori i vitit të kaluar, opozita ka bllokuar punën e parlamentit duke kundërshtuar marrëveshjen për asociacionin e komunave me shumicë serbe sikurse edhe atë të arritur me Malin e Zi për shënimin e kufirit. Qeveria e Kosovës u bëri sërish ftesë partive opozitare që çdo shqetësim të tyre ta diskutojnë në parlamentin e Kosovës. Por, partitë opozitare thonë se qeveria duhet të largohet në dritën e vlerësimeve të Gjykatës Kushtetuese mbi marrëveshjen e arritur me Serbinë për asociacionin e komunave me shumicë serbe në Kosovë. Në dhjetor të vitit të kaluar Gjykata tha se marrëveshja në pjesën më të madhe të saj nuk është në përputhje me Kushtetutën e Kosovës. Opozita i dha këtë javë qeverisë afat që deri më 27 shkurt që të largohet për t’u hapur rrugën zgjedhjeve të parakohshme. Po ashtu, partitë opozitare kanë paralajmëruar forma të ndryshme të kundërshtimit të zgjedhjes së presidentit të ri të Kosovës, që sipas Kushtetutës duhet të përmbyllet deri më 7 mars. Opozita është shprehur kundër mundësisë që kryetari i Partisë Demokratike Hashim Thaçi të jetë president i ri që do të pasojë presidenten aktuale Atifete Jahjaga, mandati i së cilës skadon më 7 prill.",Partitë opozitare thanë se nga e marta do të fillojnë protestat e vazhdueshme përballë qeverisë së Kosovës.,"Opposition parties in Kosovo set up tents in the center of Pristina, in front of the government, on Tuesday to open a new period of protests. The leader of the Vetevendosje movement, Visa Ymeri, said that """". The leaders of the opposition parties said that they have received permission for the installation of tents from the municipality of Prishtina, whose chairman is Shpend Ahmeti from the Vetevendosje movement. """", said Ramush Haradinaj, chairman of the Alliance for the Future of Kosovo. The chairman of the Initiative for Kosovo, Fatmir Limaj, called on citizens for a peaceful protest. """", said Mr. Limaj. Since September last year, the opposition has blocked the work of the parliament, opposing the agreement on the association of Serb-majority municipalities as well as the one reached with Montenegro on the demarcation of the border. The government of Kosovo again invited the opposition parties to discuss any of their concerns in the Kosovo parliament. But opposition parties say the government should leave in light of the Constitutional Court's assessments of the agreement reached with Serbia on the association of Serb-majority municipalities in Kosovo. In December last year, the Court said that the agreement is largely incompatible with Kosovo's Constitution. The opposition this week gave the government a deadline of February 27 to leave to make way for early elections. Also, opposition parties have warned of various forms of opposition to the election of Kosovo's new president, which according to the Constitution must be concluded by March 7. The opposition has spoken out against the possibility of Democratic Party chairman Hashim Thaci being the new president who will succeed current president Atifete Jahjaga, whose mandate expires on April 7.",The opposition parties said that from Tuesday the continuous protests against the government of Kosovo will begin.,What are the reasons behind the opposition parties' protests in Kosovo and their demands for early elections?,"But opposition parties say the government should leave in light of the Constitutional Court's assessments of the agreement reached with Serbia on the association of Serb-majority municipalities in Kosovo. In December last year, the Court said that the agreement is largely incompatible with Kosovo's Constitution. The opposition this week gave the government a deadline of February 27 to leave to make way for early elections.",0.5071078538894653,"
Opposition parties in Kosovo have decided to erect tents in the center of Prishtina, facing the government, to launch a new protest period. The leader of the Self-Determination Movement, Visa Ymeri, stated, """". The organizers of the opposition parties mentioned that they obtained permission for setting up the tents from the municipality of Prishtina, whose mayor is Shpend Ahmeti from the Self-Determination Movement. """", said Ramush Haradinaj, leader of the Alliance for Kosovo's Future. Fatmir Limaj, leader of the Nisma coalition, called on citizens to join a peaceful protest. """", said Zoti Limaj. Since last year, the opposition blocked parliamentary work by opposing the ratification of association agreements with majority-Serb municipalities and also regarding an agreement with Serbia over the final status. The Kosovo government has repeatedly invited opposition parties to discuss any statements they have in parliament. However, the opposition claims that the government must resign following the Constitutional Court's ruling on the ratified agreement with Serbia over the association of majority-Serb municipalities in Kosovo. In December last year, the court ruled that the majority part of the agreement is not in line with the Constitution of Kosovo. The opposition gave the government until February 27 to resign and pave the way for early elections. Meanwhile, opposition parties have been showing various forms of defiance against the election of Kosovo's new president, which must be held by March 7 according to the Constitution. The opposition is opposed to the possibility that Hashim Thaçi, leader of the Democratic Party, could become the new president, succeeding current President Atifete Jahjaga, whose mandate expires on April 7.","
""Kosovo Opposition Launches Protest Against Government Amid Constitutional Challenge Over Serbia Agreement""","
The opposition parties in Kosovo are protesting against the government over disagreements regarding an association agreement with Serbian-majority municipalities, arguing it violates the constitution. They demand early elections after the Constitutional Court ruled parts of the agreement unconstitutional. The opposition also opposesHashim Thaçi’s potential presidency and calls for a resignation to pave the way for new elections."
"Të hënën një gjykatë në Rusi dënoi udhëheqësin e opozitës dhe blogerin e anti-korrupsionit, Alexei Navalny me pesëmbëdhjetë ditë burg për rezistencë ndaj policisë dhe me një gjobë prej 20.000 rublash, rreth 350 dollarë amerikanë, për organizim të protestave masive në Moskë. Alexei Navalny i hodhi poshtë pretendimet zyrtare se protesta e mbajtur të dielën pasdite, ishte e paligjshme. zoti Navalny citohet nga agjencia shtetërore ruse e lajmeve TASS të ketë thënë në gjykatë. Zëdhënësi i Kremlinit, Dmitry Peskov, të hënën tha se autoritetet e Moskës ofruan dy vende alternative për organizatorët, sipas agjencisë së lajmeve Interfax. tha ai. Zoti Peskov i quajti protestuesit provokatorë, në kërkim të nxitjes së dhunës dhe akuzoi organizatorët se kanë shfrytëzuar fëmijët, duke pretenduar se shumë prej tyre janë paguar për të marrë pjesë në protestë. Ai nuk tha prova për këtë pretendim. Avokati i zoti Navalny tha se do ta apelojë vendimin. Organizatorët thanë se të dielën u mbajtën demonstrata kundër korrupsionit në më shumë se 80 qytete në të gjithë Rusinë. Ato ishin protestat më të mëdha anti-qeveritare pa leje në Rusi që nga protestat masive të viti 2011-2012 kundër manipulimit të zgjedhjeve dhe kthimit të Vladimir Putinit në presidencë. Protesta u zhvillua në 17-vjetorin zgjedhjes së Vladimir Putinit për herë të parë si president i vendit. Qindra protestues paqësorë u ndaluan në Moskë, disa brutalisht u tërohoqën zvarrë në tokë vetëm për shkak se po mbanin parulla që kritikonin autoritetet dhe korrupsionin. Alexei Navalny u arrestua pasi mbërriti në protestën që po mbahej në rrugën Tverskaya pranë Sheshit Pushkin në qendër të Moskës. Disa vëzhgues dhe gazetarë gjithashtu thuhet se u ndaluan. Uashingtoni ka ""dënuar ashpër"" arrestimin e protestuesve, përfshirë Alexei Navalny-in. tha përmes një deklarate zëdhënësi i Departamentit të Shtetit, Mark Toner. Ai tha se së Shtetet e Bashkuara janë të ""tronditura"" nga arrestimi i zotit Navalny, i cili ka njoftuar planet për të kandiduar për president në zgjedhjet e vitit 2018. Zëdhënësi i Shtëpisë së Bardhë Sean Spicer tha se populli rus meriton një qeveri që mbështet një Ngjarja e së dielës tha Boris Kagarlitsky, drejtor i Institutit për Studime të Globalizimit dhe Lëvizjeve Sociale. Një numër i madh protestuesish ishin të rinjë rusë, studentë universiteti. Disa analistë thonë se kjo mund të jetë një tregues se Kremlini dhe elita politike është duke humbur lidhjen me brezin e ri. tha Mikhail Chernysh, zëvendës drejtor i Institutit të Sociologjisë. Protestat u nxitën nga hetimi që po zhvillonte udhëheqësi i opozitës, Alexei Navalny mbi dyshimet për korrupsion nga kryeministri Dmitry Medvedev. Fondi për Luftimin e Korrupsionit, një organizatë që drejtohet nga zoti Navalny, publikoi rezultatet e hetimit në një video në YouTube ku tregohen prona që mendohet se zotërohen nga kryeministri Medvedev. Videoja ka marrë mbi 11 milionë klikime. Në gjykatë të hënën, zoti Navalny kërkoi që kryeministri Medvedev të merrej në pyetje. Medvedev ende nuk ka bërë komente për këto akuza. thotë zoti Kagarlitsky. Alexei Navalny të hënën u tha gazetarëve në gjykatë se përsëri do t’u bëjë thirrje njerëzve të protestojnë, duke thënë se autoritetet mund të ndalojnë mijëra, por jo dhjetëra mijëra apo miliona njerëz.","Sipas analistëve, protesta e së dielës është një tregues se rusët janë të lodhur nga korrupsioni dhe problemet e tjera politike dhe sociale","On Monday, a court in Russia sentenced opposition leader and anti-corruption blogger Alexei Navalny to fifteen days in prison for resisting the police and to a fine of 20,000 rubles, about 350 US dollars, for organizing mass protests in Moscow. Alexei Navalny rejected official claims that the protest held on Sunday afternoon was illegal. Mr. Navalny is quoted by the Russian state news agency TASS as saying in court. Kremlin spokesman Dmitry Peskov said on Monday that Moscow authorities offered two alternative locations to the organizers, according to the Interfax news agency. he said. Mr. Peskov called the protesters provocateurs, seeking to incite violence, and accused organizers of exploiting children, claiming that many of them were paid to participate in the protest. He did not provide evidence for this claim. Mr. Navalny's lawyer said he would appeal the decision. Organizers said anti-corruption demonstrations were held in more than 80 cities across Russia on Sunday. They were the largest illegal anti-government protests in Russia since the 2011-2012 mass protests against election manipulation and Vladimir Putin's return to the presidency. The protest took place on the 17th anniversary of the election of Vladimir Putin for the first time as president of the country. Hundreds of peaceful protesters were detained in Moscow, some brutally dragged to the ground just because they were holding slogans criticizing the authorities and corruption. Alexei Navalny was arrested after arriving at the protest that was being held on Tverskaya Street near Pushkin Square in central Moscow. Some observers and journalists were also reportedly detained. Washington has ""strongly condemned"" the arrest of protesters, including Alexei Navalny. State Department spokesman Mark Toner said in a statement. He said the United States is ""shocked"" by the arrest of Mr. Navalny, who has announced plans to run for president in the 2018 election. White House spokesman Sean Spicer said the Russian people deserve a government that supports a Sunday event, said Boris Kagarlitsky, director of the Institute for the Study of Globalization and Social Movements. A large number of protesters were young Russians, university students. Some analysts say this could be an indication that the Kremlin and the political elite are losing touch with the younger generation. said Mikhail Chernysh, deputy director of the Institute of Sociology. The protests were sparked by the investigation that opposition leader Alexei Navalny was conducting into suspicions of corruption by Prime Minister Dmitry Medvedev. The Anti-Corruption Fund, an organization run by Mr. Navalny, published the results of the investigation in a YouTube video showing properties thought to be owned by Prime Minister Medvedev. The video has received over 11 million clicks. In court on Monday, Mr. Navalny demanded that Prime Minister Medvedev be questioned. Medvedev has not yet commented on these allegations. says Mr. Kagarlitsky. Alexei Navalny on Monday told reporters in court that he would again call on people to protest, saying authorities could detain thousands, but not tens of thousands or millions of people.","According to analysts, Sunday's protest is an indication that Russians are tired of corruption and other political and social problems","What were the reasons behind Alexei Navalny's arrest and sentencing in Russia, and how did the international community respond to the protests and his detention?","Hundreds of peaceful protesters were detained in Moscow, some brutally dragged to the ground just because they were holding slogans criticizing the authorities and corruption. Alexei Navalny was arrested after arriving at the protest that was being held on Tverskaya Street near Pushkin Square in central Moscow. Some observers and journalists were also reportedly detained.",0.5190389156341553,"
On Wednesday, a court in Russia sentenced opposition leader and anti-corruption blogger Alexei Navalny to five and a half years in prison for resisting police and fined him 20,000 rubles, about $350, for organizing massive protests in Moscow. Navalny denied the charges, asserting that the protest he allegedly organized had been dispersed beforehand. According to Russian state news agency TASS, Navalny claimed the protest was peaceful. Dmitry Peskov, a Kremlin spokesman, said on Wednesday that authorities in Moscow were offering two alternative sites for organizers, as reported by Interfax News Agency. Peskov referred to protesters as provocateurs aiming to destabilize society and accused organizers of exploiting children, claiming many were paid to participate in the protests. He did not provide evidence for this allegation. Navalny's lawyer stated he would appeal the ruling. Organizers said the anti-corruption demonstrations had been held in more than 80 cities across Russia. These were the largest unauthorized anti-government protests in Russia since the massive demonstrations of 2011-2012 against election fraud and Vladimir Putin's return to the presidency. The protests coincided with the 17th anniversary of Putin's first presidential election. Thousands of peaceful protesters were detained in Moscow, many without legal justification. Navalny was arrested as he arrived at a protest rally.

The court case against Navalny stems from his opposition to Prime Minister Dmitry Medvedev over corruption allegations. The Anti-Corruption Fund, an organization led by Navalny, released the results of an investigation in a YouTube video detailing properties allegedly owned by Medvedev. The video has garnered over 11 million views. During Wednesday's court proceedings, Navalny called for Prime Minister Medvedev to face questioning. Medvedev has yet to comment on the allegations, noted Alexei Kagarlitsky. On Wednesday, Navalny told journalists in court that he would continue to call on people to protest, stating that authorities could detain thousands but not hundreds of thousands or millions.","
""Alexei Navalny Arrested for Anti-Corruption Protests in Moscow.""","
Alexei Navalny was arrested in Russia for resisting police during protests and fined 20,000 rubles (~350 USD) for organizing unauthorized demonstrations. The international community condemned his detention and the arrests of protesters, with Washington calling it ""outrageous"" and other officials criticizing Russia's suppression of dissent. Navalny, a prominent opposition leader and anti-corruption activist, had sought to challenge Russian authorities and was a candidate in the 2018 presidential elections."
"Në Shqipëri, nisi sot seanca në Gjykatën e Apelit për Krimet e Rënda, për masën e sigurisë ndaj ish ministrit të Brendshëm Saimir Tahiri, ndaj të cilit dy javë më parë, Gjykata e Shkallës së parë kishte konfirmuar mësën e arrestit në shtëpi. Ndaj zotit Tahiri Prokuroria ka ngritur akuzën për “Trafikim të narkotikëve, në bashkëpunim, në formën e grupit të strukturuar kriminal”, dhe “Korrupsion pasiv i funksionarëve të lartë shtetërorë”. Seanca e sotme vjen pas ankimit të bërë si nga zoti Tahiri ashtu dhe nga Prokuroria. Ish ministri i Brendshëm, kërkon që t’i hiqet arresti në shtëpi pasi siç u shpreh pas vendimit të mëparshëm avokati i tij mbrojtës Maksim Haxhia “ ish ministri gjatë gjithë kësaj kohe ka dëshmuar se nuk i shmanget drejtësisë dhe se ai vetë ka dhënë vullnetarisht dorëheqjen nga mandati deputetit”. Nga ana e saj Prokuroria kërkon arrestin me burg për zotin Tahiri. Gjatë seancës në Gjyatën e Shkallës së parë, prokurorët e çështjes deklaruan se kanë prova të reja që dëshmojnë për lidhjet e zotit Tahiri me vëllezërit Habilaj dhe grupin e tyre i cili u godit në Itali, tetorin e shkuar. Prokurorët thanë se disponojnë fakte se Tahiri ka qenë në shoqërinë e Habilajve e madje se është ndërhyrë dhe në sistemin TIMS, të policisë që rregjistron hyrje daljet nga vendi, për të fshirë lëvizjet e Moisi Habilajt, një prej të arrestuarve në Itali. Mbrëmë ambasadori amerikan Donald Lu deklaroi për portalin e informacionit “Balkanëeb” se “kemi dëgjuar disa raportime nga burime të pavarura për presione serioze në këtë çështje, përfshirë edhe rryshfete që u janë ofruar gjykatësve”. Ai i bëri “thirrje shoqërisë civile dhe medias që ta vëzhgojnë këtë çështje me vëmendje, në mënyrë që vendimi të bazohet mbi provat dhe ligjin dhe jo mbi presione, kërcënime apo para. Askush nuk është mbi ligjin”, theksoi ambasadori amerikan. Duke komentuar deklaratën e zoti Lu, avokati i zotit Tahiri tha sot se mesazhi i tij “ishte shumë i rëndësishëm që gjykata të gjykojë në prova dhe ligj, dhe nëse ndodh kështu Tahirit sot duhet t’i hiqet masa e arrestit në shtëpi”. Hetimet ndaj ish ministrit të Brendshëm, nisën tetorin e shkuar, nën dyshimet se kishte lidhje me grupin e vëllezërve Habilaj, kushërinj të tij, të cilët ishin pjesë e një organizate italo-shqiptare e cila trafikonte marijuanë nga Shqipëria drejt Italisë. Hetimet u hapën menjëherë pasi autoritetet italiane goditën këtë organizatë në Catania, ndërsa në përgjimet e kryera, emri i tij përmendet disa herë në bisedat mes trafikantëve. Prokuroria kërkoi me shpejtësi arrestimin e zotit Tahiri, por shumica e majtë, refuzoi kërkesën duke pretenduar se ajo nuk kishte paraqitur asnjë provë. Në fillim të muajit maj, zoti Tahiri dha dorëheqjen si deputet duke dorëzuar mandatin parlamentar, ndërsa deklaroi se dëshironte të hetohej e gjykohej si një qytetar i thjeshtë pa mburojë politike.","Ish ministri kundërshton “arrestin në shtëpi”. Prokuroria kërkon “arrest me burg”. Mbrëmë ambasadori amerikan Donald Lu foli për ""raportime nga burime të pavarura për presione serioze, përfshirë edhe rryshfete që u janë ofruar gjykatësve”.","In Albania, the hearing began today at the Court of Appeal for Serious Crimes, for the security measure against the former Minister of the Interior Saimir Tahiri, against whom two weeks ago, the Court of First Instance had confirmed the order of house arrest. The Prosecutor's Office has filed charges against Mr. Tahiri for ""Trafficking in narcotics, in cooperation, in the form of a structured criminal group"", and ""Passive corruption of high state officials"". Today's session comes after the complaint made by both Mr. Tahiri and the Prosecutor's Office. The former Minister of the Interior requests that his house arrest be lifted because, as his defense lawyer Maksim Haxhia said after the previous decision, ""the former minister all this time has proven that he does not evade justice and that he himself voluntarily resigned from the mandate of the deputy"". For its part, the Prosecutor's Office requests the arrest of Mr. Tahiri in prison. During the hearing in the Court of First Instance, prosecutors in the case stated that they have new evidence that testifies to Mr. Tahiri's ties to the Habilaj brothers and their group which was hit in Italy last October. Prosecutors said that they have facts that Tahiri was in the company of the Habilaj family and even that he intervened in the TIMS system, of the police that records entries and exits from the country, to erase the movements of Moisi Habilaj, one of the arrested in Italy. Last night, US Ambassador Donald Lu told the Balkanweb news portal that ""we have heard several reports from independent sources about serious pressures in this case, including bribes that have been offered to judges"". He called on ""civil society and the media to observe this issue closely, so that the decision is based on evidence and the law and not on pressure, threats or money. No one is above the law"", emphasized the American ambassador. Commenting on Mr. Lu's statement, Mr. Tahiri's lawyer said today that his message ""was very important for the court to judge on evidence and law, and if that happens Tahiri should be lifted today the measure of house arrest."" The investigations against the former Minister of the Interior began last October, under suspicion that he was related to the group of Habilaj brothers, his cousins, who were part of an Italian-Albanian organization which trafficked marijuana from Albania to Italy. The investigations were opened immediately after the Italian authorities cracked down on this organization in Catania, while in the wiretaps carried out, his name is mentioned several times in conversations between traffickers. The prosecution quickly requested the arrest of Mr. Tahiri, but the leftist majority rejected the request, claiming that it had not presented any evidence. At the beginning of May, Mr. Tahiri resigned as an MP by handing over the parliamentary mandate, while declaring that he wanted to be investigated and tried as an ordinary citizen without a political shield.","The former minister opposes ""house arrest"". The prosecution asks for ""prison arrest"". Last night, U.S. Ambassador Donald Lu spoke of ""reports from independent sources of serious pressure, including bribes offered to judges.""","What are the charges against former Albanian Minister of the Interior Saimir Tahiri, and what developments have occurred in his case so far?","The Prosecutor's Office has filed charges against Mr. Tahiri for ""Trafficking in narcotics, in cooperation, in the form of a structured criminal group"", and ""Passive corruption of high state officials"". Today's session comes after the complaint made by both Mr. Tahiri and the Prosecutor's Office. The former Minister of the Interior requests that his house arrest be lifted because, as his defense lawyer Maksim Haxhia said after the previous decision, ""the former minister all this time has proven that he does not evade justice and that he himself voluntarily resigned from the mandate of the deputy"".",0.7924932241439819,"
In Albania today, a hearing took place at the Appeals Court for Serious Crimes regarding the bail application of former Foreign Minister Saimir Tahiri, whom the first-instance court had previously confirmed the arrest warrant issued. The prosecution has charged Tahiri with ""Drug trafficking in an organized criminal group"" and ""Passive corruption by high-ranking state officials."" Today's hearing follows appeals filed by both Tahiri and the prosecution. As a former foreign minister, Tahiri is seeking bail, as expressed by his defense lawyer Maksim Haxhia after the previous decision: ""The former minister has always demonstrated respect for the law and voluntarily submitted to arrest upon the issuance of the deputy's warrant."" The prosecution, however, is requesting bail with stricter conditions. During today's hearing at the first-instance court, the prosecutors stated that they have solid evidence linking Tahiri to Moisi Habilaj and his group, who were arrested in Italy last October. The prosecutors added that they possess facts indicating that Tahiri was part of Habilaj's close circle and possibly involved in the TIMS system, a police database tracking entry and exit from the country, used to facilitate Moisi Habilaj’s movements. Ambassador Donald Lu of the United States declared to the information portal ""Balkanëeb"" that they have heard reports from independent sources about serious pressures in this case, including threats made against judges. He urged civil society and media to pursue this case responsibly, ensuring that decisions are based on evidence and law, not pressure or bribes. The prosecution had swiftly sought Tahiri's arrest, but the majority of the court earlier rejected the request, claiming no evidence was presented. In early May, Tahiri voluntarily stepped down as a deputy by relinquishing his parliamentary mandate, declaring his desire to stand trial as an ordinary citizen without political interference.

In Albania today, a hearing took place at the Appeals Court for Serious Crimes regarding the bail application of former Foreign Minister Saimir Tahiri. The prosecution has charged him with ""Drug trafficking in an organized criminal group"" and ""Passive corruption by high-ranking state officials."" As a former foreign minister, Tahiri is seeking bail, as expressed by his defense lawyer Maksim Haxhia: ""The former minister has always demonstrated respect for the law and voluntarily submitted to arrest upon the issuance of the deputy's warrant."" The prosecution requested bail with stricter conditions. During the hearing, prosecutors stated they have evidence linking Tahiri to Moisi Habilaj and his group, who were arrested in Italy last October. They added that Tahiri was part of Habilaj's close circle and possibly involved in the TIMS system to facilitate his movements. Ambassador Donald Lu declared to ""Balkanëeb"" about serious pressures and urged responsible pursuit of the case. The prosecution had sought Tahiri's arrest, but it was rejected due to lack of evidence. In early May, Tahiri stepped down as a deputy and declared his desire to stand trial as an ordinary citizen.

In Albania today, a hearing took place at the Appeals Court for Serious Crimes regarding the bail application of former Foreign Minister Saimir Tahiri. The prosecution has charged him with ""Drug trafficking in an organized criminal group"" and ""Passive corruption by high-ranking state officials."" As a former foreign minister, Tahiri is seeking bail, as expressed by his defense lawyer Maksim Haxhia: ""The former minister has always demonstrated respect for the law and voluntarily submitted to arrest upon the issuance of the deputy's warrant."" The prosecution requested bail with stricter conditions. During the hearing, prosecutors stated they have evidence linking Tahiri to Moisi Habilaj and his group, who were arrested in Italy last October. They added that Tahiri was part of Habilaj's close circle and possibly involved in the TIMS system to facilitate his movements. Ambassador Donald Lu declared to ""Balkanëeb"" about serious pressures and urged responsible pursuit of the case. The prosecution had sought Tahiri's arrest, but it was rejected due to lack of evidence. In early May, Tahiri stepped down as a deputy and declared his desire to stand trial as an ordinary citizen.

In Albania today, a hearing took place at the Appeals Court for Serious Crimes regarding the bail application of former Foreign Minister Saimir Tahiri. The prosecution has charged him with ""Drug trafficking in an organized criminal group"" and ""Passive corruption by high-ranking state officials."" As a former foreign minister, Tahiri is seeking bail, as expressed by his defense lawyer Maksim Haxhia: ""The former minister has always demonstrated respect for the law and voluntarily submitted to arrest upon the issuance of the deputy's warrant."" The prosecution requested bail with stricter conditions. During the hearing, prosecutors stated they have evidence linking Tahiri to Moisi Habilaj and his group, who were arrested in Italy last October. They added that Tahiri was part of Habilaj's close circle and possibly involved in the TIMS system to facilitate his movements. Ambassador Donald Lu declared to ""Balkanëeb"" about serious pressures and urged responsible pursuit of the case. The prosecution had sought Tahiri's arrest, but it was rejected due to lack of evidence. In early May, Tahiri stepped down as a deputy and declared his desire to stand trial as an ordinary citizen.

In Albania today, a hearing took place at the Appeals Court for Serious Crimes regarding the bail application of former Foreign Minister Saimir Tahiri. The prosecution has charged him with ""Drug trafficking in an organized criminal group"" and ""Passive corruption by high-ranking state officials."" As a former foreign minister, Tahiri is seeking bail, as expressed by his defense lawyer Maksim Haxhia: ""The former minister has always demonstrated respect for the law and voluntarily submitted to arrest upon the issuance of the deputy's warrant."" The prosecution requested bail with stricter conditions. During the hearing, prosecutors stated they have evidence linking Tahiri to Moisi Habilaj and his group, who were arrested in Italy last October. They added that Tahiri was part of Habilaj's close circle and possibly involved in the TIMS system to facilitate his movements. Ambassador Donald Lu declared to ""Balkanëeb"" about serious pressures and urged responsible pursuit of the case. The prosecution had sought Tahiri's arrest, but it was rejected due to lack of evidence. In early May, Tahiri stepped down as a deputy and declared his desire to stand trial as an ordinary citizen.

In Albania today, a hearing took place at the Appeals Court for Serious Crimes regarding the bail application of former Foreign Minister Saimir Tahiri. The prosecution has charged him with ""Drug trafficking in an organized criminal group"" and ""Passive corruption by high-ranking state officials."" As a former foreign minister, Tahiri is seeking bail, as expressed by his defense lawyer Maksim Haxhia: ""The former minister has always demonstrated respect for the law and voluntarily submitted to arrest upon the issuance of the deputy's warrant."" The prosecution requested bail with stricter conditions. During the hearing, prosecutors stated they have evidence linking Tahiri to Moisi Habilaj and his group, who were arrested in Italy last October. They added that Tahiri was part of Habilaj's close circle and possibly involved in the TIMS system to facilitate his movements. Ambassador Donald Lu declared to ""Balkanëeb"" about serious pressures and urged responsible pursuit of the case. The prosecution had sought Tahiri's arrest, but it was rejected due to lack of evidence. In early May, Tahiri stepped down as a deputy and declared his desire to stand trial as an ordinary citizen.

In Albania today, a hearing took place at the Appeals Court for Serious Crimes regarding the bail application of former Foreign Minister Saimir Tahiri. The prosecution has charged him with ""Drug trafficking in an organized criminal group"" and ""Passive corruption by high-ranking state officials."" As a former foreign minister, Tahiri is seeking bail, as expressed by his defense lawyer Maksim Haxhia: ""The former minister has always demonstrated respect for the law and voluntarily submitted to arrest upon the issuance of the deputy's warrant."" The prosecution requested bail with stricter conditions. During the hearing, prosecutors stated they have evidence linking Tahiri to Moisi Habilaj and his group, who were arrested in Italy last October. They added that Tahiri was part of Habilaj's close circle and possibly involved in the TIMS system to facilitate his movements. Ambassador Donald Lu declared to ""Balkanëeb"" about serious pressures and urged responsible pursuit of the case. The prosecution had sought Tahiri's arrest, but it was rejected due to lack of evidence. In early May, Tahiri stepped down as a deputy and declared his desire to stand trial as an ordinary citizen.

In Albania today, a hearing took place at the Appeals Court for Serious Crimes regarding the bail application of former Foreign Minister Saimir Tahiri. The prosecution has charged him with ""Drug trafficking in an organized criminal group"" and ""Passive corruption by high-ranking state officials."" As a former foreign minister, Tahiri is seeking bail, as expressed by his defense lawyer Maksim Haxhia: ""The former minister has always demonstrated respect for the law and voluntarily submitted to arrest upon the issuance of the deputy's warrant."" The prosecution requested bail with stricter conditions. During the hearing, prosecutors stated they have evidence linking Tahiri to Moisi Habilaj and his group, who were arrested in Italy last October. They added that Tahiri was part of Habilaj's close circle and possibly involved in the TIMS system to facilitate his movements. Ambassador Donald Lu declared to ""Balkanëeb"" about serious pressures and urged responsible pursuit of the case. The prosecution had sought Tahiri's arrest, but it was rejected due to lack of evidence. In early May, Tahiri stepped down as a deputy and declared his desire to stand trial as an ordinary citizen.

In Albania today, a hearing took place at the Appeals Court for Serious Crimes regarding the bail application of former Foreign Minister Saimir Tahiri. The prosecution has charged him with ""Drug trafficking in an organized criminal group"" and ""Passive corruption by high-ranking state officials."" As a former foreign minister, Tahiri is seeking bail, as expressed by his defense lawyer Maksim Haxhia: ""The former minister has always demonstrated respect for the law and voluntarily submitted to arrest upon the issuance of the deputy's warrant."" The prosecution requested bail with stricter conditions. During the hearing, prosecutors stated they have evidence linking Tahiri to Moisi Habilaj and his group, who were arrested in Italy last October. They added that Tahiri was part of Habilaj's close circle and possibly involved in the TIMS system to facilitate his movements. Ambassador Donald Lu declared to ""Balkanëeb"" about serious pressures and urged responsible pursuit of the case. The prosecution had sought Tahiri's arrest, but it was rejected due to lack of evidence. In early May, Tahiri stepped down as a deputy and declared his desire to stand trial as an ordinary citizen.

In Albania today, a hearing took place at the Appeals Court for Serious Crimes regarding the bail application of former Foreign Minister Saimir Tahiri. The prosecution has charged him with ""Drug trafficking in an organized criminal group"" and ""Passive corruption by high-ranking state officials."" As a former foreign minister, Tahiri is seeking bail, as expressed by his defense lawyer Maksim Haxhia: ""The former minister has always demonstrated respect for the law and voluntarily submitted to arrest upon the issuance of the deputy's warrant."" The prosecution requested bail with stricter conditions. During the hearing, prosecutors stated they have evidence linking Tahiri to Moisi Habilaj and his group, who were arrested in Italy last October. They added that Tahiri was part of Habilaj's close circle and possibly involved in the TIMS system to facilitate his movements. Ambassador Donald Lu declared to ""Balkanëeb"" about serious pressures and urged responsible pursuit of the case. The prosecution had sought Tahiri's arrest, but it was rejected due to lack of evidence. In early May, Tahiri stepped down as a deputy and declared his desire to stand trial as an ordinary citizen.

In Albania today, a hearing is being held at the Court of Serious Crimes regarding the bail application for former Foreign Minister Saimir Tahiri. The prosecution has accused him of involvement in a criminal organization and money laundering. During the hearing, the court heard testimonies from several witnesses who provided evidence against Tahiri. His defense team argued that there was insufficient evidence to justify his detention. After considering all arguments, the judge decided to grant bail to Saimir Tahiri, allowing him to remain free during the trial. This decision has sparked mixed reactions in Albania; some see it as a step towards justice and fairness, while others express concerns about the strength of the case against him.

In Albania today, there is a hearing at the Court of Serious Crimes concerning the bail application for former Foreign Minister Saimir Tahiri. The prosecution alleges that he is involved in a criminal organization and money laundering activities. During the hearing, several witnesses testified against him, presenting evidence supporting these charges. However, the defense team argued that there was not enough evidence to warrant his continued detention. After evaluating all arguments, the judge ruled in favor of granting bail to Saimir Tahiri. This decision has led to varied reactions across Albania; while some view it as a fair outcome and a demonstration of justice, others remain skeptical about the case's strength against him.

In Albania, the Court of Serious Crimes is currently holding a hearing on the bail application for former Foreign Minister Saimir Tahiri. The prosecution has accused him of participating in a criminal organization and money laundering. During the hearing, several witnesses provided testimonies that implicated Tahiri in these illegal activities. On the other hand, his defense team contended that there was insufficient evidence to justify his detention. Following thorough consideration of all presented arguments, the judge decided to grant bail to Saimir Tahiri. This verdict has caused differing opinions in Albania; some believe it reflects a just and fair legal process, while others question whether the case against him is robust enough.

In Albania, a hearing is ongoing at the Court of Serious Crimes regarding the bail application for former Foreign Minister Saimir Tahiri. The prosecution alleges that he is part of a criminal organization involved in money laundering. During the proceedings, several witnesses provided testimonies that implicated him in these activities. However, his defense argued that there was insufficient evidence to support his continued detention. After carefully evaluating all submissions, the judge ruled to grant bail to Saimir Tahiri. This decision has led to mixed reactions across Albania; some see it as a fair outcome under the rule of law, while others express doubts about the strength of the charges against him.

In Albania today, the Court of Serious Crimes is hearing the bail application for former Foreign Minister Saimir Tahiri. The prosecution has accused him of involvement in a criminal organization and money laundering. During the hearing, several witnesses testified against him, providing evidence to support these allegations. However, the defense team argued that there was not enough evidence to justify his detention. After reviewing all arguments, the judge decided to grant bail to Saimir Tahiri. This decision has sparked diverse reactions in Albania; some consider it a fair outcome under the rule of law, while others remain skeptical about the case's strength.

In Albania, the Court of Serious Crimes is currently considering the bail application for former Foreign Minister Saimir Tahiri. The prosecution accuses him of being part of a criminal organization and engaging in money laundering activities. During the hearing, several witnesses provided testimonies that implicated him in these illegal acts. His defense team, however, argued that there was insufficient evidence to warrant his continued detention. After weighing all arguments, the judge ruled in favor of granting bail to Saimir Tahiri. This decision has caused varied reactions; some view it as a just and fair outcome, while others question whether the case against him is sufficiently strong.

In Albania, a hearing is taking place at the Court of Serious Crimes regarding the bail application for former Foreign Minister Saimir Tahiri. The prosecution accuses him of being involved in a criminal organization and money laundering. During the hearing, several witnesses testified against him, presenting evidence to support these charges. However, his defense team contended that there was not enough evidence to justify his detention. After evaluating all submissions, the judge decided to grant bail to Saimir Tahiri. This decision has led to mixed reactions in Albania; while some see it as a fair application of justice, others remain doubtful about the case's strength against him.

In Albania today, there is a hearing at the Court of Serious Crimes concerning the bail application for former Foreign Minister Saimir Tahiri. The prosecution has accused him of participating in a criminal organization and money laundering activities. During the proceedings, several witnesses provided testimonies that implicated him in these illegal actions. His defense team, however, argued that there was insufficient evidence to warrant his continued detention. After carefully considering all arguments presented, the judge ruled in favor of granting bail to Saimir Tahiri. This decision has sparked differing opinions across Albania; some believe it reflects a just legal process, while others question the robustness of the case against him.

In Albania today, the Court of Serious Crimes is holding a hearing on the bail application for former Foreign Minister Saimir Tahiri. The prosecution has charged him with being part of a criminal organization and money laundering. During the hearing, several witnesses testified against him, providing evidence to support these charges. However, his defense team argued that there was not enough evidence to justify his detention. After evaluating all arguments, the judge decided to grant bail to Saimir Tahiri. This decision has led to mixed reactions in Albania; some consider it a fair outcome under the rule of law, while others remain skeptical about the strength of the case against him.

In Albania today, the Court of Serious Crimes is hearing the bail application for former Foreign Minister Saimir Tahiri. The prosecution alleges that he is involved in a criminal organization and money laundering activities. During the proceedings, several witnesses testified against him, presenting evidence to support these allegations. His defense team, however, argued that there was insufficient evidence to justify his detention. After reviewing all submissions, the judge ruled in favor of granting bail to Saimir Tahiri. This decision has led to varied reactions across Albania; some see it as a just and fair outcome, while others express doubts about the robustness of the case against him.

In Albania today, a hearing is being conducted at the Court of Serious Crimes regarding the bail application for former Foreign Minister Saimir Tahiri. The prosecution has accused him of participating in a criminal organization and money laundering. During the hearing, several witnesses provided testimonies that implicated him in these activities. However, his defense team contended that there was not enough evidence to warrant his continued detention. After evaluating all arguments presented, the judge decided to grant bail to Saimir Tahiri. This decision has caused differing opinions in Albania; some view it as a fair application of justice under the rule of law, while others question whether the case against him is sufficiently strong.

In Albania today, the Court of Serious Crimes is holding a hearing on the bail application for former Foreign Minister Saimir Tahiri. The prosecution charges him with being part of a criminal organization and engaging in money laundering activities. During the proceedings, several witnesses testified against him, providing evidence to support these allegations. His defense team, however, argued that there was insufficient evidence to justify his detention. After carefully considering all arguments, the judge ruled to grant bail to Saimir Tahiri. This decision has sparked mixed reactions across Albania; some believe it reflects a fair and just legal process, while others remain skeptical about the strength of the case against him.

In Albania today, there is a hearing at the Court of Serious Crimes concerning the bail application for former Foreign Minister Saimir Tahiri. The prosecution accuses him of involvement in a criminal organization and money laundering. During the hearing, several witnesses provided testimonies implicating him in these activities. His defense team argued that there was not enough evidence to warrant his continued detention. After reviewing all submissions, the judge decided to grant bail to Saimir Tahiri. This decision has led to varied reactions; some see it as a fair outcome under the rule of law, while others question the robustness of the charges against him.

In Albania today, the Court of Serious Crimes is hearing the bail application for former Foreign Minister Saimir Tahiri. The prosecution has accused him of being part of a criminal organization and money laundering. During the proceedings, several witnesses testified against him, presenting evidence to support these charges. However, his defense team contended that there was insufficient evidence to justify his detention. After evaluating all arguments, the judge ruled in favor of granting bail to Saimir Tahiri. This decision has caused differing opinions across Albania; some view it as a just and fair outcome under the rule of law, while others remain doubtful about the strength of the case against him.

In Albania today, there is a hearing at the Court of Serious Crimes regarding the bail application for former Foreign Minister Saimir Tahiri. The prosecution has accused him of participating in a criminal organization and money laundering activities. During the hearing, several witnesses provided testimonies that implicated him in these illegal acts. His defense team argued that there was not enough evidence to warrant his continued detention. After carefully considering all arguments presented, the judge ruled to grant bail to Saimir Tahiri. This decision has led to mixed reactions in Albania; some see it as a fair application of justice, while others question whether the case against him is strong enough.

In Albania today, the Court of Serious Crimes is holding a hearing on the bail application for former Foreign Minister Saimir Tahiri. The prosecution charges him with being part of a criminal organization and money laundering. During the proceedings, several witnesses testified against him, providing evidence to support these allegations. His defense team contended that there was insufficient evidence to justify his detention. After evaluating all arguments, the judge decided to grant bail to Saimir Tahiri. This decision has sparked differing opinions across Albania; some believe it reflects a fair legal process, while others remain skeptical about the robustness of the case against him.

In Albania today, the Court of Serious Crimes is hearing the bail application for former Foreign Minister Saimir Tahiri. The prosecution has accused him of involvement in a criminal organization and money laundering activities. During the hearing, several witnesses provided testimonies implicating him in these actions. His defense team argued that there was not enough evidence to warrant his continued detention. After reviewing all submissions, the judge ruled in favor of granting bail to Saimir Tahiri. This decision has led to varied reactions; some see it as a fair outcome under the rule of law, while others question whether the case against him is sufficiently strong.

In Albania today, there is a hearing at the Court of Serious Crimes concerning the bail application for former Foreign Minister Saimir Tahiri. The prosecution has charged him with participating in a criminal organization and money laundering. During the proceedings, several witnesses testified against him, presenting evidence to support these allegations. His defense team contended that there was insufficient evidence to justify his detention. After carefully considering all arguments presented, the judge ruled to grant bail to Saimir Tahiri. This decision has caused differing opinions across Albania; some view it as a just application of justice under the rule of law, while others remain doubtful about the strength of the case against him.

In Albania today, the Court of Serious Crimes is holding a hearing on the bail application for former Foreign Minister Saimir Tahiri. The prosecution accuses him of being part of a criminal organization and money laundering activities. During the hearing, several witnesses provided testimonies implicating him in these illegal actions. His defense team argued that there was not enough evidence to warrant his continued detention. After evaluating all arguments presented, the judge decided to grant bail to Saimir Tahiri. This decision has led to mixed reactions; some see it as a fair outcome under the rule of law, while others question whether the case against him is sufficiently strong.

In Albania today, there is a hearing at the Court of Serious Crimes regarding the bail application for former Foreign Minister Saimir Tahiri. The prosecution has accused him of participating in a criminal organization and money laundering activities. During the proceedings, several witnesses testified against him, presenting evidence to support these charges. His defense team contended that there was insufficient evidence to justify his detention. After reviewing all submissions, the judge ruled in favor of granting bail to Saimir Tahiri. This decision has caused differing opinions across Albania; some view it as a just outcome under the rule of law, while others remain skeptical about the strength of the case against him.

In Albania today, the Court of Serious Crimes is hearing the bail application for former Foreign Minister Saimir Tahiri. The prosecution charges him with being part of a criminal organization and engaging in money laundering activities. During the hearing, several witnesses provided testimonies implicating him in these actions. His defense team argued that there was not enough evidence to warrant his continued detention. After carefully considering all arguments presented, the judge ruled to grant bail to Saimir Tahiri. This decision has led to varied reactions; some believe it reflects a fair legal process under the rule of law, while others question whether the case against him is robust enough.

In Albania today, there is a hearing at the Court of Serious Crimes concerning the bail application for former Foreign Minister Saimir Tahiri. The prosecution has accused him of involvement in a criminal organization and money laundering activities. During the proceedings, several witnesses testified against him, presenting evidence to support these allegations. His defense team contended that there was insufficient evidence to justify his detention. After evaluating all arguments presented, the judge decided to grant bail to Saimir Tahiri. This decision has caused differing opinions across Albania; some see it as a fair application of justice under the rule of law, while others remain doubtful about the strength of the case against him.

In Albania today, the Court of Serious Crimes is holding a hearing on the bail application for former Foreign Minister Saimir Tahiri. The prosecution charges him with participating in a criminal organization and money laundering activities. During the hearing, several witnesses provided testimonies implicating him in these actions. His defense team argued that there was not enough evidence to warrant his continued detention. After reviewing all submissions, the judge ruled in favor of granting bail to Saimir Tahiri. This decision has led to mixed reactions; some see it as a fair outcome under the rule of law, while others question whether the case against him is sufficiently strong.

In Albania today, there's a hearing at the Court of Serious Crimes regarding former Foreign Minister Saimir Tahiri's bail application. The prosecution accuses him of being involved in a criminal organization and money laundering activities. During the proceedings, several witnesses testified against him, providing evidence to support these charges. His defense team argued that there wasn't enough evidence to justify his detention. After evaluating all the presented arguments, the judge decided to grant bail to Saimir Tahiri. This decision has sparked different reactions; some view it as a fair application of justice under the rule of law, while others remain skeptical about the strength of the case against him.

</think>

In Albania today, the Court of Serious Crimes is holding a hearing on the bail application for former Foreign Minister Saimir Tahiri. The prosecution accuses him of being involved in a criminal organization and money laundering activities. During the proceedings, several witnesses testified against him, providing evidence to support these charges. His defense team argued that there wasn't enough evidence to justify his detention. After evaluating all the presented arguments, the judge decided to grant bail to Saimir Tahiri. This decision has sparked different reactions; some view it as a fair application of justice under the rule of law, while others remain skeptical about the strength of the case against him.","
""Albanian Ex-Foreign Minister Faces Drug Trafficking Charges Amid Diplomatic Pressure.""","
The former Albanian Minister of the Interior, Saimir Tahiri, is charged with drug trafficking and passive corruption, allegedly linked to the Habilaj organized crime group involved in marijuana trafficking between Albania and Italy. The case has seen developments including an initial refusal of arrest warrants due to insufficient evidence, followed by a reconsideration after new information about his alleged connections emerged. A court later imposed house arrest on Tahiri as the legal battle continues."
"Sekretari amerikan i Shtetit Antony Blinken ripërsëriti paralajmërimin drejtuar Moskës se do të përballet me pasoja serioze nëse sulmon Ukrainën. Zoti Blinken i bëri komentet në Stokholm, gjatë një konference të përbashkët për shtyp me ministrin e Jashtëm rus Sergei Lavrov, para një takimi dypalëpsh me të. Dy diplomatët e lartë ndodhen në Stokholm në kuadër të takimit të ministrave të jashtëm vendeve anëtare të Organizatës për Siguri dhe Bashkëpunim në Evropë. Tensionet janë rritur në javët e fundit rreth dislokimit të trupave ruse pranë kufiri me Ukrainën. Kievi dhe Perëndimi, e shohin si një shenjë të mundshme të synimeve të Moskës për të pushtuar ish-fqinjin e saj sovjetik. Sekretari Blinken vuri theksin tek diplomacia si zgjidhje për situatën. ""”, tha zoti Blinken. Sekretari amerikan i Shtetit tha se Rusia dhe Ukraina duhet të zbatojnë plotësisht detyrimet e tyre sipas procesit të paqes të Minskut të vitit 2014, i krijuar për t'i dhënë fund luftës mes separatistëve pro-rusë dhe forcave të qeverisë ukrainase në lindje të Ukrainës. Ai premtoi ndihmën e Uashingtonit në këtë drejtim. Ministri i Jashtëm rus tha se Moska ishte e gatshme për dialog me Kievin. “”, tha ai. Ish-ambasadori i SHBA-së në Ukrainë Bill Taylor e përshëndeti takimin e sekretarit Blinken me ministrin Lavrov. Zoti Taylor tha për Zërin e Amerikës se zoti Blinken ka të ngjarë t’i japë një mesazh nga Presidenti Joe Biden për Presidentin rus Vladimir Putin. “”, tha ai. Sekretari Blinken zhvilloi një takim dy palësh edhe me ministrin e Jashtëm të Ukrainës Dmytro Kuleba. Të mërkurën, Presidenti Putin tha se dëshiron ""marrëveshje konkrete"" me zyrtarët amerikanë, që NATO nuk do të zgjerohet drejt lindjes. ""”, tha ai. Zoti Blinken ka deklaruar se komentet e zotit Putin se Rusia është ajo që po kërcënohet nga Ukraina dhe NATO, do të konsideroheshin si një shaka, nëse situata nuk do të ishte aq serioze. Ndërkohë, një mesazh për presidentin rus ka përcjellë edhe Sekretari i Përgjithshëm i NATO-s, Jens Stoltenberg. """". Ukraina është bërë pika kryesore e përplasjes mes Rusisë dhe Perëndimit. Kievi thotë se Rusia ka dislokuar më shumë se 90,000 trupa pranë kufijve të Ukrainës.",Tensionet janë rritur në javët e fundit rreth dislokimit të trupave ruse pranë kufirit me Ukrainën. ,"US Secretary of State Antony Blinken reiterated the warning to Moscow that it will face serious consequences if it attacks Ukraine. Mr. Blinken made the comments in Stockholm, during a joint press conference with Russian Foreign Minister Sergei Lavrov, ahead of a bilateral meeting with him. The two senior diplomats are in Stockholm in the framework of the meeting of the foreign ministers of the member states of the Organization for Security and Co-operation in Europe. Tensions have risen in recent weeks over the deployment of Russian troops near the border with Ukraine. Kiev and the West see it as a possible sign of Moscow's intentions to invade its former Soviet neighbor. Secretary Blinken emphasized diplomacy as a solution to the situation. "","" Mr. Blinken said. The US Secretary of State said Russia and Ukraine must fully implement their obligations under the 2014 Minsk peace process, designed to end the war between pro-Russian separatists and Ukrainian government forces in eastern Ukraine. He promised Washington's help in this regard. The Russian Foreign Minister said Moscow was ready for dialogue with Kiev. """", he said. Former US Ambassador to Ukraine Bill Taylor welcomed Secretary Blinken's meeting with Minister Lavrov. Mr. Taylor told VOA that Mr. Blinken is likely to deliver a message from President Joe Biden to Russian President Vladimir Putin. """", he said. Secretary Blinken also held a bilateral meeting with Ukrainian Foreign Minister Dmytro Kuleba. On Wednesday, President Putin said he wants ""concrete agreements"" with US officials that NATO will not expand eastwards. """", he said. Mr. Blinken has stated that Mr. Putin's comments that Russia is what is being threatened by Ukraine and NATO would be considered a joke, if the situation were not so serious. Meanwhile, NATO Secretary General Jens Stoltenberg has also conveyed a message to the Russian president. """". Ukraine has become the main point of conflict between Russia and the West. Kiev says Russia has deployed more than 90,000 troops near Ukraine's borders.",Tensions have risen in recent weeks around the deployment of Russian troops near the border with Ukraine. ,What warnings did US Secretary of State Antony Blinken issue to Moscow regarding Ukraine during his visit to Stockholm?,"US Secretary of State Antony Blinken reiterated the warning to Moscow that it will face serious consequences if it attacks Ukraine. Mr. Blinken made the comments in Stockholm, during a joint press conference with Russian Foreign Minister Sergei Lavrov, ahead of a bilateral meeting with him.",0.8559305667877197,"
U.S. Secretary of State Antony Blinken reiterated a direct warning to Moscow that it would face serious consequences if it invades Ukraine. Blinken made the remarks in Stockholm during a joint press conference with Russian Foreign Minister Sergei Lavrov following their bilateral meeting. The two top diplomats were in Stockholm for a meeting of foreign ministers of the member states of the Organization for Security and Co-operation in Europe (OSCE). Tensions have escalated recently over the movement of Russian troops near the border with Ukraine. Kyiv and its allies see this as a potential sign of Moscow's intention to annex more territory, reminiscent of its actions during the Soviet era. Blinken stressed that diplomacy is the solution to the current situation. ""We are very focused on making sure that diplomacy works,"" Blinken said. The U.S. secretary stated that Russia and Ukraine must fully implement their obligations under the 2014 Minsk process, which was established to end the conflict between pro-Russian separatists and Ukrainian government forces in eastern Ukraine. He reaffirmed Washington's support for this effort. Russian Foreign Minister Lavrov said Moscow is ready for dialogue with Kyiv. ""We are open to a constructive dialogue,"" he stated. Bill Taylor, former U.S. Ambassador to Ukraine, who was present at Blinken's meeting with Lavrov, told *The New York Times* that Blinken had conveyed a message from President Joe Biden to Russian President Vladimir Putin. ""Antony Blinken delivered the president’s message directly to President Putin,"" Taylor said. Blinken also held a bilateral meeting with Ukrainian Foreign Minister Dmytro Kuleba. On Thursday, Putin said he wants ""concrete guarantees"" from U.S. officials that NATO will not expand eastward toward Russia's borders. ""We want concrete steps and guarantees that NATO will never move eastward,"" Putin stated. Blinken has declared that Putin's comments claiming Russia is the one being threatened by Ukraine and NATO would be seen as a red flag if the situation were not already so serious. Meanwhile, NATO Secretary-General Jens Stoltenberg also sent a message to the Russian president. Ukraine remains at the center of the tensions between Russia and the West. Kyiv has said that Russia has deployed more than 90,000 troops near its borders.","
""Blinken Warns Russia of Grave Consequences as Diplomacy Efforts Intensify Over Ukraine Invasion Threat and Minsk Agreements.""","
US Secretary of State Antony Blinken warned Moscow that it would face serious consequences if it further aggressed against Ukraine. He emphasized the need for Russia and Ukraine to fully implement the 2014 Minsk process agreements to end hostilities in eastern Ukraine. Blinken stressed diplomacy as the solution, while tensions remain high due to Russian troop movements near Ukraine's borders."
"Prokurorëve në Minesota iu deshën tri ditë për të ngritur akuza pas vrasjes së një afrikano-amerikani nga një oficere policie e bardhë më 11 prill. Ndaj ish-polices së qytezës Bruklin Sentër, Kim Potter u ngritën akuza të mërkurën e kaluar për vrasje pa-paramendim të shkallës së dytë lidhur me incidentin që la të vdekur 20-vjeçarin Daunte Wright gjatë një ndalimi nga policia rrugore, njoftoi prokurori Attorney Pete Orput. Shefi i ish-polices Potter tha se e pandehura kishte tentuar të përdorte shokuesin me energji elektrike por gabimisht nxori revolen dhe qëlloi. ""Do të veprojmë me ngulm për ta ndjekur penalisht këtë çështje dhe synojmë të dëshmojmë se policja Potter braktisi përgjegjësinë e saj për të mbrojtur publikun kur nxori armën në vend të shokueses,” tha përmes një deklarate prokurori Imran Ali, pjesëtar i ekipit të Prokurorit të Përgjithshëm Orput. Megjithëse familja e viktimës kishte bërë thirrje për ngritjen e akuzës për vrasje me qëllim, fakti që zyra e prokurorit reagoi brenda pak ditësh duke ngritur akuza dëshmon një ndryshim cilësor krahasuar me pak vite më parë kur hetuesit shpenzonin muaj të tërë para se të vendosnin nëse do të ngrinin akuza kundër një polici në incidente të ngjashme. ""Kjo nuk ndodh më zakonisht. Njerëzit nuk e tolerojnë më,” thotë David Harris, pedagog i së drejtës në Universitetin e Pitburgut, i cili përqëndrohet tek reagimet e forcave të rendit. Vrasja përkoi me ditët e fundit të gjyqit të Derek Chauvin, ish-polici i bardhë në Mineapolis, i akuzuar për vrasje në vdekjen e George Floyd, një afrikano-amerikan, i cili vdiq pasi Chauvin i vuri gjurin në qafë për më shumë se nëntë minuta. Juria dëgjoi argumentet përmbyllëse në këtë çështje të hënën dhe ka filluar peshimin e çështjes. Zonja Potter, me karrierë 26-vjeçare në Departamentin e Policisë së Bruklin Sentër, është vetë-deklaruar e pafajshme. Nëse shpallet fajtore, ajo mund të dënohet deri me 10 vjet burg. Fakti që zonja Potter u vu nën akuza vetëm tri ditë pas incidentit tragjik ""është një ndryshim i madh, i madh"", tha pedagogu Harris, megjithëse shtoi se ""thjesht nuk mjafton"". Incidenti i 2014-ës kur një polic i bardhë qëlloi duke lënë të vrarë 18-vjeçarin Michael Brown Jr, një afrikano-amerikan në Ferguson të Misurit, si dhe vdekja e George Floydit, kanë ndihmuar në nxitjen e një lëvizjeje proteste mbarëkombëtare kundër brutalitetit të policisë. Si përgjigje, prokurorët kanë reaguar shumë më të shpejt për të ngritur akuza ndaj policëve të bardhë për shkelje të protokollit profesional, vuri në dukje zoti Harris. Por në raport me incidentet totale ku policia përdor armë zjarri ndaj civilëve në vend, numri i ngritjes së akuzave penale mbetet tepër i vogël. Në vitin 2020, policia amerikane vrau 1,127 vetë, duke i bërë Shtetet e Bashkuara të spikasin dukshëm krahasuar me pjesën tjetër të botës perëndimore për sa u përket incidenteve me armë zjarri të policisë, sipas një analize nga organizata “Mapping Violence Police”. Asnjë oficer i vetëm policie nuk u shpall fajtor për vrasje me qëllim ose pa qëllim vjet. Në Minesota, para vdekjes së zotit Floyd, vetëm një polic ishte shpallur fajtor për vrasje me paramendim apo qëllim, pasi kishte qëlluar me armë zjarri gjatë detyrës një individ në 2017. Puna e policisë është shpesh e rrezikshme dhe madje vdekjeprurëse dhe përkrahësit e forcave të rendit thonë se një shumicë e madhe e incidenteve me pasoja fatale të shkaktuara nga policia përfundojnë me vrasjen e një krimineli të armatosur. ""Shumica e incidenteve fatale ku ka rol policia kanë të bëjnë me përdorim të përligjshëm të forcës,” thotë Cully Stimson, ish-prokuror shtetëror dhe federal dhe tani zv/drejtor i Qendrës Edwin Meese III për Studime Ligjore dhe Gjyqësore në Fondacionin konservator “Heritage”. Shoqata Kombëtare e Organizatave të Policisë nuk iu përgjigj kërkesave të përsëritura të Zërit të Amerikës për intervistë me drejtorin ekzekutiv. Revoltimi i shprehur nga publiku lidhur me incidentet vdekjeprurëse pas përdorimit të forcës nga policia lidhet me vrasjet e të dyshuarve të paarmatosur, shpesh afrikano-amerikanë të vrarë nga policë të bardhë. Ndërsa të bardhët përbëjnë pak më shumë se gjysmën e viktimave të incidenteve ku policia përdor forcën me pasoja fatale, afrikano-amerikanët, të cilët përfaqësojnë rreth 13% të popullsisë amerikane, përfaqësojnë rreth 28% të individëve që u vranë vjet nga policia, sipas organizatës “Mapping Police Violence”. Në vitet e fundit, protestat kundër pabarazisë racore lidhur me vrasjet nga policia kanë bërë që prokurorët vendorë dhe shtetërorë të ngrenë akuza kundër një numri më të madh policësh të përfshirë në incidente fatale. Që nga fillimi i vitit 2005, janë ngritur akuza për vrasje me qëllim apo pa qëllim kundër 140 policëve të përfshirë në incidente me armë zjarri që përfunduan me pasoja fatale. Ato sollën shpalljen fajtor të 44 të pandehurve, shpesh për akuza më të lehta, sipas një analize nga Philip Stinson, profesor i drejtësisë penale në Universitetin Shtetëror Bowling Green. Vetëm shtatë të akuzuar janë shpallur fajtorë për vrasje me qëllim. Para vrasjes së 18-vjeçarit Brown në Ferguson, mesatarisht pesë policë në vit akuzoheshin për vrasje me qëllim ose vrasje pa dashje në periudhën 2005-2014, sipas analizës së zotit Stinson. Por që nga viti 2015, numri është rritur në rreth 13 në vit. Për më tepër, që nga 1 qershori i vitit të kaluar, menjëherë pas vdekjes së zotit Floyd, ndaj 25 policëve u ngritën akuza për vrasje me qëllim ose vrasje pa dashje, duke përfshirë ish-policin e Atlantës Garrett Rolfe në vrasjen e Rayshard Brooks, sipas përllogaritjeve të zotit Stinson. Kjo shifër është sa totali i viteve 2005, 2006, 2007 dhe 2008 të marra së bashku. Megjithatë, thotë zoti Stinson rritja është statistikisht e vogël. ""Mendojeni pak, me gjithë këto kamera ngado, ende kemi policë të akuzuar në këto incidente, gjë që është me të vërtetë e habitshme për mua,"" tha zoti Stinson. Dhe nuk është për mungesë përpjekjesh nga ana e prokurorëve, thotë ai. Në Shtetet e Bashkuara, ndjekja penale e një krimi të rëndë siç është vrasja pa qëllim ose vrasja e rëndë fillon me ngritjen e aktpadisë nga një juri e madhe. Për të siguruar ngritjen e aktakuzës, prokurorët duhet së pari t'i paraqesin akuzat një jurie të fshehtë të madhe, e përbërë zakonisht nga deri në 23 qytetarë. ""Nga ajo që kam dëgjuar, të paktën në mënyrë rrëfimesh individuale, prokurorë nga i gjithë vendi më kanë shprehur vështirësitë që hasin për të bindur jurinë e madhe të ngrejë akuza,” tha zoti Stinson. Ka disa arsye përse juritë e mëdha refuzojnë të ngrenë padi ndaj policëve të përfshirë në incidente fatale dhe përse prokurorët nuk tentojnë të ngrenë akuza në radhë të parë, sipas ekspertëve ligjorë. Një faktor kyç është vendimi i Gjykatës së Lartë të Shteteve të Bashkuara të vitit 1989 në një çështje të njohur si Graham kundër Connor. Gjykatësit dolën me vendimin se pretendimet për forcë të tepruar policore duhet të analizohen nga këndvështrimi i një polici “të arsyeshëm me objektivitet”, sipas ekspertëve ligjorë. ""Ky standard favorizon policinë sepse u thotë anëtarëve të jurisë që ata duhet ta shikojnë çështjen përmes syve të një polici, jo duke e analizuar ngjarjen pas faktit të kryer dhe jo vetëm bazuar në përvojën e tyre, por përmes syve të një polici,"" thotë zoti Harris. Ndryshe nga shumica e vendeve të tjera, Shtetet e Bashkuara zgjedhin me votë, pra nuk i emërojnë prokurorët vendorë, duke i bërë ata jo aq entuziastë për të ngritur padi në çështje që e dinë se nuk mund t'i fitojnë. ""Ata hezitojnë"", thotë zoti Harris. Një arsye tjetër është se anëtarët e jurisë, të zgjedhur nga popullata e përgjithshme, priren të kenë një opinion përgjithësisht pozitiv ndaj policëve. Në përputhje me vendimin e Gjykatës së Lartë, ata janë udhëzuar të udhëhiqen nga koncepti se polici qëllon në një situatë të rrezikshme, që evolon shumë shpejt. ""Juritë hezitojnë shumë kur është fjala për të ngritur pikëpyetje për vendimin e sekondës që duhet të marrë polici në situata që ka gjasa të precipitojnë në dhunë,” thotë zoti Stinson. “Në fakt, shohim të njëjtin reagim kur gjyqtarët janë ata që marrin vendimin në gjykime ku nuk ka juri”. Por, megjithëse disa juri vazhdojnë të anojnë nga polici në situata që lënë vend për dyshim, eksperti ligjor Harris thotë se ka shenja që gjatë vitit të kaluar ka pasur një ndryshim. “Nuk do të çuditesha nëse tre vjet nga dita e sotme do të shihja më shumë vendime gjykate që shpallin fajtor policin krahasuar me përqindjen aktuale,” thotë ai.","Ekspetët e drejtësisë shpjegojnë se ligji dhe tradita e bëjnë të vështirë ngritjen e akuzave, por shtojnë se vrasjet e bujshme të viteve të fundit po e ndryshojnë situatën. ","Prosecutors in Minnesota took three days to file charges after the killing of an African American by a white police officer on April 11. Former Brooklyn Center police officer Kim Potter was charged last Wednesday with second-degree involuntary manslaughter in connection with the incident that left 20-year-old Daunte Wright dead during a traffic police stop, prosecutor Attorney Pete Orput announced. Former police chief Potter said the defendant had tried to use the shocker with electricity but mistakenly pulled out the revolver and fired. ""We will act vigorously to prosecute this case and intend to prove that Police Officer Potter abandoned her responsibility to protect the public when she pulled out the gun instead of the shocker,"" prosecutor Imran Ali, a member of Prosecutor General Orput's team, said in a statement. Although the victim's family had called for the charge of intentional homicide to be filed, the fact that the prosecutor's office reacted within days by filing charges testifies to a qualitative change compared to a few years ago when investigators spent months before deciding whether to file charges against a police officer in similar incidents. ""This doesn't happen usually anymore. People don't tolerate it anymore,"" says David Harris, a law professor at the University of Pittsburgh who focuses on law enforcement responses. The killing coincided with the final days of the trial of Derek Chauvin, the white former Minneapolis police officer charged with murder in the death of George Floyd, an African American, who died after Chauvin put his knee on his neck for more than nine minutes. The jury heard closing arguments in this case on Monday and has begun weighing the case. Ms. Potter, with a 26-year career with the Brooklyn Center Police Department, has pleaded not guilty. If found guilty, she could be sentenced to up to 10 years in prison. The fact that Ms. Potter was charged just three days after the tragic incident ""is a big, big change,"" lecturer Harris said, although he added that ""it's just not enough."" The 2014 incident when a white police officer shot and killed 18-year-old Michael Brown Jr., an African American in Ferguson, Missouri, as well as the death of George Floyd, have helped spark a nationwide protest movement against police brutality. In response, prosecutors have reacted much faster to bring charges against white police officers for violating professional protocol, Mr. Harris noted. But in relation to the total incidents where the police use firearms against civilians in the country, the number of criminal charges remains too small. In 2020, U.S. police killed 1,127 people, making the United States stand out significantly compared to the rest of the Western world in terms of police firearm incidents, according to an analysis by the organization ""Mapping Violence Police"". Not a single police officer was found guilty of intentional or unintentional murder for years. In Minnesota, before Mr. Floyd's death, only one police officer had been found guilty of premeditated or intentional homicide after shooting an individual while on duty in 2017. Police work is often dangerous and even deadly, and law enforcement advocates say that a large majority of incidents with fatal consequences caused by the police end with the murder of an armed criminal. ""Most fatal incidents where the police have a role are about the lawful use of force,"" says Cully Stimson, a former state and federal prosecutor and now deputy director of the Edwin Meese III Center for Legal and Judicial Studies at the conservative Heritage Foundation. The National Association of Police Organizations did not respond to VOA's repeated requests for an interview with the executive director. Public outrage over deadly incidents following the use of force by police is linked to the killings of unarmed suspects, often African Americans killed by white police officers. While whites make up just over half of the victims of incidents where police use force with fatal consequences, African Americans, who represent about 13% of the U.S. population, represent about 28% of individuals who were killed by police years ago, according to the organization ""Mapping Police Violence"". In recent years, protests against racial inequality related to police killings have led local and state prosecutors to file charges against a larger number of police officers involved in fatal incidents. Since the beginning of 2005, charges of intentional or unintentional murder have been filed against 140 police officers involved in firearm incidents that ended in fatal consequences. They led to the guilty verdict of 44 defendants, often on lighter charges, according to an analysis by Philip Stinson, a professor of criminal justice at Bowling Green State University. Only seven defendants have been found guilty of intentional homicide. Before the murder of 18-year-old Brown in Ferguson, an average of five police officers a year were charged with intentional homicide or involuntary manslaughter between 2005 and 2014, according to Mr. Stinson's analysis. But since 2015, the number has risen to about 13 per year. Moreover, since June 1 of last year, shortly after Mr. Floyd's death, 25 police officers were charged with intentional homicide or involuntary manslaughter, including former Atlanta police officer Garrett Rolfe in the murder of Rayshard Brooks, according to Mr. Stinson's calculations. This figure is as much as the total of the years 2005, 2006, 2007 and 2008 taken together. However, Mr. Stinson says the increase is statistically small. ""Think about it, with all these cameras everywhere, we still have police officers charged in these incidents, which is really surprising to me,"" Mr. Stinson said. And it's not for lack of effort on the part of prosecutors, he says. In the United States, the prosecution of a serious crime such as unintentional homicide or aggravated murder begins with the filing of the indictment by a grand jury. To ensure the indictment is filed, prosecutors must first present the charges to a large secret jury, usually made up of up to 23 citizens. ""From what I've heard, at least in the form of individual confessions, prosecutors from all over the country have expressed to me the difficulties they encounter in convincing the grand jury to bring indictments,"" Mr. Stinson said. There are several reasons why grand juries refuse to file indictments against police officers involved in fatal incidents, and why prosecutors do not try to bring charges in the first place, according to legal experts. A key factor is the United States Supreme Court's 1989 decision in a case known as Graham v. Connor. The judges ruled that allegations of excessive police force should be analysed from the perspective of a ""reasonable and objective"" policeman, according to legal experts. ""This standard favors the police because it tells jury members that they should look at the case through the eyes of a police officer, not by analyzing the event after the fact was committed and not just based on their experience, but through the eyes of a police officer,"" says Mr. Harris. Unlike most other countries, the United States elects by vote, i.e. does not appoint local prosecutors, making them less enthusiastic about filing indictments in cases they know they cannot win. ""They hesitate,"" Mr. Harris says. Another reason is that jury members, chosen by the general population, tend to have a generally positive opinion of police officers. In accordance with the Supreme Court's decision, they have been instructed to be guided by the concept that the policeman shoots in a dangerous situation, which evolves very quickly. ""Juries are very reluctant when it comes to questioning the decision of the second that the police should make in situations that are likely to precipitate into violence,"" says Mr. Stinson. ""In fact, we see the same reaction when the judges are the ones who make the decision in trials where there is no jury."" But, although some juries continue to lean toward the police in situations that leave room for doubt, forensic expert Harris says there are signs that there has been a change over the past year. ""I wouldn't be surprised if three years from now I would see more court verdicts finding the policeman guilty compared to the current percentage,"" he says.","Justice experts explain that law and tradition make it difficult to bring charges, but add that the sensational murders of recent years are changing the situation. ",What factors contribute to the challenges prosecutors face in filing charges against police officers involved in fatal incidents in the United States?,"In recent years, protests against racial inequality related to police killings have led local and state prosecutors to file charges against a larger number of police officers involved in fatal incidents. Since the beginning of 2005, charges of intentional or unintentional murder have been filed against 140 police officers involved in firearm incidents that ended in fatal consequences. They led to the guilty verdict of 44 defendants, often on lighter charges, according to an analysis by Philip Stinson, a professor of criminal justice at Bowling Green State University.",0.684221088886261,"
The legal landscape surrounding police use of force is a complex issue, particularly when cases involving excessive force by law enforcement officers reach trial. Despite instances where officers may have used unnecessary or disproportionate force, they often find themselves acquitted in court. This outcome can be attributed to several factors rooted in legal standards and jury dynamics.

One significant factor is the ""reasonable person standard,"" which was reinforced by a landmark U.S. Supreme Court decision in 1989 (Graham v. Connor). The ruling established that claims of excessive force must be evaluated based on what a ""reasonably prudent officer"" would do in similar circumstances, considering the totality of the situation as it unfolded at the time of the incident.

This standard inherently favors police officers because it requires jurors to assess the situation through the eyes of an officer rather than critically analyzing the incident after the fact. Jurors are instructed to consider the high-pressure, split-second decisions officers must make in potentially dangerous situations.

Additionally, unlike many other countries where prosecutors are elected and have a stronger incentive to pursue such cases, the United States system often leads to reluctance in prosecuting police officers due to political and societal pressures. Moreover, jurors—selected from the general population—are statistically more likely to hold favorable views toward law enforcement, which can influence their decision-making.

The combination of these factors creates a challenging environment for securing convictions against officers accused of excessive force. However, recent trends suggest that there may be a gradual shift in how such cases are perceived and adjudicated, with some experts predicting that over the next few years, courts might increasingly hold officers accountable in proportion to the severity of their actions.

In summary, while the legal framework and jury biases often lead to acquittals for police officers facing excessive force charges, there is growing recognition of the need for accountability. As societal attitudes evolve and awareness of systemic issues grows, it is possible that future rulings may reflect a more balanced approach to addressing these cases.","
Prosecutors Face High Bar in Filing Charges Against Police Involved in Fatal Incidents Due to Legal Standards Favoring Officers.","
The legal challenges faced by prosecutors in pursuing excessive force cases against law enforcement are influenced by precedents like *Graham v. Connor*, which emphasizes evaluating actions through a police officer's perspective under stress. Grand juries often hesitate to indict officers due to this deferential standard and the public's general trust in law enforcement. Experts note a potential shift, suggesting that in coming years, more jury decisions may hold officers accountable, reflecting changing societal attitudes toward policing."
"Bashkëpunimi i dyshuar bërthamor mes Koresë së Veriut dhe Sirisë nuk është tamam një lajm i ri. Pas sulmit të fshehtë ajror izraelit që shkatërroi ndërtesën në Siri shtatorin e kaluar, Andrew Semmel, zyrtari i lartë i Departamentit të Shtetit për mos përhapjen e armëve bërthamore, tha publikisht se Shtetet e Bashkuara ishin të shqetësuara për aktivitetin bërthamor në Siri dhe sugjeroi se Damasku po merrte ndihmë nga Pheniani. Duke folur me gazetarët pa u identifikuar, zyrtarët të tjerë ishin edhe më specifik në informacionet e tyre. Megjithatë, zyrtarët e zbulimit informuan anëtarët e Kongresit në hollësi për të gjitha këto, vetëm javën e kaluar. Dhe në një hap të pazakontë për komunitetin zakonisht sekret të zbulimit, ata informuan gjithashtu anëtarë të caktuar të medias. Zoti Semmel, tani në pension, thotë se nuk e kupton se përse u desh kaq shumë kohë të dilte informacioni sidomos kur Kongresi ka kërkuar detaje për aktivitetin e Sirisë nga sulmi izraelit. Zoti Semmel, i cili ishte ndihmës sekretar i shtetit për Politikat e Mospërhapjes së Armëve Bërthamore, thotë se mesazhi i agjencive të zbulimit mund t’i jetë drejtuar një ose disa vendeve. Agjencia Ndërkombëtare për Energjinë Bërthamore u infromua nga zyrtarët amerikanë vetëm javën e kaluar. Zoti Semmel thotë se kur ngriti idenë e njoftimit të agjencisë tek zyrtarët e Departamentit të Shtetit, ai ndeshi në një refuzim të prerë. . Murhaf Jouejati, specialist për çështjet e Lindjes së Mesme me origjinë siriane thotë se nxjerrja e këtij informacioni mund të synojë të sigurojnë epërsi me Korenë e Veriut në bisedimet gjashtë palëshe mbi programin e saj bërthamor. Ai mendon gjithashtu se synimi mund të jetë arritja e një marrëveshje të mundshme mes Izraelit dhe Sirisë lidhur me Lartësitë Golan, që mbahen nga Izraeli. Zoti Jouejati thotë gjithashtu se ndërsa Siria ka armë bilogjike dhe kimike, ajo nuk ka as paratë dhe as infrastrukturën për një projekt të kushtueshëm bërthamor. //rd//",Përse vonoi administrata e presidentit Bush të informonte Kongresin dhe Agjencinë Ndërkombëtare për Energjinë Bërthamore?,"The suspected nuclear cooperation between North Korea and Syria is not exactly new news. After the covert Israeli airstrike that destroyed the building in Syria last September, Andrew Semmel, the State Department's senior non-proliferation official, said publicly that the United States was concerned about nuclear activity in Syria and suggested that Damascus was receiving help from Pyongyang. Speaking to reporters without being identified, other officials were even more specific in their information. However, intelligence officials briefed members of Congress in detail on all of this, just last week. And in an unusual move for the usually secretive intelligence community, they also briefed certain members of the media. Mr. Semmel, now retired, says he doesn't understand why it took so long for the information to come out, especially when Congress has demanded details of Syria's activity from the Israeli attack. Mr. Semmel, who was assistant secretary of state for Nuclear Non-Proliferation Policy, says the intelligence agencies' message may have been directed at one or more countries. The International Nuclear Energy Agency was briefed by US officials only last week. Mr. Semmel says that when he pitched the idea of notifying the agency to State Department officials, he was met with outright rejection. . Murhaf Jouejati, a Middle East affairs specialist of Syrian origin, says the release of this information could be aimed at securing superiority with North Korea in six-party talks on its nuclear program. He also thinks that the goal could be to reach a possible agreement between Israel and Syria regarding the Golan Heights, which are held by Israel. Mr. Jouejati also says that while Syria has biological and chemical weapons, it has neither the money nor the infrastructure for a costly nuclear project. rd//",Why did President Bush's administration delay informing Congress and the International Nuclear Energy Agency?,What are the possible motivations behind the release of information about suspected nuclear cooperation between North Korea and Syria?,"Murhaf Jouejati, a Middle East affairs specialist of Syrian origin, says the release of this information could be aimed at securing superiority with North Korea in six-party talks on its nuclear program. He also thinks that the goal could be to reach a possible agreement between Israel and Syria regarding the Golan Heights, which are held by Israel. Mr.",0.7111326456069946,"
The failed joint venture between North Korea and Syria is not entirely a new development. Following an airstrike by the Israeli military that targeted infrastructure in Syria last autumn, Andrew Semmel, the senior official at the U.S. State Department responsible for preventing proliferation of weapons of mass destruction, publicly stated that NATO was aware of the nuclear activities in Syria and suggested that Damascus was receiving assistance from Pyongyang. Speaking to unnamed journalists, other officials provided even more specific details. However, intelligence officials informed Congress members about all this only last week. In a rare break from the usual secrecy surrounding intelligence matters, they also briefed certain media representatives. Mr. Semmel, now retired, said he does not understand why it took so long for the information to be released despite Congress having sought details on Syria's activities related to the Israeli airstrike. Mr. Semmel, who served as a senior State Department official for nonproliferation policy, said that intelligence messages could be directed at one or several destinations. The International Atomic Energy Agency was informed by U.S. officials only last week. Mr. Semmel said that when he raised the idea of informing the IAEA with State Department officials, he encountered resistance to publishing it. Murhaf Jouejati, a Middle East specialist of Syrian origin, said that the release of this information could signal an effort to pressure North Korea into making concessions during upcoming indirect talks about its nuclear program. He also believes that the intention might be to achieve a possible agreement between Israel and Syria regarding the Golan Heights, which are occupied by Israel. Mr. Jouejati added that while Syria possesses biological and chemical weapons, it lacks both the expertise and infrastructure for a credible nuclear project.","
""The Failed Nuclear Deal Between North Korea and Syria and Its Implications for International Relations""","
The release of such information may aim to increase transparency and prevent nuclear proliferation. It could also be intended to influence ongoing negotiations or diplomatic efforts involving North Korea and Syria. Additionally, it might serve to pressure North Korea on unrelated issues while addressing international concerns about its nuclear activities."
"Fondacioni Çmimi X në Kaliforni ka shpallur konkursin e tij më të ri. Organizata e cila përdor çmime me vlerë të lartë monetare për të motivuar arritjet teknologjike, tani synon të shpërblejë shpejt, saktë dhe lirë realizimin e sekuencave gjenetike të njerëzve që jetojnë mbi 100 vjeç. Në të kaluarën, Fondacioni Çmimi X, ka mbështetur konkurse për eksplorimin e hapësirës dhe makinat që harxhojnë pak karburant. Tani, ky fondacion po përqëndrohet në teknologjinë mjekësore. Grant Kampany është drejtor i fondacionit çmimi X me vlerë prej 10 milion dollarësh. Çmimi do t’i jepet një grupi kërkimor i cili arrin saktësinë e hartës gjenetike për 100 individë brenda 30 ditëve, dhe e bën këtë për më pak se 1000 dollarë për person. Sekuencimi gjenetik sot kryhet më mirë, më shpejt dhe më lirë që kur ai u zbulua një dekadë më parë. Por rezultatet ndryshojnë nga një laborator në tjetrin, prandaj zoti Kampani thotë se aktualisht ai është më i përshtatshëm për kërkime se sa për të diagnostikuar dhe trajtuar pacientët. Grupet e nisin konkurimin me punime të veçanta mbi mostra gjenetike të 100 individëve, secili prej tyre mbi 100 vjeç. Kur rezultatet e veçanta kombinohen, organizatorët e çmimit X shpresojnë të arrihet ajo që ata e quajnë “një genom në shkallën e aplikimit mjeksor”, çka mund të hedhë dritë të re për t’ju përgjigjur pyetjeve se përse disa njerëz mund të jetojnë një shekull të tërë përgjithësisht me shëndet të mirë. Grant Kampani thotë se Fondacioni Çmimi X është duke kërkuar njerëz që dëshirojnë të japin ADN-në e tyre për këtë konkurs. Ata duan një grup të larmishëm me njerëz të shëndetshëm 100 vjeçarë, ose mundësisht edhe më të moshuar. Konkurrimi nis më 30 janar të vitit 2013.","Grupet e nisin konkurimin me punime të veçanta mbi mostra gjenetike të 100 individëve, secili prej tyre 100 vjeç.","The X Prize Foundation in California has announced its newest competition. The organization, which uses high-monetary prizes to motivate technological achievements, now aims to quickly, accurately and cheaply reward the realization of genetic sequences of people living over 100 years old. In the past, the X Prize Foundation has supported competitions for space exploration and low-fuel cars. Now, this foundation is focusing on medical technology. Grant Kampany is the director of the $10 million X Prize Foundation. The award will be awarded to a research group which achieves genetic mapping accuracy for 100 individuals within 30 days, and does so for less than $1000 per person. Genetic sequencing today is performed better, faster and cheaper since it was discovered a decade ago. But the results vary from one lab to another, which is why Mr. Kampani says that currently it is better suited for research than for diagnosing and treating patients. The groups start the competition with special works on the genetic samples of 100 individuals, each of them over 100 years old. When the individual results are combined, the organizers of the X Prize hope to achieve what they call ""a genome at the scale of medical application,"" which could shed new light on answering questions about why some people can live an entire century generally in good health. Grant Kampani says that the X Prize Foundation is looking for people who wish to donate their DNA for this competition. They want a diverse group of healthy people 100 years old, or possibly even older. The competition starts on January 30, 2013.","The groups start the competition with special works on the genetic samples of 100 individuals, each of them 100 years old.",What is the goal of the newest competition announced by the X Prize Foundation in California?,"The X Prize Foundation in California has announced its newest competition. The organization, which uses high-monetary prizes to motivate technological achievements, now aims to quickly, accurately and cheaply reward the realization of genetic sequences of people living over 100 years old. In the past, the X Prize Foundation has supported competitions for space exploration and low-fuel cars.",0.93470960855484,"
The X Prize Foundation has announced its latest competition. The organization, which uses prizes with high monetary value to encourage technological achievements, now aims to rapidly, accurately, and affordably sequence the genomes of individuals over 100 years old. In the past, the X Prize Foundation supported competitions for space exploration and machines that burn little fuel. Now, this foundation is turning its attention to medical technology. Grant Kampany is the director of the $10 million X Prize. The prize will be awarded to a research group that accurately maps the genome of 100 individuals within 30 days and does so for less than $1,000 per person. Genetic sequencing is now done better, faster, and cheaper than it was a decade ago. However, results vary from one laboratory to another, so Dr. Kampany said that it is currently more useful for research than for diagnosing and treating patients. The teams participating in the competition are working on genetic samples of 100 individuals, each over 100 years old. When the preliminary results are combined, the organizers of the X Prize hope to achieve what they call ""a genome at the scale of medical application,"" which could shed new light on answering questions about why some people can live an entire century in generally good health. Grant Kampany said that the X Prize Foundation is seeking individuals who want to donate their DNA for this competition. They are looking for a diverse group of healthy individuals over 100 years old, or possibly even older. The competition begins on January 30, 2013.","
**X Prize Foundation Launches New Challenge in Human Genome Sequencing for Centenarians to Advance Medical Research**","
The goal of the newest competition announced by the X Prize Foundation in California is to advance human genome sequencing quickly, accurately, and affordably for individuals over 100 years old. Grant Kampany leads this initiative, offering a $10 million prize for a research group that can sequence 100 people within 30 days at under $1,000 per person. The competition aims to shed light on genetic factors contributing to longevity and health in centenarians."
"Ish kryeministri Haradinaj u nis për në Hagë ndërkohë që qindra përkrahës të tij ishin mbledhur në aeroportin e Prishtinës në shenjë solidariteti. Haradinaj, udhëheqës i Aleancës për të Ardhmen e Kosovës, do të dalë para Gjykatës së Hagës më 5 mars. Ai akuzohet për pjesmarrje në komplot për të vrarë, përdhunuar dhe torturuar serbë dhe romë të Kosovës. Zoti Haradinaj i ka mohuar akuzat. Njëri nga simpatizantët e Haradinajt që priste në aeroportin e Prishtinës u tha gazetarëve se ish kryeministri është i pafajshëm. Akuzat ndaj Haradinajt u ngritën në vitin 2005 dhe ai u dorëzua vetë në Gjykatë. Ai u lejua të kthehet në Kosovë si dhe të kryente funksionet si kryetar i partisë së tij, e cila bën pjesë në koalicionin qeverisës. Duke folur të premten në takimet e fundit me zyrtarët para nisjes, Haradinaj tha se besonte që drejtësia do të fitojë. Haradinaj ka qenë njëri ndër komandantët e Ushtrisë çlirimtare të Kosovës, e cila përkrahej nga Perëndimi. Aktpadia kundër tij në shkurt të 2005-s përmbante 35 akuza për krime lufte që thuhet se janë kryer në vitin 1998, disa muaj para se fushata ajrore e NATO-s t’i detyronte trupat serbe të tërhiqeshin nga Kosova dhe t’i jepnin fund spastrimit etnik kundër shqiptarëve. Në padi ngrihen akuza edhe ndaj dy zëvendësve të tij në Ushtrinë Clirimtare të Kosovës, Lahi Brahimaj dhe Idriz Balaj. Që të tre kanë deklaruar se nuk janë fajtorë dhe mund të dënohen me burgim të përjetshëm nëse shpallen fajtorë. Haradinaj është zyrtari më i lartë në Kosovë ndaj të cilit ngrihen akuza nga Gjykata e Hagës. //ze//",Gjyqi për krime lufte do të fillojë më 5 mars,"Former Prime Minister Haradinaj left for The Hague while hundreds of his supporters gathered at Pristina airport as a sign of solidarity. Haradinaj, leader of the Alliance for the Future of Kosovo, will appear before the Hague Tribunal on March 5. He is accused of participating in a plot to kill, rape and torture Kosovo Serbs and Roma. Mr. Haradinaj has denied the charges. One of Haradinaj's sympathizers waiting at Pristina airport told reporters that the former prime minister is innocent. The charges against Haradinaj were filed in 2005 and he submitted himself to the court. He was allowed to return to Kosovo as well as perform functions as chairman of his party, which is part of the governing coalition. Speaking on Friday in the last meetings with officials before departure, Haradinaj said he believed justice would win. Haradinaj was one of the commanders of the Kosovo Liberation Army, which was supported by the West. The indictment against him in February 2005 contained 35 war crimes charges said to have been committed in 1998, months before NATO's air campaign forced Serbian troops to withdraw from Kosovo and end ethnic cleansing against Albanians. Charges are also filed against his two deputies in the Kosovo Liberation Army, Lahi Brahimaj and Idriz Balaj. All three have pleaded not guilty and could face life in prison if found guilty. Haradinaj is the highest-ranking official in Kosovo to be indicted by the Hague Tribunal. ze//",War crimes trial to begin on March 5,"What are the charges against former Prime Minister Haradinaj and his deputies, and what is their response to these charges?","He is accused of participating in a plot to kill, rape and torture Kosovo Serbs and Roma. Mr. Haradinaj has denied the charges. One of Haradinaj's sympathizers waiting at Pristina airport told reporters that the former prime minister is innocent. The charges against Haradinaj were filed in 2005 and he submitted himself to the court.",0.6731337904930115,"
Prime Minister Fatmir Limaj departed for The Hague alongside hundreds of his supporters who gathered at Pristina Airport as a sign of solidarity. Limaj, leader of the Alliance for Prosperity in Kosovo, is set to appear before the court in The Hague on March 5. He faces charges of involvement in a conspiracy to kill, murder, and torture Serbs and Roma in Kosovo. Limaj has denied all allegations. One of his supporters at Pristina Airport told journalists that Prime Minister Limaj is innocent. The charges against Limaj were filed in 2005, and he himself was acquitted by the court. He was allowed to return to Kosovo and resume his role as leader of his party, which is part of the ruling coalition. Following recent meetings with lawyers before his departure, Limaj stated that he believes justice will prevail. Limaj was one of the commanders of the Kosovo Liberation Army (KLA), which was supported by the international community. The indictment against him in February 2005 included 35 charges of war crimes allegedly committed in 1998, several months before NATO airstrikes forced Serb troops to withdraw from Kosovo and end the ethnic cleansing campaign against Albanians. Charges were also filed against two of his subordinates in the KLA, Lahi Brahimaj and Idriz Balaj. All three have declared their innocence and could face life imprisonment if convicted. Limaj is the highest-ranking official in Kosovo against whom charges have been brought by the court in The Hague.","
""Kosovo's Former PM Faces War Crimes Charges Over Alleged Atrocities Against Serbs and Roma.""","
Former Prime Minister Haradinaj faces charges of conspiracy to murder, mistreat, and torture Serbs and Roma in Kosovo during 1998. He denies these allegations, asserting his innocence. His deputies, Lahi Brahimaj and Idriz Balaj, also deny any wrongdoing and have declared their willingness to prove their innocence in court."
"Britania, Franca dhe Gjermania njoftuan të martën se hapat e Iranit në kundërshtim me marrëveshjen bërthamore të vitit 2015, nuk u lënë atyre zgjidhje tjetër veçse ta kalojnë çështjen në një proces të zgjidhjes së mosmarrëveshjeve të parashtruar në dispozitat e marrëveshjes. Vendet thonë se ata kanë përmbushur përgjegjësitë e tyre në bazë të Planit të Përbashkët të Veprimit, përfshirë heqjen e sanksioneve ekonomike kundër Iranit dhe duke punuar për të promovuar tregtinë e ligjshme me Teheranin. ""Megjithatë, Irani ndërkohë ka vazhduar të thyejë kufizimet kryesore të përcaktuara në marrëveshje,"" thuhet në një deklaratë të përbashkët. ""Veprimet e Iranit janë në kundërshtim me dispozitat e marrëveshjes bërthamore dhe kanë ndikime gjithnjë e më të rënda dhe të pakthyeshme të përhapjes së armëve bërthamore."" Marrëveshja, e nënshkruar gjithashtu nga Shtetet e Bashkuara, Kina dhe Rusia, kishte për qëllim të ulte shqetësimet se Irani po punonte për të ndërtuar një armë bërthamore dhe vendoste kufizime në programin e tij bërthamor, që synonin ta bënin të pamundur një gjë të tillë. Në këmbim, Irani u lehtësua nga sanksionet që dëmtuan keq ekonominë e tij. Por pasi Shtetet e Bashkuara u tërhoqën nga marrëveshja në vitin 2018, Irani filloi të zvogëlojë pajtueshmërinë e tij me hapa të tillë si tejkalimi i kufijve të lejuar të sasisë së uraniumit të pasuruar, që mund të rezervojë, duke e pasuruar në nivele më të larta dhe duke përdorur më shumë centrifuga sesa lejohet. Irani e bëri këtë përmes një seri hapash, duke pohuar çdo herë se ato ishin të kthyeshme nëse nënshkruesit e tjerë punonin me Iranin, kryesisht për ta ndihmuar atë ekonomikisht pasi Shtetet e Bashkuara vendosën sanksione të reja. Ministri i Jashtëm iranian, Mohammad Javad Zarif tha të hënën se të tre vendet evropiane ""ishin përkulur ndaj diktatit amerikan"" dhe se një qasje e tillë kurrë nuk do të arrijë asgjë. ""E3 mund të shpëtojë marrëveshjen por jo duke kënaqur bullistin dhe duke i bërë presion palës përgjegjëse,"" tha zoti Zarif në Twitter. ""Përkundrazi duhet të marr guximin për të përmbushur detyrimet e veta."" Administrata e Presidentit Donald Trump argumentoi se marrëveshja ishte shumë bujare për Iranin dhe nuk e kufizonte atë që e quajti sjellje armiqësore të Iranit në Lindjen e Mesme. Ajo ka realizuar atë që e quan një fushatë ""presioni maksimal"" për të detyruar udhëheqësit e Iranit të ndryshojnë kursin e tyre. Britania, Franca dhe Gjermania përsëritën ""keqardhjen dhe shqetësimin"" e tyre për tërheqjen e SHBA nga marrëveshja dhe e sqaruan të martën në deklaratën e tyre se kërkimi i një rezolute nga Komisioni i Përbashkët nuk do të thotë se ata po mbështesin strategjinë amerikane. ""Tri vendet tona nuk po bashkohen në një fushatë për të zbatuar presionin maksimal kundër Iranit,"" thuhet në deklaratë. ""Shpresa jonë është që ta kthejmë Iranin në përputhje të plotë me angazhimet e tij sipas marrëveshjes."" Komisioni i Përbashkët përbëhet nga një anëtar nga secili nga nënshkruesit, dhe sipas marrëveshjes ata kanë 15 ditë për të zgjidhur një mosmarrëveshje. Hapi është i pari në një seri mekanizmash të zgjidhjes së mundshme, i fundit prej të cilave përfshin referimin e çështjes në Këshillin e Sigurimit të OKB-së.","Tre vendet evropiane njoftuan të martën se hapat e Iranit në kundërshtim me marrëveshjen bërthamore të vitit 2015, i detyron ata kalojnë çështjen në një mekanizëm për zgjidhjen e mosmarrëveshjeve","Britain, France and Germany announced on Tuesday that Iran's steps in violation of the 2015 nuclear deal leave them no choice but to move the issue to a dispute settlement process set out in the deal's provisions. The countries say they have fulfilled their responsibilities under the Joint Plan of Action, including lifting economic sanctions against Iran and working to promote legitimate trade with Tehran. ""However, Iran has meanwhile continued to break the key restrictions set out in the agreement,"" a joint statement said. ""Iran's actions are contrary to the provisions of the nuclear deal and have increasingly severe and irreversible effects of the proliferation of nuclear weapons."" The agreement, also signed by the United States, China and Russia, was intended to allay concerns that Iran was working to build a nuclear weapon and impose restrictions on its nuclear program aimed at making such a thing impossible. In return, Iran was relieved of sanctions that badly damaged its economy. But after the United States withdrew from the deal in 2018, Iran began reducing its compliance with steps such as exceeding the permissible limits of the amount of enriched uranium it can store, enriching it to higher levels and using more centrifuges than allowed. Iran did this through a series of steps, asserting each time that they were reversible if other signatories worked with Iran, mainly to help it economically after the United States imposed new sanctions. Iranian Foreign Minister Mohammad Javad Zarif said on Monday that the three European countries ""had bowed to the American dictate"" and that such an approach will never achieve anything. ""E3 can save the deal but not by pleasing the bully and putting pressure on the responsible party,"" Mr. Zarif said on Twitter. ""On the contrary, I must take the courage to fulfill my obligations."" President Donald Trump's administration argued that the deal was too generous to Iran and did not curb what it called Iran's hostile behavior in the Middle East. It has carried out what it calls a ""maximum pressure"" campaign to force Iran's leaders to change their course. Britain, France and Germany reiterated their ""regret and concern"" at the US withdrawal from the agreement and clarified on Tuesday in their statement that seeking a resolution from the Joint Commission does not mean they are supporting the US strategy. ""Our three countries are not joining a campaign to implement maximum pressure against Iran,"" the statement said. ""Our hope is to return Iran to full compliance with its commitments under the agreement."" The Joint Commission is made up of one member from each of the signatories, and according to the agreement they have 15 days to resolve a dispute. The step is the first in a series of possible settlement mechanisms, the latest of which involves referring the issue to the UN Security Council.",The three European countries announced on Tuesday that Iran's steps in violation of the 2015 nuclear deal force them to switch the issue to a dispute settlement mechanism,"What actions have Britain, France, and Germany taken in response to Iran's violations of the 2015 nuclear deal, and what is their stance on the U.S. withdrawal from the agreement?","Britain, France and Germany announced on Tuesday that Iran's steps in violation of the 2015 nuclear deal leave them no choice but to move the issue to a dispute settlement process set out in the deal's provisions. The countries say they have fulfilled their responsibilities under the Joint Plan of Action, including lifting economic sanctions against Iran and working to promote legitimate trade with Tehran. ""However, Iran has meanwhile continued to break the key restrictions set out in the agreement,"" a joint statement said.",0.7369191646575928,"
Britain, France, and Germany have notified that Iran’s actions in violation of the 2015 nuclear agreement do not leave them with any other choice but to refer the issue to a dispute resolution mechanism under the terms of the agreement. The countries stated that they have fulfilled their obligations under the Joint Comprehensive Plan of Action (JCPOA), including lifting economic sanctions against Iran and working to promote trade relations with Tehran. ""However, Iran has continued to breach the key limitations set out in the nuclear deal,"" said a joint statement. ""Iran’s actions are in violation of the nuclear agreement and have caused significant and irreversible damage to the non-proliferation objectives of the JCPOA."" The agreement, also signed by the European Union, China, and Russia, aimed to lift sanctions on Iran in exchange for Tehran curbing its nuclear program and capping its uranium enrichment. This allowed international monitors to verify that Iran was not pursuing nuclear weapons. However, after the United States withdrew from the deal in 2018, Iran began reducing its commitments under such measures as increasing uranium enrichment beyond permissible limits and using more centrifuges than allowed. Iran did this through a series of steps, each time declaring them reversible if other signatories engaged with Tehran, particularly to help its economy following US sanctions. The statement also condemned the withdrawal of the United States from the deal and made it clear in their notification that seeking a resolution from the Joint Commission does not mean supporting the American strategy. ""The three of us are not joining any effort to maximize pressure on Iran,"" said the statement. ""Our hope is to bring Iran back into full compliance with its commitments under the nuclear agreement."" The Joint Commission consists of one representative from each signatory country, and under the terms of the deal, they have 15 days to resolve the dispute. This step is part of a series of possible resolution mechanisms, the last of which involves referring the issue to the UN Security Council.","
""Britain, France, and Germany Refer Iran's Non-Compliance with 2015 Nuclear Deal to Dispute Resolution Process""","
Britain, France, and Germany have referred Iran's violations of the 2015 nuclear deal to a dispute resolution process under the Joint Comprehensive Plan of Action (JCPOA). They oppose the U.S. withdrawal from the agreement and its maximal pressure strategy against Iran. The three countries have implemented measures, including lifting some economic sanctions, while promoting diplomatic engagement with Tehran."
"Në Kosovë, ceremonitë e varrimit të dy djemve shqiptarë, që u mbytën para pak ditësh, u zhvilluan pa incidente. Vdekja e tyre javën e kaluar u bë shkas për trazira të dhunshme dhe Natoja u përgjigj me dërgimin e një force shtesë prej disa qindra trupash që do t’u bashkangjiten forcës prej 18 mijë ushtarësh në Kosovë. Njëzet e tetë persona u vranë, pjesa më e madhe serbë dhe më shumë se 600 të tjerë u plagosën në trazirat, që filluan pas mbytjes së dy djemve shqiptarë javën e kaluar. Shqiptarët në Kosovë akuzuan serbët se i kanë ndjekur djemtë të mërkurën, duke i detyruar ata të hidhen nga frika në lumë, ku më pas janë mbytur. Trupi i djalit të tretë nuk është gjetur ende. Vdekjet e tyre u bënë shkas për fillimin e dhunës së shqiptarëve ndaj serbëve në Kosovë. Albert Cevallos, analist në Institutin amerikan të Paqes thotë se paqeruajtësit e Natos mund të rikthejnë sigurinë në Kosovë, nëse bëjnë disa ndryshime: “Nuk mendoj se është një detyrë e pashpresë, por mendoj se kryesorja është identifikimi i fajtorëve. Autorët e këtyre akteve duhet të mbahen përgjegjës për ato që ndodhën gjatë ditëve të fundit. Këtu përfshihen ekstremistët, të cilët ndoshta e filluan dhunën, ndoshta edhe disa mjete informimi që kanë ndihmuar në acarimin e gjendjes në të dyja anët. Për fat të keq, në Kosovë gjatë viteve të fundit ka pasur vrasje në numër të kufizuar, por ka qenë e pakët ndjekja penale. Pikërisht këtë duhet të bëjmë tani,” thotë analisti. Afro 3 mijë e 600 serbë të Kosovës mbetën pa strehë, kur protestuesit dogjën banesat e tyre dhe një numër kishash. Albert Cevallos thotë se nuk bëhet ende fjalë për një krizë humanitare, por gjendja mund të shndërrohet së shpejti në krizë: “Nuk e di nëse është në prag të një krize humanitare. Atje ekziston një infrastrukturë, vepron Natoja, OSBE-ja, UNMIK-u. Mendoj se ekziston një krizë, megjithëse jo e shtrirë në shkallë të gjerë, ku njerëzit po vdesin urie. Por gjithsesi kemi të bëjmë me krizë pasi njerëzit kanë nevojë për strehim, duhet të kthehen në shtëpitë e tyre dhe kanë nevojë për kushte bazë,” thotë zoti Cevallos. Presidenti i Rusisë Vladimir Putin tha të shtunën se serbët në Kosovë duhen mbrojtur dhe se Moska nuk mund të qëndrojë indiferente ndaj ngjarjeve në këtë rajon të trazuar. Albert Cevallos thotë se kjo nuk nënkupton që Moska do të ndërhyjë ushtarakisht: “Nuk do të arrija në atë përfundim. Mendoj se tani njerëzit po përpiqen të qetësojnë situatën. Nuk shoh ndonjë nevojë që rusët të arrijnë deri atje. Nëse gjendja do të vazhdonte të keqësohej, mendoj se të gjithë ne duhet të ndërhynim më me forcë,” thotë analisti. Natoja dhe udhëheqësit e huaj e kanë dënuar dhunën duke e cilësuar atë një përpjekje për spastrim etnik. //ad//","Analisti amerikan, Albert Cevallos, thekson se gjendja në Kosovë mund të normalizohet nëse autoritetet ndëshkojnë autorët e akteve me d","In Kosovo, the funeral ceremonies of the two Albanian boys, who drowned a few days ago, took place without incident. Their deaths last week triggered violent unrest, and NATO responded by sending an additional force of several hundred troops to join the 18,000-strong force in Kosovo. Twenty-eight people were killed, most of them Serbs and more than 600 others were injured in the riots, which began after the drowning of two Albanian boys last week. Albanians in Kosovo accused Serbs of chasing the boys on Wednesday, forcing them to jump into the river out of fear, where they then drowned. The body of the third son has not yet been found. Their deaths became the trigger for the beginning of Albanian violence against Serbs in Kosovo. Albert Cevallos, an analyst at the American Institute of Peace, says NATO peacekeepers can restore security to Kosovo if they make some changes: ""I don't think it's a hopeless task, but I think the main one is to identify the culprits. The perpetrators of these acts must be held accountable for what happened during the last few days. This includes extremists, who may have started the violence, and perhaps even some media outlets that have helped aggravate the situation on both sides. Unfortunately, there have been limited murders in Kosovo over the past few years, but there have been few prosecutions. That's exactly what we need to do now,"" says the analyst. Nearly 3,600 Kosovo Serbs were left homeless when protesters burned down their homes and a number of churches. Albert Cevallos says that it is not yet a humanitarian crisis, but the situation could soon turn into a crisis: ""I don't know if it is on the verge of a humanitarian crisis. There is an infrastructure there, NATO, OSCE, UNMIK operates. I think there is a crisis, although not widespread on a large scale, where people are starving. But we are still dealing with a crisis as people need housing, they need to return to their homes and they need basic conditions,"" says Mr. Cevallos. Russian President Vladimir Putin said on Saturday that Serbs in Kosovo must be protected and that Moscow cannot remain indifferent to events in this troubled region. Albert Cevallos says that this does not mean that Moscow will intervene militarily: ""I would not reach that conclusion. I think now people are trying to calm the situation. I don't see any need for the Russians to get there. If the situation continued to deteriorate, I think all of us should intervene more forcefully,"" says the analyst. NATO and foreign leaders have condemned the violence, calling it an attempt at ethnic cleansing. ad//","The American analyst, Albert Cevallos, emphasizes that the situation in Kosovo can be normalized if the authorities punish the perpetrators of acts with d",What were the main causes and consequences of the recent unrest in Kosovo as described in the text?,"In Kosovo, the funeral ceremonies of the two Albanian boys, who drowned a few days ago, took place without incident. Their deaths last week triggered violent unrest, and NATO responded by sending an additional force of several hundred troops to join the 18,000-strong force in Kosovo. Twenty-eight people were killed, most of them Serbs and more than 600 others were injured in the riots, which began after the drowning of two Albanian boys last week.",0.6314652562141418,"
In Kosovo, the funerals of two young Albanians who were killed a few days ago took place without incidents. Their deaths sparked widespread anger and NATO responded by deploying an additional force of several hundred troops to join the 18,000-strong contingent already in Kosovo. Eighteen people were injured, mostly Serbs, and over 600 others were wounded during the protests that began after the two Albanian youths were killed. The Albanians in Kosovo accused the Serbs of pursuing their dead relatives, forcing them to leave the funeral home and into the streets, where they were later buried. The body of a third young man has yet to be found. Their deaths marked the beginning of clashes between Albanians and Serbs in Kosovo.  

Albert Cevallos, an analyst at the American Institute for Peace, stated that NATO peacekeepers could restore security in Kosovo if certain changes are made: “I don’t think it’s an impossible task, but I believe the main challenge is identifying the factors involved. Those responsible for these acts must be held accountable for what happened over recent days. This includes extremists who may have started the clashes, as well as some media outlets that fueled tensions on both sides. Unfortunately, in Kosovo over the past few years there has been a limited number of such attacks, but they have caused significant human rights concerns.”  

Eighteen people were injured during the protests, mostly Serbs, and over 600 others were wounded. The Albanians in Kosovo accused the Serbs of pursuing their dead relatives, forcing them to leave the funeral home and into the streets, where they were later buried. The body of a third young man has yet to be found.  

President Vladimir Putin stated that the Russian government is closely monitoring events in Kosovo and will take measures to protect the rights of the Serbian community there. He emphasized that Russia does not intend to remain indifferent to the situation. Meanwhile, NATO and its leaders have condemned the clashes, calling them an ethnic cleansing campaign.","
""NATO Deployment in Kosovo Amid Escalating Ethnic Tensions and Humanitarian Concerns""","
The recent unrest in Kosovo was sparked by the killing of two Albanians near the Serbia-Kosovo border, leading to clashes between Albanian and Serbian groups. The violence resulted in deaths, injuries, and displacement, particularly affecting Serbs, while NATO reinforcements were deployed amid concerns over ethnic tensions. Analysts warn that without accountability for the perpetrators, the situation could escalate into a broader crisis, threatening stability in the region."
"Presidenti Barak Obama vizitoi dje shtetin e Nju Xhërsit të goditur rëndë nga stuhia Sendi dhe u premtoi banorëve se qeveria federale do t’i ndihmojë në përpjekjet e rindërtimit. Korrespondenti i Zërit të Amerikës, Kent Klain na informon nga Shtëpia e Bardhë se shumë qytete bregdetare dhe vende pushimi janë ende nën ujë, dy ditë pas goditjes nga uragani. Presidenti Obama vizitoi një qendër ankorimi anijesh në qytetin turistik bregdetar Brigantine dhe u premtoi banorëve se qeveria federale do ta ndihmojë Nju Xhërsin të mëkëmbet. Presidenti kaloi disa orë duke vizituar zonat e dëmtuara nga uragan i fuqishëm që la disa njerëz të vdekur, solli përmbytje, shkaktoi zjarre dhe ndërprerjen e energjisë elektrike në disa shtete bregdetare. Zoti Obama tha se do të sigurojë se agjencitë federale do të ndjekin procesin e rindërtimit deri në fund. Stuhia u bë shkak për një aleancë të pazakontë mes presidentit demokrat dhe guvernatorit republikan të Nju Xhërsit, Kris Kristi. Guvernatori Kristi, mbështetës shumë i fuqishëm i Mit Romnit, e shoqëroi presidentin amerikan gjatë vizitës në Nju Xhërsi dhe vlerësoi përgjigjen e tij ndaj kësaj fatkeqësie natyrore. Presidenti tha se përpjekjet federale të ndihmave do të përqendrohen në shtetet e përmbytura të Nju Xhërsit, Kënektikatit dhe Nju Jorkut, por veçanërisht në qytetin e Nju Jorkut. Ai premtoi gjithashtu të ndihmojë edhe shtetin malor të Virxhinias Perëndimore, ku stuhia dhe të ftohtit solli ngrica. Zoti Obama tha se përparësia kryesore në zonat e prekura është rivendosja e energjisë elektrike. Ai tha gjithashtu se avionë ushtarakë dhe anije të marinës do të vihen në dispozicion për të transportuar ndihmat për në Nju Xhërsi. Ndërkohë që ka mbetur më pak se një javë nga dita e zgjedhjeve, presidenti do të rifillojë fushatën sot, pasi e pezulloi atë për tri ditë. Zoti Romni e ndërprehu fushatën për dy ditë dhe iu rikthye asaj dje. Sondazhet tregojnë se gara është pothuajse e barabartë dhe kandidatët do të bëjnë fushatë praktikisht pa pushim deri të martën që zhvillohen votimet.",Ai u premtoi banorëve të këtij shteti të goditur rëndë nga stuhia Sendi se qeveria federale do t’i ndihmojë deri në fund.,"President Barack Obama visited the state of New Jersey hit hard by Storm Sandy yesterday and promised residents that the federal government will help them with reconstruction efforts. VOA correspondent Kent Klain informs us from the White House that many coastal towns and vacation spots are still under water, two days after the hurricane hit. President Obama visited a ship anchorage center in the coastal resort town of Brigantine and promised residents that the federal government will help New Jersey recover. The president spent several hours visiting areas damaged by the powerful hurricane that left several people dead, brought flooding, caused fires and power outages in several coastal states. Mr. Obama said he would ensure that federal agencies would follow the reconstruction process to the end. The storm became the cause of an unusual alliance between the Democratic president and the Republican governor of New Jersey, Kris Christi. Governor Christie, a very strong supporter of Mitt Romney, accompanied the US president during his visit to New Jersey and praised his response to this natural disaster. The president said federal aid efforts will focus on the flooded states of New Jersey, Connecticut and New York, but especially in New York City. He also promised to help the mountainous state of West Virginia, where the storm and cold brought frost. Mr. Obama said that the top priority in the affected areas is the restoration of electricity. He also said military aircraft and navy ships would be made available to transport aid to New Jersey. While there is less than a week left from Election Day, the president will resume campaigning today, after suspending it for three days. Mr. Romney interrupted the campaign for two days and returned to it yesterday. Polls show that the race is almost tied and the candidates will campaign practically non-stop until Tuesday when the polls take place.",He promised the residents of this state severely hit by Storm Sandy that the federal government will help them until the end.,How did President Obama respond to the aftermath of Storm Sandy in New Jersey and other affected states?,"President Obama visited a ship anchorage center in the coastal resort town of Brigantine and promised residents that the federal government will help New Jersey recover. The president spent several hours visiting areas damaged by the powerful hurricane that left several people dead, brought flooding, caused fires and power outages in several coastal states. Mr.",0.7498753070831299,"
President Barack Obama visited the state of New Jersey on the day following the impact of Superstorm Sandy and assured residents that the federal government would support their recovery efforts. Reporter Kent Klein of *The Washington Post* reported from the White House that many coastal cities and areas remain underwater, two days after being hit by the hurricane. President Obama visited a makeshift command center in the tourist town of Brigantine and assured residents that the federal government would help New Jersey recover. The President spent several hours touring areas affected by the powerful hurricane, which caused numerous deaths, widespread damage, fires, and power outages across several coastal states. President Obama stated that he would ensure federal agencies continue to oversee the recovery process until completion. The visit marked a temporary alliance between the Democratic president and Republican Governor of New Jersey, Chris Christie. Governor Christie, a prominent supporter of Mitt Romney, joined President Obama during his visit to New Jersey and praised his response to this natural disaster. The President stated that federal relief efforts would be concentrated in the hardest-hit areas of New Jersey, Connecticut, and New York, particularly focusing on the city of New York. He also assured support for mountainous West Virginia, which was affected by heavy snowfall during the storm. President Obama emphasized that the most critical need in the affected regions was restoring electrical power. He also noted that military planes and ships would be deployed to transport aid to New Jersey. Meanwhile, with less than a day remaining until Election Day, the President is set to return to campaigning today after pausing for three days. Romney took advantage of this pause to campaign for two days and made up for lost time. Polls indicate that the race is nearly tied, and both candidates will campaign almost non-stop until Monday when the votes are counted.","
""President Obama Assesses Hurricane Sandy's Impact on New Jersey and Promises Federal Aid for Recovery.""","
President Obama visited New Jersey after Storm Sandy, comforting residents and announcing federal aid for recovery efforts. He toured affected areas, highlighting the need for restoring electricity and providing support across impacted states like New York and Connecticut. Despite political differences, Obama collaborated with Governor Chris Christie to address the disaster effectively."
"Autoritetet e shëndetësisë në Britani filluan injektimin e dozave të para të vaksinës Pfizer BioNTech, gjë që shënon fillimin e programit botëror të imunizimit, ndërsa vende tjera pritet të miratojnë përdorimin e vaksinës. Por ky moment nuk nënkupton kthimin e normalitetit pasi shumë gjëra do të varen nga kushtet për shpërndarjen e vaksinës, sidomos në vendet në zhvillim. Gjithë këto diskutime vijnë ndërsa vaksina kandidate e prodhuar nga Universiteti i Oksfordit dhe firma AstraZeneca po jep rezultate të mira në prova klinike. Fillimi i përdorimit të vaksinave nuk është fundi i sfidave. Kështu tha drejtori i përgjithshëm i Federatës ndërkombtarë të Prodhuesve të Ilaçeve, Thomas Cueni, gjatë një konference për shtyp, ndërsa kujtoi se shpërndarja e vaksinës është një detyrë jo e lehtë. tha ai. Veç përgëzimeve për fillimin e vaksinimit në Britani, autoritetet paralajmëruan se fushata e vaksinimit kërkon muaj dhe se masat që kanë çrregulluar përditshmërinë dhe kanë shkatërruar ekonomitë mund të vazhdojnë deri në pranverë. Ilaçet po dërgohen në katër vendet e Mbretërisë së Bashkuar. Kjo mund të shërbejë si mësim për vendet e tjera ndërsa pritet fillimi i një detyre të pashembullt, vaksinimi i miliarda njerëzve. Infektologu Ian Jones shpjegon se vaksina Pfizer përdor një teknologji ndryshe nga ato tradicionale. thotë ai. shton zoti Jones. Një pengesë e madhe tek vaksinat me acidin ribonukleik është se ato duhet të ruhen në temperatura shumë të ulëta gjatë gjithë zinxhirit të furnizimit. Ndryshe mund të dëmtohen dhe të humbasin efektin. Kjo e vështirëson shpërndarjen në vendet që ende janë në zhvillim. Britania ka marrë 800 mijë doza të vaksinës Pfizer, të mjaftueshme për vaksinimin e 400 mijë njerëzve. Priten vendimet e ShBA-së dhe Bashkimit Evropian për miratim të vaksinës. thotë Albert Bourla, shef ekzekutiv i prodhuesit Pfizer. Në Britani të parët vaksinohen personat e shtruar në spital dhe që janë mbi 80 vjeç, bashkë me stafin e qendrave të kujdesit afatgjatë dhe stafin që do të kryejnë vaksinimin. Stafi mjekësor do të kontaktojë njerëzit për caktimin e afateve. Shumicës i duhet të presë deri vitin tjetër, kur të ketë furnizim të mjaftueshëm. Autorietetet ruse kanë filluar shpërndarjen e vaksinës së tyre Sputnik për koronavirusin tek grupet me shkallë të lartë rreziku në 70 qendra shëndetësore në Moskë. Ende vazhdojnë provat e avancuara të vaksinës, por ajo u është ofruar grupeve si punonjës të shëndetësisë dhe mësuesve. Sputnik funksionon ngjashëm me vaksinën me dy doza AstraZeneca e Universitetit të Oksfordit me adenovirus, që është një virus i gripit të zakonshëm. Vaksina AstraZeneca ishte krijuar fillimisht si vaksinë bazë kundër shumë virueseve dhe ishte gati për t’u përshtatur kur goditi pandemia. Pas vaksinimit, proteina përgatit sistemin imunitar që të sulmojë virusin nëse infekton trupin. thotë Peter Openshaw, profesor i mjekësisë eksperimentale në Kolegjin Imperial të Londrës. AndrewPollard, kreu i grupit të vaksinës së Oksfordit tha se rezultatet e reja tregojnë se vaksina është e sigurt. Por ende pritet të shihet nëse vaksina ofron mbrojtje për persona mbi moshën 55 vjeçare, e që janë shqetësimi kryesor. Ajo që habiti ekipin e Oksfordit dhe shkencëtarët e tjerë është suksesi prej 62 për qind i provave në grupin e parë të pacientëve që morën dy doza të plota. Vaksina AstraZeneca dhe ajo ruse kanë përparësinë se nuk kërkojnë të ruhen në temperaturë minus 80 gradë Celsius. Temperatura shumë e ulët është sfida kryesore për shpërndarjen e vaksinës.","Britania pranoi 800 mijë doza të vaksinës Pfizer, të mjaftueshme për vaksinimin e 400 mijë njerëzve","Health authorities in Britain began injecting the first doses of the Pfizer BioNTech vaccine, marking the start of the global immunization program, while other countries are expected to approve the use of the vaccine. But this moment does not mean a return to normality as many things will depend on the conditions for the distribution of the vaccine, especially in developing countries. All these discussions come as the vaccine candidate produced by the University of Oxford and the firm AstraZeneca is giving good results in clinical trials. Starting to use vaccines is not the end of the challenges. This is what the general director of the International Federation of Drug Manufacturers, Thomas Cueni, said during a press conference, while recalling that the distribution of the vaccine is not an easy task. he said. In addition to congratulating the start of vaccination in Britain, authorities warned that the vaccination campaign takes months and that measures that have disrupted daily life and devastated economies could continue until spring. The medicines are being sent to the four countries of the United Kingdom. This could serve as a lesson for other countries as the start of an unprecedented task, vaccinating billions of people, is expected. Infectologist Ian Jones explains that the Pfizer vaccine uses a technology different from traditional ones. he says. adds Mr. Jones. A major drawback to ribonucleic acid vaccines is that they have to be stored at very low temperatures throughout the supply chain. Otherwise, they can be damaged and lose their effect. This makes it difficult to distribute to countries that are still developing. Britain has received 800 thousand doses of the Pfizer vaccine, enough to vaccinate 400 thousand people. The decisions of the US and the European Union to approve the vaccine are awaited. says Albert Bourla, chief executive of the manufacturer Pfizer. In Britain, people hospitalized and over 80 years old are the first to be vaccinated, along with staff of long-term care centers and staff who will carry out the vaccination. Medical staff will contact people for setting deadlines. Most have to wait until next year, when they have enough supply. Russian authorities have started distributing their Sputnik coronavirus vaccine to high-risk groups in 70 health centers in Moscow. Advanced trials of the vaccine are still ongoing, but it has been offered to groups such as health workers and teachers. Sputnik works similarly to the University of Oxford's two-dose AstraZeneca vaccine with adenovirus, which is a common flu virus. The AstraZeneca vaccine was originally designed as the basic vaccine against many viruses and was ready to adapt when the pandemic hit. After vaccination, the protein prepares the immune system to attack the virus if it infects the body. says Peter Openshaw, professor of experimental medicine at Imperial College London. Andrew Pollard, head of the Oxford vaccine group, said the new results show that the vaccine is safe. But it remains to be seen whether the vaccine offers protection for people over the age of 55, which are the main concern. What surprised the Oxford team and other scientists is the 62 percent success of the trials in the first group of patients who received two full doses. The AstraZeneca and Russian vaccines have the advantage that they do not require to be stored at a temperature of minus 80 degrees Celsius. Too low temperature is the main challenge for vaccine distribution.","Britain received 800 thousand doses of the Pfizer vaccine, enough to vaccinate 400 thousand people","What are the challenges associated with distributing the Pfizer BioNTech vaccine, especially in developing countries?","Health authorities in Britain began injecting the first doses of the Pfizer BioNTech vaccine, marking the start of the global immunization program, while other countries are expected to approve the use of the vaccine. But this moment does not mean a return to normality as many things will depend on the conditions for the distribution of the vaccine, especially in developing countries. All these discussions come as the vaccine candidate produced by the University of Oxford and the firm AstraZeneca is giving good results in clinical trials.",0.4213467240333557,"
The health authorities in Britain have started administering the first doses of the Pfizer BioNTech vaccine, marking a significant step in their national vaccination campaign. Meanwhile, global interest in the Oxford-AstraZeneca vaccine has surged due to its relatively easier storage requirements compared to the ultra-cold conditions needed for mRNA vaccines like those developed by Pfizer and Moderna.

In Russia, the Sputnik V vaccine has also been rolled out, utilizing a similar two-dose adenovirus vector approach akin to AstraZeneca's vaccine. This method involves using a common cold virus to deliver genetic material that prompts the body to produce antibodies against the coronavirus. Unlike mRNA vaccines, which require storage at -70°C or colder, Sputnik V and AstraZeneca’s vaccine can be kept at standard refrigeration temperatures, making them more accessible in regions with limited cold-chain infrastructure.

Initial data from clinical trials have shown promising results, with the Oxford-AstraZeneca vaccine demonstrating an efficacy rate of around 62%, though further studies are needed to confirm its effectiveness across different age groups, particularly among older adults who are at higher risk of severe COVID-19 outcomes. Researchers emphasize that while these vaccines represent a crucial tool in combating the pandemic, public health measures such as social distancing and mask-wearing remain essential until widespread immunity is achieved.

Experts like Peter Openshaw from Imperial College London highlight how the protein within the vaccine primes the immune system to recognize and neutralize the virus if future infection occurs. Meanwhile, Andrew Pollard, head of the Oxford Vaccine Group, underscores the importance of ongoing monitoring to ensure long-term safety and efficacy.

The logistical challenges of vaccine distribution are also a focus, with health authorities working tirelessly to overcome barriers such as limited supplies,冷链运输要求，以及在不同国家和地区的公平分配。尽管面临诸多挑战，全球科学家和医疗工作者正携手合作，以期尽快实现疫苗的大规模接种，为全球抗击疫情带来希望。","
""Global Rollout Begins as Vaccination Efforts Face Challenges.""","
The Pfizer BioNTech vaccine's distribution faces challenges due to its requirement for ultra-cold storage at -80°C, which is difficult in developing countries lacking adequate infrastructure. Ensuring equitable access and manufacturing capacity are also significant hurdles, particularly for low-resource settings. Additionally, the complex supply chain and logistical barriers further complicate widespread distribution efforts."
"Senati amerikan miratoi të mërkurën pranimin e Suedisë dhe Finlandës në NATO me 95 vota në favor, duke dërguar një mesazh të fortë dypartiak mbështetjeje për zgjerimin e aleancës perëndimore kundër Rusisë. Udhëheqësi i shumicës në Senat, Chuck Schumer, një demokrat nga Nju Jorku tha se kjo është një votë shumë e rëndësishme për sigurinë amerikane në mbarë botën. “Anëtarësimi i Finlandës dhe Suedisë do ta forcojë NATO-n edhe më tej dhe është edhe më urgjent duke pasur parasysh agresionin rus, duke pasur parasysh luftën imorale dhe të pajustifikuar të (Vladimir) Putinit në Ukrainë. Putini po e forcon aleancën e NATO-s”, tha ai. Shtetet e Bashkuara janë një nga 30 vendet anëtare të NATO-s që duhet të miratojnë pranimin e Suedisë dhe Finlandës në organizatën më shumë se 70-vjeçare, që ka garantuar sigurinë evropiane që nga Lufta e Dytë Botërore. Procesi zakonisht i gjatë i pranimit është përshpejtuar në Senatin amerikan si pjesë e një reagimi të fortë ndaj agresionit të paprovokuar të Rusisë në Ukrainë në fillim të këtij viti. Përpara votimit, kryetari i Komisionit për Marrëdhënieve me Jashtë Bob Menendez, tha se votimi i Senatit do të dërgonte një mesazh të fuqishëm kundër agresionit rus në Ukrainë. Votimi do t'i dërgojë “një sinjal botës se ne do të bashkohemi kundër atyre që kërkojnë të destabilizojnë furnizimin me ushqim, që kërcënojnë me uri miliona njerëz në të gjithë botën; të cilët kërkojnë të shfrytëzojnë energjinë si armë në mes të një vale të pashembullt të të nxehtit. dhe që mendojnë se thjesht mund të pushtojnë një fqinj pa pasoja"", tha senatori Menendez. Por senatori republikan Josh Hawley, i cili hodhi votën e vetme kundër ratifikimit, tha se ai nuk ishte në interes të politikës së jashtme të Shteteve të Bashkuara. “Kam frikë se disa në këtë qytet e kanë humbur nga sytë këtë. Ata mendojnë se politika e jashtme amerikane ka të bëjë me krijimin e një rendi botëror liberal ose ndërtimin e kombeve jashtë shtetit. Me gjithë respektin, ata e kanë gabim...Duhet duhet të punoni për mbrojtjen e Shteteve të Bashkuara, lirive tona, njerëzve tanë, mënyrës sonë të jetesës. Dhe zgjerimi i NATO-s, besoj, nuk do ta bëjë këtë”, tha senatori Hawley. Finlanda dhe Suedia kërkuan anëtarësimin në NATO duke i dhënë fund neutralitetit të tyre pas agresionit rus në Ukrainë. Moska i ka paralajmëruar vazhdimisht të dy vendet kundër anëtarësimit në aleancën perëndimore.","Me 95 vota për dhe vetëm një kundër, senati amerikan miratoi anëtarësimin e Finlandës dhe Suedisë në NATO.","The US Senate on Wednesday approved Sweden and Finland's admission to NATO by 95 votes in favor, sending a strong bipartisan message of support for expanding the Western alliance against Russia. Senate Majority Leader Chuck Schumer, a Democrat from New York, said this is a very important vote for American security around the world. ""The membership of Finland and Sweden will strengthen NATO even further and is even more urgent given the Russian aggression, given (Vladimir) Putin's immoral and unjustified war in Ukraine. Putin is strengthening the NATO alliance,"" he said. The United States is one of 30 NATO member states that must approve the admission of Sweden and Finland to the more than 70-year-old organization, which has guaranteed European security since World War II. The usually lengthy accession process has been accelerated in the US Senate as part of a strong response to Russia's unprovoked aggression in Ukraine earlier this year. Before the vote, Foreign Relations Committee Chairman Bob Menendez said the Senate vote would send a powerful message against Russian aggression in Ukraine. The vote will send ""a signal to the world that we will unite against those who seek to destabilize the food supply, who threaten millions of people around the world with hunger; who seek to use energy as a weapon in the midst of an unprecedented heat wave. and who think they can just invade a neighbor without consequences,"" said Senator Menendez. But Republican Senator Josh Hawley, who cast the only vote against ratification, said it was not in the interest of the United States' foreign policy. ""I am afraid that some in this city have lost sight of this. They think that U.S. foreign policy is about creating a liberal world order or building nations overseas. With all due respect, they are wrong... You have to work to protect the United States, our freedoms, our people, our way of life. And NATO enlargement, I believe, will not do that,"" said Senator Hawley. Finland and Sweden sought NATO membership by ending their neutrality after the Russian aggression in Ukraine. Moscow has repeatedly warned both countries against joining the Western alliance.","With 95 votes in favor and only one against, the US Senate approved Finland and Sweden's membership in NATO.","Why did the US Senate approve Sweden and Finland's admission to NATO, and what were the differing viewpoints on this decision?","The US Senate on Wednesday approved Sweden and Finland's admission to NATO by 95 votes in favor, sending a strong bipartisan message of support for expanding the Western alliance against Russia. Senate Majority Leader Chuck Schumer, a Democrat from New York, said this is a very important vote for American security around the world. ""The membership of Finland and Sweden will strengthen NATO even further and is even more urgent given the Russian aggression, given (Vladimir) Putin's immoral and unjustified war in Ukraine.",0.5852212309837341,"
The US Senate has approved Sweden and Finland's accession to NATO with 95 votes in favor, sending a strong bipartisan message of support for expanding the alliance against Russia. Majority Leader in the Senate, Chuck Schumer, a Democrat from New York, stated that this is an extremely important vote for American security worldwide. ""The accession of Finland and Sweden will push NATO even further, and it has become more urgent given Russia's aggression, especially Vladimir Putin's immoral and unjustified war in Ukraine. Putin is forcing the NATO alliance,"" he said. The United States is one of the 30 member states of NATO that must ratify Sweden and Finland's accession to the nearly 70-year-old organization, which has ensured European security since World War II. The usual lengthy process of accession was accelerated in the US Senate as part of a strong reaction to Russia's unprovoked aggression in Ukraine at the beginning of this year. Before the vote, Chairman of the Committee on Foreign Relations Bob Menendez said that the Senate vote would send a powerful message against Russian aggression in Ukraine. The vote will send ""a global signal that we will unite against those who seek to destabilize food supplies, starve millions of people around the world with fertilizer; those who seek to weaponize energy in the middle of a brutal winter; and who think they can simply march into another country without consequences,"" Senator Menendez said. However, Republican Senator Josh Hawley, who cast the sole vote against ratification, said it was not in the interest of American foreign policy. ""I fear that some in this country have lost their way. They believe that American foreign policy should create a liberal world order or build countries outside our own. With all due respect, they are wrong... We need to work for the protection of the United States, our freedoms, our people, and the way we live. And expanding NATO, I believe, will not achieve this,"" Senator Hawley said. Finland and Sweden sought accession to NATO after Russia's aggression in Ukraine, abandoning their neutrality. Moscow has persistently opposed both countries' membership in the transatlantic alliance.","
""U.S. Senate Approves Sweden and Finland's NATO Membership Ratification to Counter Russian Aggression and Strengthen Transatlantic Security.""","
The US Senate approved Sweden and Finland's admission to NATO with 95 votes in favor, signaling strong support for expanding the alliance against Russia. Senator Chuck Schumer emphasized its importance for global security and urgency due to Russian aggression in Ukraine. However, Senator Josh Hawley opposed it, arguing it was not in America's interest and that foreign policy should prioritize protecting US sovereignty rather than building a liberal world order."
"Administra e re e presidentit Trump, e nisi punën duke u përplasur me shtypin. Palët mbështetën qëndrimet e tyre lidhur me pjesmarrjen në ditën e inagurimit dhe toni i ashpër i zëdhënësit të Shtëpisë së Bardhë ndërsa ofroi ato që i cilësojnë fakte alternative, u duk qartë se nuk pajtohen me konstatimet e shtypit mbi interesin që ngjalli inagurimi i presidentit Trump. Admistrata e re e presidentit Trump duket se ka krijuar një barrierë komunikimi me shtypin, të cilën u përpoq ta sheshojë dje zëdhënësi i Shtëpisë së Bardhë Sean Spicer, në daljen e dytë mediatike, këtë herë duke pranuar pyetje. Me një ton dukshëm më të qetë, Sean Spicer u tërhoq nga pozitat sulmuese dhe përcolli një tjetër frymë që ndoshta është thelbi i një mardhënie të re në të ardhmen, mes Shtëpisë së Bardhë dhe shtypit. Ndër të tjera zoti Spicer tha se administrata Trump do të thotë gjithnjë të vërtetën, një koment që vjen pas përplasjes me shtypin lidhur me shifrat e pjemarrjes dhe vëmendjes që tërhoqi inagurimi i presidenti Trump. Zoti Spicer i qëndroi pohimit se inagurimi i presidentit Trump ishte më i ndjekuri i të gjitha kohërave, përfshirë ata që e ndoqën në televizor dhe internet. Debati mbi pjesmarrjen u soll fillimisht në vëmendje nga vetë presidenti, gjatë një vizite në selinë qendrore të CIA-s një ditë pas inagurimit. , tha Presidenti Trump. Zoti Trump shfrytëzoi rastin të sulmojë shtypin. Shqetësimet lidhur me pretendimet e debatueshme të administratës u rritën të shtunën, kur këshilltarja e zotit Trump Kellyanne Conway u përpoq të shmangë kritikat gjatë emisionit “Takim me Shtypin”, në NBC. Madje dhe disa konservativë janë të alarmuar mbi rritjen e tensionit mes administratës dhe shtypit, thotë analisti politik Michael Barone. Mbështetësit e zotit Trump kanë qenë prej kohësh dyshues për shtypin, thotë analisti politik Larry Sabato. Zoti Spicer, pranoi të hënën se ka pakënaqësi mes mbështetësve të zotit Trump lidhur me mbulimin që i bëri shtypi fushatës së fundit zgjedhore. Toni më pak konfrontues i së hënës i zotit Spicer dhe zotimi i tij për të qenë i vërtetë, mund të zbusë tensionin e një mardhënie që pati një fillim të vështirë mes presidentit të 45 amerikan dhe shtypit. Por nësë është vërtet kështu kjo do të shihet në vazhdim, apo ishte thjesht një tërheqje taktike, përpara furtunës së radhës në një mardhënie që nuk ka gjetur ende ekujlibër nga Donald Trumpi kandidat tek Donald Trumpi president.",Zëdhënësi i Shtëpisë së Bardhë zotohet të jetë i çiltër me median,"President Trump's new administration began its work by clashing with the press. The parties supported their positions on attendance on the day of the inauguration, and the White House spokesman's harsh tone while offering what he calls alternative facts clearly disagreed with the press findings on the interest that President Trump's inauguration aroused. President Trump's new administration seems to have created a barrier to communication with the press, which White House spokesman Sean Spicer tried to flatten yesterday, in his second media appearance, this time by accepting questions. In a significantly calmer tone, Sean Spicer stepped back from attacking positions and conveyed another spirit that is perhaps the essence of a new relationship in the future, between the White House and the press. Among other things, Mr. Spicer said that the Trump administration always wants to tell the truth, a comment that comes after the clash with the press about the poll figures and the attention that President Trump's inauguration garnered. Mr. Spicer stood by the assertion that President Trump's inauguration was the most watched of all time, including those who followed him on television and on the Internet. The debate over participation was first brought to attention by the president himself, during a visit to CIA headquarters the day after the inauguration. , President Trump said. Mr. Trump took the opportunity to attack the press. Concerns about the administration's controversial claims grew on Saturday when Mr. Trump's adviser Kellyanne Conway tried to avoid criticism during the ""Press Meeting"" show on NBC. Even some conservatives are alarmed by the rising tension between the administration and the press, says political analyst Michael Barone. Mr. Trump's supporters have long been suspicious of the press, says political analyst Larry Sabato. Mr. Spicer admitted on Monday that there is discontent among Mr. Trump's supporters about the press coverage of the last election campaign. Mr. Spicer's less confrontational tone on Monday, and his pledge to be truthful, could ease the tension of a relationship that had a difficult start between the 45th U.S. president and the press. But whether this is really the case will be seen in the future, or was it just a tactical retreat, before the next storm in a relationship that has not yet found balance from Donald Trump candidate to Donald Trump president.",White House spokesperson vows to be frank with the media,How did Sean Spicer's tone and approach change in his second media appearance compared to his initial statements regarding President Trump's inauguration?,"President Trump's new administration seems to have created a barrier to communication with the press, which White House spokesman Sean Spicer tried to flatten yesterday, in his second media appearance, this time by accepting questions. In a significantly calmer tone, Sean Spicer stepped back from attacking positions and conveyed another spirit that is perhaps the essence of a new relationship in the future, between the White House and the press. Among other things, Mr. Spicer said that the Trump administration always wants to tell the truth, a comment that comes after the clash with the press about the poll figures and the attention that President Trump's inauguration garnered.",0.7457106113433838,"
The new Trump administration engaged with the press by holding a press conference, during which they addressed issues related to voter turnout on inauguration day and defended the crowd size at the White House while offering alternative facts. This clearly did not align with media reports regarding the interest surrounding President Trump's inauguration. The new Trump administration appears to have created a communication barrier with the press, one that was attempted to be bridged by White House spokesperson Sean Spicer during his second media appearance, this time answering questions. With a calmer tone, Sean Spicer stepped back from confrontational positions and delivered another message that might signal a new frontier ahead between the White House and the press. Among other points, Spicer stated that the Trump administration would always tell the truth, a comment made after addressing the discrepancies in voter turnout and crowd size at President Trump's inauguration. Spicer also disputed claims that President Trump's inauguration was less attended than previous ones, including those watched on television and online. The debate over voter turnout began initially with criticism from President Trump himself during a visit to CIA headquarters the day after his inauguration. ""This is fake news,"" said President Trump. Trump used the occasion to criticize the media.Assertions by the administration regarding debatable claims were amplified when Kellyanne Conway, a senior advisor to Trump, attempted to deflect criticism during an NBC program called “Meet the Press.” Even some conservatives are concerned about rising tensions between the administration and the press, said political analyst Michael Barone.Supporters of President Trump have long been distrustful of the media, said political analyst Larry Sabato.Spicer on Monday claimed there was no disconnect among Trump supporters regarding the coverage of the recent election. The less confrontational tone of Spicer and his assertion that they would always tell the truth could alleviate tensions in a relationship that got off to a rough start between President 45 and the press. But if this is indeed the case, it will become clearer in the future, or perhaps it was just a tactical retreat ahead of further battles in a conflict that has yet to find equilibrium between Donald Trump the candidate and Donald Trump the president.","
""Navigating the Conflict: Early Communication Struggles Between Trump Administration and Media""","
Sean Spicer adopted a calmer tone during his second media appearance. He distanced himself from earlier confrontational statements about the inauguration attendance. This shift may indicate an effort to improve communication between the administration and the press."
"Pesë vetë u vranë dhe 45 të tjerë u plagosën sot si pasojë e një sulmi me bombë gjatë shërbesave fetare të krishtere në një lagje diplomatike në kryeqytetin e Pakistanit, Islamabad. Mes të vdekurve ishin edhe gruaja dhe vajza e një diplomati amerikan, si edhe një afgan dhe një pakistanez. Kombësia e viktimës së pestë nuk është bërë e njohur ende. Askush nuk është arrestuar, apo ka marrë përgjegjësinë për sulmin. Policia e Pakistanit ka rrethuar zonën dhe ka filluar një hetim për ngjarjen. Një zëdhënës i policisë i tha Zërit të Amerikës se ende nuk dihet nëse ata që kryen sulmet ishin mes të vrarëve, ose të plagosurve nga shpërthimi. Presidenti i Pakistanit, Pervez Musharraf shprehu keqardhjen për viktimat dhe familjet e tyre. Gjenerali Musharraf e dënoi sulmin dhe u zotua se do të gjente përgjegjësit për atë që ai e quajti një ”akt të tmerrshëm terrorist”. Në Washington, Presidenti Bush shprehu zemërimin për çka ai i quajti ”akte vrasëse që nuk mund të pranohen dhe as të justifikohen”. Zoti Bush premtoi gjithashtu se do të bashkëpunojë ngushtë me Islamabadin për t’u siguruar që përgjegjësit të çohen para drejtësisë.",Në mes të vdekurve edhe gruaja e vajza e një diplomati amerikan,"Five people were killed and 45 others injured today as a result of a bomb attack during Christian religious services in a diplomatic neighborhood in Pakistan's capital, Islamabad. Among the dead were the wife and daughter of an American diplomat, as well as an Afghan and a Pakistani. The nationality of the fifth victim has not yet been revealed. No one has been arrested, or claimed responsibility for the attack. Pakistani police have cordoned off the area and have launched an investigation into the incident. A police spokesperson told VOA that it is not yet known whether those who carried out the attacks were among those killed or injured in the blast. The President of Pakistan, Pervez Musharraf, expressed regret for the victims and their families. General Musharraf condemned the attack and vowed to find those responsible for what he called a ""terrible terrorist act"". In Washington, President Bush expressed anger at what he called ""murderous acts that cannot be accepted or justified."" Mr. Bush also promised to work closely with Islamabad to ensure that those responsible are brought to justice.",Among the dead is the wife and daughter of an American diplomat,What were the reactions of Pakistani President Pervez Musharraf and U.S. President George W. Bush to the bomb attack in Islamabad?,"The President of Pakistan, Pervez Musharraf, expressed regret for the victims and their families. General Musharraf condemned the attack and vowed to find those responsible for what he called a ""terrible terrorist act"". In Washington, President Bush expressed anger at what he called ""murderous acts that cannot be accepted or justified.""",0.8356174230575562,"
Five people were killed and 45 others injured today in an explosion caused by a suicide bombing during Christian services at a diplomatic compound in Pakistan's capital, Islamabad. Among the dead were the wife and daughter of an American diplomat, as well as one Afghan and one Pakistani national. The nationalities of the other five victims have not yet been identified. No arrests have been made, nor has anyone claimed responsibility for the bombing. Pakistani police have cordoned off the area and begun investigating the incident. A police official told Zëri të Amerikës that it is still unclear whether those responsible for the attack were among the dead or injured in the blast. President of Pakistan, Pervez Musharraf, expressed his condolences to the victims and their families. General Musharraf condemned the bombing as a cowardly act and vowed to bring those responsible to justice, calling it a ""heinous terrorist act."" In Washington, President Bush also condemned the attack, referring to it as an ""act of violence that cannot be tolerated or justified."" President Bush assured that he would work closely with Islamabad to ensure that those responsible are held accountable.","
""Suicide Bomb Attack Kills Five and Injures 45 in Pakistan""","
Pakistani President Pervez Musharraf expressed deep sorrow for the victims and families of the bomb attack in Islamabad, condemning it as a ""heinous terrorist act"" and vowing to bring those responsible to justice. U.S. President George W. Bush called the bombing an unacceptable and unjustifiable act of violence, offering condolences to the affected families. Both leaders emphasized their commitment to combating terrorism and ensuring accountability for the perpetrators."
"Dhjetëra mijëra rusë janë duke u përpjekur të kthehen në atdhe, pasi Moska pezulloi të gjitha fluturimet në Egjipt, një destinacion turistik për miliona vetë. Ka dëshmi në rritje se avioni rus mbi Sinai u rrëzua nga një bombë, duke vrarë të 224 njerëz në bord. Pavel Felgenhauer, analist i çështjeve të mbrojtjes thotë se ky nuk është lajm i mirë. Dhe, kjo është arsyeja pse autoritetet ruse ngurrojnë të thonë nëse incidenti u shkatua nga një sulm terrorist me bombë. Militantët e Shtetit Islamik morën përgjegjësinë, duke thënë se e kryen sulmin në shenjë hakmarrjeje për sulmet ajrore të Rusisë në Siri. Por analistët rusë thonë se Moska nuk ka gjasa për zvogëlimin e mbështetjes së saj ajrore për ushtrinë siriane. Viktor Mizin in Institutit Shtetëror të Moskës për marrëdhënie ndërkombëtare mendon se kjo teori mund të forcojë pozitën e atyre që mendojnë se terrorizmi duhet të eliminohet. Presidenti rus Vladimir Putin ka premtuar të mbrojë të gjithë rusët në rajonet e konfliktit dhe të mos hedhë trupa në sulm në Siri. Por shtimi i forcave ruse dhe perëndimore në rajon rrit rrezikun e një konflikti më të gjerë. Analisti Felgenhauer thotë që në se aeroplanët rusë fillojnë të rrëzohen në Siri, nëse baza ruse sulmohet nga opozita siriane, Moska për këtë do të fajësojë amerikanët dhe forcat speciale amerikane. Kjo do të shkaktonte një krizë serioze, thotë analisti rus. Ndërsa opinioni është më shumë i ndarë, shumica e rusëve mbështesin fushatën Siri dhe vijën e Kremlinit se ata po luftojnë terroristët, jo opozitën. Dhe kjo mbështetje mund të forcohet në se rrëzimi i avionit rus në Sinai ishte rezultat i hakmarrjes terroriste.",Ndalimi i fluturimeve ruse në Sinai mbështet teorinë e bombës,"Tens of thousands of Russians are trying to return to their homeland after Moscow suspended all flights to Egypt, a tourist destination for millions. There is growing evidence that the Russian plane over the Sinai was shot down by a bomb, killing all 224 people on board. Pavel Felgenhauer, a defense analyst, says this is not good news. And, that is why Russian authorities are reluctant to say whether the incident was caused by a terrorist bomb attack. Islamic State militants claimed responsibility, saying they carried out the attack in retaliation for Russia's airstrikes in Syria. But Russian analysts say Moscow is unlikely to reduce its air support to the Syrian military. Viktor Mizin at the Moscow State Institute for International Relations thinks that this theory could strengthen the position of those who think that terrorism should be eliminated. Russian President Vladimir Putin has promised to protect all Russians in conflict regions and not to drop troops on the offensive in Syria. But the increase of Russian and Western forces in the region increases the risk of a wider conflict. Analyst Felgenhauer says that if Russian planes start shooting down in Syria, if the Russian base is attacked by the Syrian opposition, Moscow will blame the Americans and American special forces for this. This would cause a serious crisis, says the Russian analyst. While opinion is more divided, most Russians support the Syria campaign and the Kremlin's line that they are fighting terrorists, not the opposition. And this support can be strengthened if the downing of the Russian plane in Sinai was the result of terrorist retaliation.",Ban on Russian flights to Sinai supports bomb theory,What are the implications of the Russian plane being downed in Sinai for Russia's involvement in Syria and its stance on terrorism?,"While opinion is more divided, most Russians support the Syria campaign and the Kremlin's line that they are fighting terrorists, not the opposition. And this support can be strengthened if the downing of the Russian plane in Sinai was the result of terrorist retaliation.",0.6022012829780579,"
Thousands of Russians are trying to return home as Moscow has suspended all flights to Egypt, a destination that attracts millions. There is speculation that the Russian plane over Sinai was brought down by a bomb, killing 224 people on board. Pavel Felgenhauer, a military analyst, said this is not good news. This is why Russian authorities are reluctant to confirm whether the incident was caused by a terrorist bomb. Militants from the Islamic State have claimed responsibility, stating that they carried out the attack as revenge for Russia's airstrikes in Syria. However, Russian analysts say Moscow does not have the means to reduce its air support for the Syrian army. Viktor Mizin of Moscow’s Institute for International Relations believes this theory could force those who believe terrorism must be eradicated. Russian President Vladimir Putin has promised to protect all Russians on the conflict’s frontlines and not send troops into Syria. But the addition of Russian and allied forces in the region increases the risk of a broader conflict. Analyst Felgenhauer said that if Russian planes start being shot down in Syria, and if the Russian base is attacked by Syrian opposition groups, Moscow would retaliate against Americans and American special forces. This would trigger a serious crisis, according to the Russian analyst. While opinions are more divided, most Russians support the Syrian operation and view the Kremlin’s narrative that they are fighting terrorists, not the opposition. And this support could influence whether the downing of the Russian plane in Sinai was the result of terrorist action.","
""Bombing of Russian Plane Over Sinai Linked to Terrorism Amid Syria Conflict""","
The downing of the Russian plane over Sinai underscored the heightened risks faced by Russia's military operations in Syria, prompting concerns about potential terrorist reprisals. The incident has reinforced Moscow's resolve to combat ISIS while cautiously avoiding direct blame on terrorism to prevent weakening its military support for the Syrian regime. Public opinion in Russia remains largely supportive of their involvement in Syria, viewing it as a necessary counterterrorism effort rather than an opposition crackdown."
"Mbledhja e nesërme e Kuvendit të Kosovës duket se do t’i gjejë sërish partitë politike shqiptare pa një marrëveshje paraprake, mungesa e së cilës deri tash ka pamundësuar krijimin e institucioneve të vetqeverisjes së përkohshme. Një ditë para kësaj mbledhjeje autoritetet ndërkombëtare në Kosovë po u bëjnë thirrje përfaqësuesve politik që të bien dakord për zgjedhjen e presidentit të Kosovës dhe rrjedhimisht edhe të institucineve të tjera që do të conin përpara procesin e bartjes së pushtetit nga Misioni i Kombeve të Bashkuara tek autoritetet vendore. Ushtruesi i detyrës së administratorit të Kombeve të Bashkuara Charles Brayshaw nëpërmjet një komunikate për opinion ka theksuar se mbledhja e nesërme e kuvendit duhet të shënojë një hap të ri në procesin e vendosjes së një vetëqeverisjeje thelbësore dhe të mirëfilltë për Kosovën. Zëdhënësja e misionit Susan Manuel citoi shefin e saj të ketë thënë se administrata mbetet e përkushtuar ndaj këtij procesi ndërsa bashkësia ndërkombëtare cmon përpjekjet e partive politike gjatë disa javëve të shkuara për krijimin e një qeverie të koalicionit të gjerë. “UNMIK-u bënë thirrje të gjitha forcave politike në Kosovë që të vazhdojnë me përpjekjet e tilla të cilat do të dëshmonin para bashkësisë ndërkombëtare përkushtimin e tyre ndaj proceseve demokratike dhe gatishmërinë për të marrë përgjegjësitë e qeverisjes”, tha zonja Manuel. UNMIK-u nënvizon se zgjedhja e presidentit të Kosovës dhe emërimi i kryeministrit që do të krijojë qeverinë, janë hapa shumë të rëndësishëm për Kosovën. Mbledhja e nesërme e Kuvendit të Kosovës ka në rend dite zgjedhjen e presidentit i cili duhet të sigurojë dy të tretat e votave të deputetëve. Ndërsa në raundin e tretë ai mund të zgjidhet me gjithsejt 61 vota, apo siq thuhet zakonisht, me shumicën e thjeshtë parlamentare. Gjykuar nga rrjedha e deritashme e bisedimeve ndërmjet tri partive kryesore politike shqiptare kandidati i Lidhjes Demokratike Ibrahim Rugova vështirë se do të sigurojë numër të mjaftueshëm votash edhe për raundin e tretë ndërsa këtë mund ta bëjë vetëm në rast se siguron votat e pakicave kombëtare. Zyrtarët ndërkombëtarë thanë se procedura e votimeve do të jetë e fshehtë dhe do të jetë e pamundur për publikun që të mësojë se kush për kë ka votuar.",UNMIK-u u bënë thirrje partive politike shqiptare te bien dakord per zgjedhjen e presidentit të Kosovës,"Tomorrow's meeting of the Kosovo Assembly seems likely to find Albanian political parties again without a prior agreement, the absence of which has so far made it impossible to establish institutions of temporary self-government. A day before this meeting, international authorities in Kosovo are calling on political representatives to agree on the election of the president of Kosovo and consequently of other institutions that would advance the process of transferring power from the United Nations Mission to local authorities. The Acting Administrator of the United Nations, Charles Brayshaw, through a communiqué for opinion, has emphasized that tomorrow's meeting of the Assembly should mark a new step in the process of establishing a substantial and genuine self-government for Kosovo. Mission spokeswoman Susan Manuel quoted her chief as saying that the administration remains committed to this process while the international community appreciates the efforts of political parties over the past few weeks to form a broad coalition government. ""UNMIK called on all political forces in Kosovo to continue with such efforts which would prove to the international community their commitment to democratic processes and their readiness to take on governance responsibilities,"" Ms. Manuel said. UNMIK underlines that the election of Kosovo's president and the appointment of the prime minister who will form the government are very important steps for Kosovo. Tomorrow's meeting of the Assembly of Kosovo has on the agenda the election of the president, who must secure two-thirds of the votes of the deputies. While in the third round he can be elected with a total of 61 votes, or as it is usually said, with a simple parliamentary majority. Judging by the course of talks between the three main Albanian political parties so far, the candidate of the Democratic League, Ibrahim Rugova, is unlikely to secure a sufficient number of votes for the third round, while he can only do so if he secures the votes of national minorities. International officials said that the voting procedure will be secret and it will be impossible for the public to find out who voted for whom.",UNMIK calls on Albanian political parties to agree on the election of the President of Kosovo,What challenges are the Albanian political parties facing in reaching an agreement to establish institutions of temporary self-government in Kosovo?,"Tomorrow's meeting of the Kosovo Assembly seems likely to find Albanian political parties again without a prior agreement, the absence of which has so far made it impossible to establish institutions of temporary self-government. A day before this meeting, international authorities in Kosovo are calling on political representatives to agree on the election of the president of Kosovo and consequently of other institutions that would advance the process of transferring power from the United Nations Mission to local authorities. The Acting Administrator of the United Nations, Charles Brayshaw, through a communiqué for opinion, has emphasized that tomorrow's meeting of the Assembly should mark a new step in the process of establishing a substantial and genuine self-government for Kosovo.",0.6789137721061707,"
The extraordinary session of the Kosovo Parliament seems to indicate that Albanian political parties will not reach a preliminary agreement beforehand, which has so far prevented the establishment of the necessary institutions for immediate self-governance. One day prior to this session, international authorities in Kosovo called on political representatives to agree on the election of the President of Kosovo and subsequently other institutions needed to pave the way for the withdrawal of the EU Rule of Law Mission (EULEX) from the country. The head of the international mission's administration, Charles Brayshaw, stated through a public statement that this extraordinary parliamentary session should mark a new step in the process of establishing an independent and fully functional self-governance structure for Kosovo. Susan Manuel, the spokesperson for the mission, cited her superior as saying that the administration remains committed to supporting this process while the international community has been actively encouraging political parties during several critical weeks toward forming a broad coalition government. ""UNMIK urges all political forces in Kosovo to reach an agreement and form a government capable of leading the country forward,"" Susan Manuel said. The extraordinary parliamentary session is expected to address issues related to amending the constitution, as well as the formation of new institutions needed for the withdrawal of EULEX from Kosovo.","
""Kosovo Assembly Struggles to Elect President Amid Political Deadlock and International Pressure Amid EU Mission Withdrawal.""","
Albanian political parties in Kosovo face challenges in reaching agreements to establish institutions of temporary self-government due to disagreements and delays in forming a unified stance. The international community, particularly UNMIK, has urged them to quickly agree on electing key leaders like the president to move forward with the process. Additionally, concerns about vote thresholds and transparency in the electoral process further complicate efforts to achieve a stable political framework."
"Takimi i sotëm i Këshillit të Çështjeve të Përgjithshme, i mbledhur në Luksemburg, ku marrin pjesë ministrat e Jashtëm të vendeve të BE-së është zhvilluar me debate lidhur me çështjen e bisedimeve për anëtarësim me Shqipërinë dhe Maqedoninë. Komisioni europian ka rekomanduar hapjen e tyre pa kushte, por një grup i vogël vendesh janë hezituese. Në përfundim të pjesës së parë të mbledhjes, ministri i Jashtëm grek Nikos Kotzias tha se “ka dy grupime. Njëri që përfaqëson shumicën, me 25 vende që mbështesin hapjen e bisedimeve deri në verën e 2019, dhe tre vende të tjera, Franca, Danimarka dhe Hollanda që mendojnë se duhet të shtyjmë të gjithë procesin. Por të shtysh këtë proces europian do të thotë që të shtysh stabilitetin dhe sigurinë e të gjithë rajonit”, u shpreh ai. Qëndrimi i Francës është ndikuar nga një sërë faktorë. Nga një anë janë ato që lidhen me situatën e brendshme, duke qenë se gati gjysma e forcave politike franceze dhe shumica dërrmuese e opinionit publik, janë kundër idesë së zgjerimit. Nga ana tjetër, ideja e presidentit Emmanuel Macron e shpallur si objektiv nga ana e tij, është ajo e reformimit të vetë BE-së, përpara zgjerimit të saj. Por ministri i Jashtëm grek u shpreh se “unë e di që ka vende që i druhen populizmit, por nuk mundet ta luftosh dhe të fitosh ndaj populizmit, duke bërë hapa pas”, tha ai duke shtuar se “mund të ecim paralelisht si me zgjerimin ashtu dhe me reformimin e BE-së”. Përpara nisjes së takimit Ministri i Jashtëm hollandez Stef Blok përsëriti qëndrimin hezitues të vendit të tij. “Dy vendet kanë bërë progres por jo mjaftueshëm, duhen rezultate konkrete për korrupsionin.E rëndësishme është që të dy vendet kanë treguar këmbëngulje në luftën kundër korrupsionit por duhet të shohim më shumë. Ne mbështesim progresin që kanë bërë por nuk mund të injorojmë faktin që duhet të shohim rezultate konkrete”, u shpreh ai. Nga ana e saj Gjermania është në favor të hapjes së bisedimeve për anëtarësim në Bashkimin europian me Shqipërinë dhe Maqedoninë dhe i bën thirrje Francës dhe Hollandës që të bashkohen me pjesën tjetër të vendeve anëtare që ndajnë të njejtin qëndrim. ""Demokracia dhe paqja e qëndrueshme në Ballkanin Perëndimor luajnë një rol të rëndësishëm për të gjithë ne në BE, kjo është arsyeja që vlerësojmë shumë përpjekjet e të dy shteteve për të forcuar sundimin e ligjit, luftën kundër korrupsionit”, tha zoti Roth, duke shtuar se “Qeveria gjermane është gati të mbështesë Shqipërinë dhe Maqedoninë në rrugën drejt BE-së, jemi gati të japim dritën jeshile dhe dua të inkurajoj miqtë tanë holandeze dhe francezë të na bashkohen"". Thirrje drejtuar vendeve anëtare në favor të hapjes së bisedimeve, drejtuan sot dhe 11 eurodeputetë, relatorë dhe drejtues të delegacioneve të parlamentit europian për marrëdhëniet me 6 vendet e Ballkanit Perëndimor. “Nxisim udhëheqësit europianë të dëshmojnë angazhimin e tyre të qartë ndaj perspektivës europiane të të gjithë rajonit të Ballkanit, duke miratuar hapjen e bisedimeve për anëtarësim me Tiranën dhe Shkupin”, shkruhet në letrën drejtuar Presidentit të Këshillir europian Donald Tusk. Duke vënë në dukej faktin se “të dy vendet kanë plotësuar kushtet e kërkuara, siç nënvizon Komisioni europian dhe Parlamenti europian”, eurodeputetët theksojnë se “BE duhet të mbetet një partner i besueshëm. E ardhmja e Ballkanit Perëndimor është e lidhur me BE-në dhe Bashimi europian nuk duhet t’i zhgënjejë”. Ministrat e Jashtëm kanë vijuar diskutimet pasdite për të arritur një qëndrim të përbashkët për hapje të kushtëzuar të negociatave me afat verën e vitit 2019. Një zgjidhje kompromisi për të cilën u shpreh që në mëngjes ministri gjerman i Shtetit kur tha se “Shqipëria duhet të përmbushë disa parakushte për të hapur kapitullin e negociatave” dhe se “kjo mund të jetë një mënyrë pragmatike për të tejkaluar mosmarrëveshjet në Këshill"".","Në Luksemburg diskutohet rekomandimi i Komisionit europian për Shqipërinë dhe Maqedoninë.  Ministri grek Kotzias: 25 vende janë pro hapjes deri në verën e 2019. Franca, Hollanda e Danimarka duan shtyrjen e procesit","Today's meeting of the General Affairs Council, convened in Luxembourg, attended by the Foreign Ministers of the EU countries, was held with debates on the issue of accession talks with Albania and Macedonia. The European Commission has recommended their unconditional opening, but a small group of countries are hesitant. At the end of the first part of the meeting, Greek Foreign Minister Nikos Kotzias said that ""there are two groupings. One that represents the majority, with 25 countries supporting the opening of talks by the summer of 2019, and three other countries, France, Denmark and the Netherlands that think we should postpone the whole process. But postponing this European process means postponing the stability and security of the entire region"", he said. France's stance has been influenced by a number of factors. On the one hand, there are those related to the internal situation, given that almost half of the French political forces and the vast majority of public opinion are against the idea of enlargement. On the other hand, President Emmanuel Macron's idea, announced as an objective by him, is that of reforming the EU itself, before its enlargement. But the Greek Foreign Minister said that ""I know that there are countries that are afraid of populism, but you cannot fight it and win against populism, taking steps backwards"", he said, adding that ""we can go hand in hand with both the enlargement and the reform of the EU"". Before the start of the meeting, Dutch Foreign Minister Stef Blok reiterated his country's hesitant stance. ""The two countries have made progress but not enough, concrete results on corruption are needed. Importantly, both countries have shown persistence in the fight against corruption, but we need to see more. We support the progress they have made, but we cannot ignore the fact that we need to see concrete results,"" he said. For its part, Germany is in favor of opening negotiations for membership in the European Union with Albania and Macedonia and calls on France and the Netherlands to join the rest of the member states that share the same position. ""Democracy and sustainable peace in the Western Balkans play an important role for all of us in the EU, which is why we greatly appreciate the efforts of both countries to strengthen the rule of law, the fight against corruption,"" Mr. Roth said, adding that ""the German government is ready to support Albania and Macedonia on the path to the EU,  We are ready to give the green light and I want to encourage our Dutch and French friends to join us."" 11 MEPs, rapporteurs and heads of delegations of the European Parliament on relations with the 6 countries of the Western Balkans today addressed calls to member states in favor of the opening of negotiations. ""We urge European leaders to demonstrate their clear commitment to the European perspective of the entire Balkan region, by approving the opening of accession talks with Tirana and Skopje,"" reads the letter addressed to the President of the European Council Donald Tusk. Pointing to the fact that ""both countries have fulfilled the required conditions, as underlined by the European Commission and the European Parliament"", MEPs emphasize that ""the EU must remain a reliable partner. The future of the Western Balkans is linked to the EU and the European Union should not disappoint them."" Foreign Ministers continued discussions in the afternoon to reach a common position for the conditional opening of negotiations by the summer of 2019. A compromise solution for which the German Minister of State expressed himself in the morning when he said that ""Albania must meet some preconditions to open the negotiation chapter"" and that ""this can be a pragmatic way to overcome the disagreements in the Council"".","In Luxembourg, the European Commission's recommendation for Albania and Macedonia is being discussed.  Greek Minister Kotzias: 25 countries are in favor of opening by the summer of 2019. France, the Netherlands and Denmark want the process to be postponed",What are the main points of disagreement among EU member states regarding the opening of accession talks with Albania and Macedonia?,"Today's meeting of the General Affairs Council, convened in Luxembourg, attended by the Foreign Ministers of the EU countries, was held with debates on the issue of accession talks with Albania and Macedonia. The European Commission has recommended their unconditional opening, but a small group of countries are hesitant. At the end of the first part of the meeting, Greek Foreign Minister Nikos Kotzias said that ""there are two groupings.",0.4213120937347412,"
The meeting of the European Council was conducted with debates among member states regarding opening accession negotiations with Albania and North Macedonia. The discussions highlighted differing positions among countries, particularly concerns expressed by France, Denmark, and Holland about proceeding without addressing certain issues first. Despite this, the majority supported the move, emphasizing the importance of keeping promises made to Western Balkan countries.

The European Commission has recommended initiating talks, contingent on specific conditions being met by both nations. Greece, however, maintains its opposition over disputes with North Macedonia. The decision ultimately hinges on reaching a compromise within the Council. 

This situation underscores the complexities of EU enlargement and reflects broader concerns about integration processes. While many member states stress the need to uphold commitments to the Western Balkans, others prioritize internal cohesion and addressing current challenges. The outcome of these discussions will significantly impact the region's future alignment with Europe.

Negotiations are expected to begin by summer 2019, provided all conditions are satisfied. However, unresolved issues remain, particularly regarding intergovernmental consultations and ensuring a unified stance among all member states. The resolution of these matters is crucial for advancing the EU's enlargement agenda.","
""EU Foreign Ministers Divided Over Opening Accession Talks With Albania And North Macedonia Amid Corruption Concerns And Calls For Unity.""","
The main points of disagreement among EU member states regarding the opening of accession talks with Albania and Macedonia include some countries like France, Denmark, and the Netherlands hesitating due to concerns about insufficient progress in fighting corruption. Most member states support starting negotiations by summer 2019, while others argue for delaying the process until more concrete results are achieved. Germany has proposed a compromise, suggesting that Albania must meet certain conditions before formal talks begin to address member states' concerns."
"Presidenti Trump u hodh në sulm të ashpër ndaj atyre që mbështetën hetimet e prokurorit të posaçëm gjatë një tubimi mbrëmë në Miçigan. Ai u përqëndrua në veçanti tek dy ligjvënës demokratë me peshë që kanë thënë se hetimet mbi presidentin, fushatën dhe bizneset e tij do të vazhdojnë: kreun e Komisionit mbi Shërbimet e Zbulimit, Adam Schiff dhe kreun e Komisionit për Gjyqësorin, Jarry Nadler: “Shumë njerëz u dëmtuan rëndë nga kjo skemë mashtruese. Por ajo që është edhe më e rëndësishme është se u dëmtua vendi. Tani ata po e mbajnë veten me bombol oksigjeni. Adam Schiff-i me qafë të hollë. E pashë sot kur po thoshte “Nuk e dimë vërtetë. Mund të ketë pasur bashkëpunim me rusët.” Është e neveritshme. Këta janë njerëz të neveritshëm,” tha presidenti. Megjithëse raporti i Prokurorit Mueller nuk është bërë publik, presidenti thotë se përfundimet e raportit e nxjerrin plotësisht të pafajshëm: “Prokurori i posaçëm e përfundoi raportin dhe nuk ka zbuluar bashkëpunim të fshehtë apo pengim të drejtësisë. Këtë përfundim e kishit nga unë dy vjet e gjysmë më parë. Dola plotësisht i pastër, plotësisht i shpaguar,” the presidenti. Në përmbledhjen e tij me katër faqe, Prokurori i Përgjithshëm William Barr thotë se “raporti nuk arrin në përfundimin se presidenti ka kryer akte të paligjshme, por gjithashtu nuk konfirmon pafajësinë”. Por Kryetarja e Dhomës së Përfaqësuesve, Nancy Pelosi thotë se përmbledhja e prokurorit të përgjithshëm nuk mjafton dhe se demokratët duan të lexojnë raportin e plotë. “Duam të shohim faktet. Duam të shohim çfarë ka raporti. Nuk na duhet fjala apo interpretimi i prokurorit të përgjithshëm, i cili para se të merrte këtë detyrë tha se presidenti është mbi ligjin, apo kur tha se nuk mendon që ndaj një presidenti amerikan mund të ngrihet aktpadi”. Fillimisht Presidenti Trump u bëri jehonë thirrjeve të demokratëve për publikimin e raportit në formë të plotë. Por deklaratat e zotit Trump dje në adresë të demokratëve flasin për një thellim të përçarjeve politike në Amerikë ndërkohë që demokratët përgatiten për betejë kundër presidentit në zgjedhjet e nëntorit 2020.",Presidenti i ka ashpërsuar kritikat ndaj atyre demokratëve në Kongres që kërkojnë publikimin e raportit të Prokurorit të Posaçëm Mueller.,"President Trump lashed out at those who supported the special prosecutor's investigation during a rally last night in Michigan. He focused in particular on two weighty Democratic lawmakers who have said that investigations into the president, his campaign and his businesses will continue: the head of the Committee on Intelligence Services, Adam Schiff, and the head of the Judiciary Committee, Jarry Nadler: ""Many people were severely harmed by this fraudulent scheme. But what is even more important is that the country was damaged. Now they are supporting themselves with oxygen cylinders. Slim-necked Adam Schiff. I saw him today when he was saying, ""We don't really know. There may have been cooperation with the Russians."" It's disgusting. These are disgusting people,"" the president said. Although Prosecutor Mueller's report has not been made public, the president says the report's conclusions make him completely innocent: ""The special prosecutor completed the report and has not disclosed any covert cooperation or obstruction of justice. You had this conclusion from me two and a half years ago. I came out completely clean, fully paid,"" the president said. In his four-page summary, Attorney General William Barr says that ""the report does not conclude that the president committed illegal acts, but it also does not confirm innocence."" But House Speaker Nancy Pelosi says the attorney general's summary is not enough and that Democrats want to read the full report. ""We want to see the facts. We want to see what the report has. We do not need the word or interpretation of the attorney general, who before taking office said that the president is above the law, or when he said that he does not think that an indictment can be filed against an American president."" Initially, President Trump echoed Democrats' calls for the full report to be released. But Mr. Trump's statements yesterday to Democrats speak of a deepening political divide in America as Democrats prepare for a battle against the president in the November 2020 election.",The president has sharpened his criticism of those Democrats in Congress who demand the release of Special Prosecutor Mueller's report.,What are the differing perspectives on the release and interpretation of Prosecutor Mueller's report as described in the text?,"Although Prosecutor Mueller's report has not been made public, the president says the report's conclusions make him completely innocent: ""The special prosecutor completed the report and has not disclosed any covert cooperation or obstruction of justice. You had this conclusion from me two and a half years ago. I came out completely clean, fully paid,"" the president said.",0.3262137472629547,"
President Trump has criticized those who backed the probe by special prosecutor during a heated hearing in Michigan. He referred to two Democratic congresswomen with weight who have said that investigations into him, his campaign, and his business will continue: Adam Schiff, chairman of the Intelligence Committee, and Jerry Nadler, chairman of the Judiciary Committee: “Many people were dumbfounded by this master plan. But what is even more important is that the country was stolen. Now they are suffocating it with an oxygen bomb. Adam Schiff with an empty head. And look today when he said, ‘We don’t know for sure. There could have been collusion with the Russians.’ It’s unimaginable. These are unimaginable people,” the president said. Although Mueller’s report has not been made public, the president said that its conclusions completely exonerated him: “The special prosecutor concluded his report and did not find clear evidence of collusion or obstruction of justice. This conclusion was reached by me two and a half years ago. Totally clean, totally absolved,” the president said. In his four-page summary, Attorney General William Barr said that the report does not reach the conclusion that the president committed impeachable acts, but it also does not confirm innocence. However, House Speaker Nancy Pelosi said that the attorney general’s summary is insufficient and that Democrats want to read the full report. “We want to see the facts. We want to see what the report says. We don’t need the words or interpretation of the attorney general, who before taking on this duty said that the president was above the law, or when he said he doesn’t think an American president can be indicted.” Initially, President Trump mocked the Democrats’ calls for the full release of the report. But President Trump’s declarations seem to address the Democrats in a way that reflects a deep political divide in America as Democrats prepare to challenge the president in the 2020 elections.","
""President Trump Defies Democratic Accusations Amid Michigan Probe Allegations.""","
President Trump dismissed the ongoing investigation into his actions, stating that Mueller’s report fully exonerated him with no evidence of collusion or obstruction. Attorney General William Barr summarized the report as not finding criminal wrongdoing by Trump but also not confirming his innocence outright. However, Democratic leaders like Nancy Pelosi demanded the full release of the report to ensure transparency and verify its conclusions independently."
"Në librin fantastiko-shkencor “Brave New World” botuar në vitin 1932 nga shkrimtari britanik Aldous Huxley, njerëzit pinë një tabletë të quajtur “soma” që i bën ata të kënaqur. Fëmijët lindin në laboratorë të caktuar nga embrione të krijuara me kujdes. Po të zëvendësosh “somën” me një nga ilaçet e njohura që të ngrejnë humorin, si Prozac dhe po të shikosh përparimet në inxhinierinë gjenetike dhe në klonim, bëhet e qartë se jemi në prag të kthimit në realitet të fantazisë së librit “Brave New World”. Doktor Leon Kass është kryetar i Këshillit të Presidentit për Bioetikën. Ja ç’thotë ai: “Epoka e bioteknologjisë filloi plot shpresa. Përparimet në gjenetikë, në zbulimin e barnave të reja dhe në mjekësinë rigjeneruese premtojnë kura për sëmundjet e frikshme dhe lehtësimin e vuajtjeve të tmerrshme. Përparimi në shkencën neurologjike dhe në psiko-farmakologji premtojnë kura më të mira për të sëmurët mendorë. Teknikat e riprodhimit me ndërhyrje nga jashtë u kanë dhënë shansin mbi një milion çifteve që nuk mund të riprodhojnë, pra që të kenë fëmijët e tyre”, thotë ai. Por doktor Kass mendon se në të ardhmen bioteknologjia nuk do të përdoret për qëllime terapike. Ai mendon se shkenca do të bëhet në mënyrë të pashmangshme një mënyrë për arritjen e lumturisë dhe përsosmërisë tek njerëzit: jetë më e gjatë, trupa më të fortë, shpirtra më të lumtur, sukses më i lartë dhe fëmijë më të mirë. Megjithatë, Këshilli i Presidentit për Bioetikën paralajmëron se tjetërsimi dhe kontrolli mbi mendjen dhe trupin e njeriut mund të kenë një ndikim negativ tek liria njerëzore, dinjiteti, ndjenjat dhe integriteti moral. Doktor Kass thotë se përpjekjet për të kontrolluar mendjen e njeriut përmes barnave që ngrenë humorin dhe stimulantëve janë të diskutueshme. Ai thotë se çelësi për tarritjen e lumturisë nuk është përbërja kimike e trurit, por rrjeta e pasur e marrëdhënieve njerëzore. Përfundimet e Këshillit të Presidentit për Bioetikën u diskutuan në një takim të organizuar nga Instituti Amerikan Enterprise. Një nga pjesëmarrësit në diskutim, profesor Peter Lawler i Kolegjit Berry beson se çdo përpjekje për të arritur lumuturinë mendore përmes mjeteve teknologjike dhe farmaceutike do të resultojë të pafrytshme dhe kundërproduktive. “Të gjitha përpjekjet moderne ose teknologjike për të na bërë ta ndjejmë botën më shumë si shtëpinë tonë, na ka bërë të ndjehemi më shumë të pastrehë. Edhe në këtë rast nuk do të jetë ndryshe. Shumë shpejt mund të vijë dita që të na krijohet bindja se për t’u bërë të lumtur nuk ka rrugë tjetër përveç pirjes së një grushti tabletash. Kjo varësi e re dhe thelbësore nga manipulimi teknologjik do ta bëjë ekzistencën tonë më të kushtëzuar se asnjëherë më parë. Dhe nën lumturinë tonë sipërfaqësore, do të jetë një formë e re ankthi, një trishtim vërtet i madh. Vrapi ynë drejt lumturisë do të jetë më fanatik dhe më i kotë se kurrë”. Anëtarët e Këshillit të Presidentit për Bioetikën theksojnë se qeveria amerikane nuk do ta përdorë teknologjinë për të imponuar vizionin e saj për një shoqëri të përkryer. Ata mendojnë se në vende të hapura me tregje të lira, përdorimi i lëndëve biologjike që ngrenë humorin do të jetë personal dhe vullnetar. Megjithatë, ata paralajmërojnë se kultura e prirur nga tregu dhe konsumi mund të krijojë nxitjet e veta të fuqishme për të luftuar për një jetë më të mirë dhe të përmirësuar biologjikisht. Për këtë arsye në raport thuhet se shoqëritë e lira duhet të përpiqen të reflektojnë në atë që i jep jetës më shumë kuptim dhe të heqin dorë nga kënaqja e menjëhershme e çdo dëshire njerëzore.",Disa ekspertë paralajmërojnë se aftësia për të kontrolluar proceset jetësore mund të sjellë pasoja negative tek njerëzit,"In the sci-fi book ""Brave New World"" published in 1932 by British writer Aldous Huxley, people drink a tablet called ""soma"" that makes them happy. Children are born in designated laboratories from carefully crafted embryos. If you replace the ""soma"" with one of the popular mood-boosting drugs, such as Prozac, and if you look at the advances in genetic engineering and cloning, it becomes clear that we are on the verge of returning to reality the fantasy of the book ""Brave New World"". Dr. Leon Kass is chairman of the President's Council on Bioethics. Here is what he says: ""The era of biotechnology began full of hope. Advances in genetics, the discovery of new drugs, and regenerative medicine promise cures for dreaded diseases and the alleviation of terrible suffering. Advances in neurological science and in psycho-pharmacology promise better cures for the mentally ill. Reproduction techniques with external intervention have given the chance to over a million couples who cannot reproduce, i.e. to have their own children,"" he says. But Dr. Kass thinks that in the future biotechnology will not be used for therapeutic purposes. He thinks that science will inevitably become a way of achieving happiness and excellence in humans: longer lives, stronger bodies, happier souls, higher success, and better children. However, the President's Council on Bioethics warns that alienation and control over the human mind and body can have a negative impact on human freedom, dignity, feelings, and moral integrity. Dr. Kass says attempts to control the human mind through mood-boosting drugs and stimulants are controversial. He says that the key to achieving happiness is not the chemical composition of the brain, but the rich web of human relationships. The conclusions of the President's Council on Bioethics were discussed at a meeting organized by the American Enterprise Institute. One of the participants in the discussion, Professor Peter Lawler of Berry College believes that any attempt to achieve mental happiness through technological and pharmaceutical means will prove fruitless and counterproductive. ""All modern or technological efforts to make the world feel more like our home, has made us feel more homeless. It will not be any different in this case either. Very soon the day may come for us to be convinced that there is no other way to become happy than to drink a handful of tablets. This new and essential dependence on technological manipulation will make our existence more conditional than ever before. And underneath our superficial happiness, there will be a new form of anxiety, a really great sadness. Our run to happiness will be more fanatical and futile than ever."" Members of the President's Council on Bioethics emphasize that the U.S. government will not use technology to impose its vision for a perfect society. They think that in open countries with free markets, the use of mood-boosting biological substances will be personal and voluntary. However, they warn that market-driven and consumer-driven culture could create its own powerful incentives to fight for a better and biologically improved life. For this reason, the report states that free societies should try to reflect on what gives life more meaning and give up the instant gratification of any human desire.",Some experts warn that the ability to control life processes can bring negative consequences to humans,What concerns does the President's Council on Bioethics have about the use of biotechnology for achieving happiness and human enhancement?,"Members of the President's Council on Bioethics emphasize that the U.S. government will not use technology to impose its vision for a perfect society. They think that in open countries with free markets, the use of mood-boosting biological substances will be personal and voluntary. However, they warn that market-driven and consumer-driven culture could create its own powerful incentives to fight for a better and biologically improved life.",0.7718251347541809,"
In the science-fiction novel *""Brave New World""* published in 1932 by British author Aldous Huxley, people take a tablet called ""soma"" that makes them happy. Children are born in specific laboratories from embryos carefully created. If we replace ""soma"" with one of the well-known antidepressants like Prozac and look at advancements in genetic engineering and cloning, it becomes clear that we are on the brink of returning to the fictional reality described in the novel *""Brave New World.""* Dr. Leon Kass is chairman of the President’s Council on Bioethics. Here’s what he said: “The era of biotechnology has suddenly arrived. Advances in genetics, the discovery of new genes, and regenerative medicine promise cures for incurable diseases and relief from chronic suffering. Advances in neurology and psychopharmacology promise better treatments for mental illnesses. Reproductive technologies using donor contributions have given hope to over a million couples who cannot reproduce naturally, so they can have children of their own,” he said.

Members of the President’s Council on Bioethics believe that the American government will not use technology to impose its vision of an ideal society. They believe that instead of coerced compliance, the use of biological agents that make people happy will be personal and voluntary. However, they warn that a culture shaped by trade and consumption could create powerful incentives to strive for a better and biologically improved life. For this reason, the report states that free societies must reflect on what gives life more meaning and step back from the seductive charm of fulfilling every human desire.","
From 'Brave New World' to Modern Bioethics: The Ethical Implications of Biotechnology Today","
The President's Council on Bioethics expresses concerns that biotechnology could erode human freedom, dignity, feelings, and moral integrity by controlling thoughts and bodies through mood-enhancing drugs or stimulants. They warn against using technology to manipulate mental states for happiness, arguing this could lead to superficial satisfaction rather than deeper meaning in life. The council emphasizes the importance of reflecting on what gives life true purpose rather than pursuing fleeting desires."
"Anija Diskavëri u hodh me sukses në orbitë dje në mëngjes, por janë ngjallur shqetësime rreth disa ciflave që ranë nga anija kur ajo u ngrit nga platforma. Anija Diskoveri u hodh në hapësirë nga Qendra e Hapësinës Kenedi në Florida, më shumë se dy vjet pasi Nasa ndaloi misionit e anijeve për vajtje ardhje në hapësirë për shkak të katastrofës së anijes Kolumbia. Ndërkohë që Diskavëri u hodh në orbitë për misionin e saj 12 ditësh, kamerat kapën imazhe të ciflave duke rënë nga anija. Por nuk është ende e qartë nëse është dëmtuar veshja e jashtme e saj. Zyrtarë të Nasës thanë dje vonë në një konferencë shtypi se një copë pllake mund të ketë rënë gjatë hedhjes. Pllaka janë humbur edhe gjatë hedhjeve të maparshme, por pa shkaktuar ndonjë problem gjatë hyrjes së anijeve në atrmosferën e Tokës. Dhjetëra kamera regjistruan hedhjen e djeshme për të kapur shenja të ciflash të shkëputura, si ato që dëmtuan krahun e anijes Kolimbia gjatë hedhjes dy vjet e gjysmë më parë. Dëmtimi çoi në shpërthimin e anijes Kolumbia gjatë hyrjes në atrmosferën e Tokës, duke shkaktuar vdekjen e 7 astronautëve në bord. Zyrtarët e Nasës thonë se do t’i stdudiojnë me kujdes imazhet për të parë nëse anija ka pësuar ndonjë dëmtim. Presidenti Bush i uroi ekuipazhit të anijes Diskavëri një mision të suksesshëm. Si shumë amerikanë të tjerë, Presidenti Bush ndaloi punën dje në mëngjes për të shikuar televizionin ndërkohë që anija Diskavëri për vajtje ardhje në hapësirë u hodh në orbitë. Zëdhënësi i Shtëpisë së Bardhë, Skot Meklellen, tha se duke shikuar nga një sallon pranë Zyrës Ovale, presidenti duartrokiti hedhjen e suksesshme dhe tha se kjo ishte një ditë e gëzueshme për të gjithë amerikanët: Zoti Maklellen tha se presidenti falenderoi burrat dhe gratë e agjencisë amerikane të hapësirës, të cilët i kanë kushtuar tërë qenien e tyre kthimit të programit të hapësirës në kursin e duhur pas humbjes së ekipazhit të anijes Kolumbia më shumë se dy vjet më parë.",Zyrtarët e Nasës të shqetësuar nga një copë pllake mund të ketë rënë gjatë hedhjes,"The Discavëri spacecraft was successfully launched into orbit yesterday morning, but concerns have been raised about some digits that fell from the ship when it lifted off the platform. The Diskover spacecraft was launched from the Kennedy Space Center in Florida, more than two years after Nasa halted the shuttle's missions to space due to the Columbia shuttle disaster. As Discavëri was launched into orbit for its 12-day mission, cameras captured images of ciphers falling from the ship. But it is not yet clear whether its outer coating has been damaged. Nasa officials said late yesterday at a press conference that a piece of plaque may have fallen during the launch. The plates were also lost during previous launches, but without causing any problems during the entry of ships into the Earth's atmosphere. Dozens of cameras recorded yesterday's launch to capture signs of detached cylinders, such as those that damaged the wing of the ship Colombia during the launch two and a half years ago. The damage led to the explosion of the ship Columbia while entering Earth's atmosphere, causing the death of 7 astronauts on board. Nasa officials say they will carefully study the images to see if the spacecraft has suffered any damage. President Bush wished the crew of the ship Discavëri a successful mission. Like many other Americans, President Bush stopped work yesterday morning to watch television while the spacecraft was launched into orbit. White House spokesman Scott McLellen said that watching from a lounge near the Oval Office, the president applauded the successful launch and said it was a joyous day for all Americans: Mr. McLellen said the president thanked the men and women of the U.S. space agency, who have dedicated their whole being to getting the space program back on track after the loss of the crew of the space shuttle Columbia in May more than two years ago.",Nasa officials concerned by a piece of slab may have fallen during launch,What concerns were raised after the launch of the Discavëri spacecraft into orbit?,"The Discavëri spacecraft was successfully launched into orbit yesterday morning, but concerns have been raised about some digits that fell from the ship when it lifted off the platform. The Diskover spacecraft was launched from the Kennedy Space Center in Florida, more than two years after Nasa halted the shuttle's missions to space due to the Columbia shuttle disaster. As Discavëri was launched into orbit for its 12-day mission, cameras captured images of ciphers falling from the ship.",0.8590912222862244,"
The Space Shuttle Discovery successfully entered orbit, though there were concerns about some debris seen emanating from the shuttle during its ascent. The Discovery was launched into space from NASA's Kennedy Space Center in Florida, more than two years after NASA had halted shuttle missions following the Columbia disaster. While the Discovery entered orbit for its 12-day mission, cameras captured images of debris coming off the shuttle. However, it is still unclear whether the external tank was damaged. NASA officials told reporters at a press conference that a piece of foam may have broken off during launch. Foam has been lost during previous launches without causing problems when the shuttles re-entered Earth's atmosphere. Ten cameras recorded the flight to capture signs of debris shed, similar to those that damaged Columbia's wing during its launch two and a half years earlier. That damage led to the breakup of Columbia as it re-entered Earth's atmosphere, resulting in the deaths of all seven astronauts on board. NASA officials said they would carefully study the images to determine if the shuttle had sustained any damage. President Bush congratulated the Discovery crew on their successful mission. Like many other Americans, President Bush paused his work to watch television coverage as the Space Shuttle Discovery launched into space for its return-to-flight mission. White House Press Secretary Scott McClellan said that from a room next to the Oval Office, the president followed the successful launch and called it a great day for all Americans: McClellan said the presidentapplaudedthe hard work and dedication of NASA officials, who worked tirelessly to get the space program back on track following the loss of the Columbia crew more than two years ago.","
""Successful Launch of Discovery Overshadowed by Foam Debris Concerns.""","
Concerns were raised after the Discavëri spacecraft launch due to images captured by cameras showing debris from the rocket during ascent. There was uncertainty about whether this debris could cause damage upon re-entry. NASA officials emphasized the need to carefully study the footage to assess any potential issues."
"Sulmet terroriste të 11 shtatorit ndryshuan Amerikën përgjithmonë, duke pasur një ndikim të thellë në jetën e përditshme, në qeveri dhe në sektorin privat. Dëmi ekonomik nga sulmet ishte i rëndë, madje shuma të mëdha parash të taksapaguesve janë shpenzuar për ta mbajtur Amerikën të sigurtë. Ekspertët thonë se ndërsa një sulm shkatërrimtar si ai i 11 shtatorit 2001 ka pak të ngjarë të ndodh sërish, kërcënimi tani është më kompleks dhe i ndryshëm se në çdo kohë tjetër gjatë dekadës së fundit. Në pjesën e parë të seancave dëgjimore të Kongresit amerikan për të rishqyrtuar përgjigjen ndaj sulmeve, ish kryetari i komisionit të 11 shtatorit Thomas Kean tha se ka të ngjarë të ketë sulme terroriste në të ardhme. tha ai Në dekadën e kaluar, Shtetet e Bashkuara kanë përmirësuar gjerësisht sigurinë nëpër aeroporte dhe porte, dhe kufijtë kombëtarë po ruhen me më shumë agjentë që përdorin teknologjinë e re. Më shumë se 20 agjenci qeveritare të ndryshme përgjegjëse për ndërhyrjen në rast fatkeqësish janë përfshirë në Departamentin e Sigurisë Kombëtare dhe një Qendër Kombëtare Kundër Terrorizmit është krijuar për të mbrojtur, parandaluar dhe ndërprerë aktivitetin terrorist. Adminstrata Obama ka filluar një nismë të madhe për të siguruar materialet bërthamore, një lëvizje për të cilën ish zëvendës kryetarin e Komisonit të 11 shtatorit, Lee Hamilton, tha se duhet të jetë përparësia kryesore e vendit. tha ai Ish udhëheqës të Komisonit për 11 shtatorin thonë se Shtete e Bashkuara janë më të përgatitura për të parandaluar sulme si ato në Pentagon dhe në Qendrën Botërore të Tregtisë në New York, megjithatë ka ende boshllëqe në sigurinë e Amerikës që kërkojnë vëmendje të menjëhershme.",Ish drejtues të një komisioni të krijuar për të shqyrtuar sigurinë kombëtare thonë se vendi ende ka dobësi përballë sulmeve terroriste,"The terrorist attacks of September 11 changed America forever, having a profound impact on everyday life, in government, and in the private sector. The economic damage from the attacks was severe, and even large sums of taxpayer money have been spent to keep America safe. Experts say that while a devastating attack like the one of September 11, 2001 is unlikely to happen again, the threat is now more complex and diverse than at any other time over the past decade. In the first part of US Congress hearings to reconsider the response to the attacks, former 9/11 commission chairman Thomas Kean said there are likely to be terrorist attacks in the future. He said In the past decade, the United States has vastly improved security across airports and ports, and national borders are being guarded with more agents using new technology. More than 20 different government agencies responsible for disaster intervention are involved in the Department of Homeland Security, and a National Counterterrorism Center has been established to protect, prevent, and disrupt terrorist activity. The Obama administration has embarked on a major initiative to secure nuclear materials, a move that former Sept. 11 Commission Vice Chairman Lee Hamilton said should be the country's top priority. he said Former leaders of the September 11 Commission say the United States is better prepared to prevent attacks like those on the Pentagon and the World Trade Center in New York, yet there are still gaps in America's security that require immediate attention.",Former leaders of a commission set up to review national security say the country still has weaknesses in the face of terrorist attacks,"What measures has the United States taken to improve security and prevent terrorist attacks since September 11, 2001?","He said In the past decade, the United States has vastly improved security across airports and ports, and national borders are being guarded with more agents using new technology. More than 20 different government agencies responsible for disaster intervention are involved in the Department of Homeland Security, and a National Counterterrorism Center has been established to protect, prevent, and disrupt terrorist activity. The Obama administration has embarked on a major initiative to secure nuclear materials, a move that former Sept. 11 Commission Vice Chairman Lee Hamilton said should be the country's top priority. he said Former leaders of the September 11 Commission say the United States is better prepared to prevent attacks like those on the Pentagon and the World Trade Center in New York, yet there are still gaps in America's security that require immediate attention.",0.6353126764297485,"
The terrorist attacks of September 11 fundamentally changed America, leaving a profound impact on daily life, government, and the private sector. The economic toll from the attacks was significant, with enormous sums of taxpayer money spent to keep America safe. Experts have noted that while large-scale attacks like the September 11, 2001, tragedy are unlikely to occur again in the same way, the threat today is more complex and varied than at any time in recent decades. In the early sessions of the U.S. Congress on responding to the attacks, former chairman of the 9/11 Commission Thomas Kean stated that it was inevitable for terrorist attacks to occur in the future. He said, ""In the past decade, the United States has significantly improved security at airports and borders, and border control agencies are now staffed with more agents using new technology. More than 20 different government agencies responsible for addressing threats in emergencies are included in the Department of Homeland Security, and a National Counterterrorism Center has been established to protect against, prevent, and disrupt terrorist activities."" The Obama administration launched a major initiative to secure chemical facilities, a campaign for which former chairman of the 9/11 Commission Lee Hamilton said should prioritize prevention above all else. He stated, ""The U.S. is better prepared to defend against attacks like those on the Pentagon and the World Trade Center in New York, yet there are still vulnerabilities in American security that demand continuous attention.""","
""The Enduring Impact of September 11 on American Security and Policy.""","
The United States has significantly enhanced security at airports and borders using advanced technology. New agencies like the Department of Homeland Security and the National Counterterrorism Center were established to better prevent attacks. Additionally, efforts under the Obama administration focused on securing nuclear materials as a critical component of national security."
"SherilKrouSheril Me një karierë që përfshin 9 çmime Grammy, shumë çmime të muzikës amerikane, 35 milion regjistrime të shitura dhe një fitore personale në luftën me kancerin e gjirit, Sheril e ka treguar veten se sa e vendosur është si në jetën personale edhe atë profesionale. Albumi i saj i ri me titull ""100 Milje nga Memphis"", është i 7-ti dhe i frymëzuar nga kjo distancë midis vendlindjes së saj Kennett në Missouri dhe qytetit Memphis në Tennessee. Turneu më i fundit i Sheril përfshin një bandë me 10 grupe muzikore. Ajo është shumë e kënaqur që në turne ka një grup të ri muzikantësh. Sheril Krou dëshiron të shprehë mirënjohjen e saj për Majkëll Xhekson me albumin e saj të ri. Sheril e përdor famën e saj për të ekspozuar çështje të ndryshme shoqërore e të mjedisit. Më së fundi, ajo kontribuoi në albumin 'Raise Hope for Congo', Programin Botëror të Ushqimit të Kombeve të Bashkuara dhe në programin televiziv 'Stand Up To Cancer' muajin e kaluar. Në aspektin personal, ajo ka rritur dy fëmijë si nënë e vetme, prandaj edhe ngrihet pyetja: Ku gjen ajo kohë për karrierë? Sheril Krou vazhdon turnetë për të reklamuar albumin e saj të ri ""100 Milje nga Memphis"" dhe dashamirët e saj frekuentojnë koncertet. Ajo ka në plan të marrë pushim për festat dhe të kalojë kohë me fëmijët dhe më pas do të vazhdojë turnetë, ashtu siç thotë edhe kënga e vitit 1996, ""If it makes you happy"" nëse kjo të bën të lumtur.","Artistja dha një intervistë për Zërin e Amerikës, ku flet për albumin e saj të ri","SherilKrouSheril With a career that includes 9 Grammy Awards, many American music awards, 35 million records sold, and a personal victory in the fight against breast cancer, Sheril has shown herself how determined she is in both her personal and professional life. Her new album titled ""100 Miles from Memphis"", is the 7th and inspired by this distance between her hometown of Kennett in Missouri and the city of Memphis in Tennessee. Sheril's most recent tour features a band of 10 bands. She is very pleased that there is a new group of musicians on the tour. Sheril Crowe wants to express her gratitude to Michael Jackson with her new album. Sheril uses her fame to expose various social and environmental issues. Most recently, she contributed to the album 'Raise Hope for Congo', the United Nations World Food Programme and the TV programme 'Stand Up To Cancer' last month. Personally, she has raised two children as a single mother, which is why the question arises: Where does she find that time for a career? Sheril Crowe continues touring to promote her new album ""100 Miles from Memphis"" and her lovers attend the concerts. She plans to take time off for the holidays and spend time with the children and then continue touring, as the 1996 song, ""If it makes you happy"" says if that makes you happy.","The artist gave an interview to VOA, where she talks about her new album",What inspired Sheril Crowe's album '100 Miles from Memphis' and how does it reflect her connection to her hometown?,"SherilKrouSheril With a career that includes 9 Grammy Awards, many American music awards, 35 million records sold, and a personal victory in the fight against breast cancer, Sheril has shown herself how determined she is in both her personal and professional life. Her new album titled ""100 Miles from Memphis"", is the 7th and inspired by this distance between her hometown of Kennett in Missouri and the city of Memphis in Tennessee. Sheril's most recent tour features a band of 10 bands.",0.8328173160552979,"
Sheril Krou has a career that includes 9 Grammy wins, numerous American music awards, 35 million sold records, and a personal victory in her battle with breast cancer. Sheril has shown herself to be as determined in her personal life as she is in her professional one. Her new album titled ""100 Miles from Memphis"" is her seventh and draws inspiration from the distance between her hometown of Kennett, Missouri, and the city of Memphis, Tennessee. Her latest tour features a band with 10 musical groups. She is very happy to have a new group of musicians on tour. Sheril Krou wants to express her happiness for Macklemore's work with her new album. Sheril uses her voice to address various social and media issues. Most recently, she contributed to the album 'Raise Hope for Congo,' the United Nations World Food Programme, and the TV show 'Stand Up To Cancer' last month. In her personal life, she has raised two children as a single mother, so the question arises: Where does she find time for her career? Sheril Krou continues touring to promote her new album ""100 Miles from Memphis,"" and her fans frequently attend her concerts. She plans to take a break for holidays and spend time with her children before resuming her tours, as mentioned in her 1996 song ""If it makes you happy"" if that brings happiness.","
"" Sheril Krou’s Journey: Balancing Family, Music, and Social Issues.""","
Sheril Crow's album *100 Miles from Memphis* was inspired by her hometown of Kennett, Missouri, and its connection to the cultural significance of Memphis, Tennessee. The title reflects the emotional and geographical distance between her roots in rural Missouri and the iconic music city. This journey highlights her personal and professional ties to both places while showcasing her artistic evolution."
"Takimi i radhës i Këshillit të Stabilizim-Asocimit ndërmjet Kosovës dhe Bashkimit Evropian, përfundoi të hënën në Bruksel, me anulimin e një konference të përbashkët për gazetarë dhe me një komunikatë në të cilën Bashkimi Evropian kritikoi ashpër tarifat e vendosura nga Kosova ndaj mallrave serbe dhe nguli këmbë në heqjen e menjëhershme të tyre. Në një komunikatë të zyrës së shefes së politikës së Jashtme të Bashkimit Evropian, Federica Mogherini, thuhet se vendosja e këtyre tarifave dëmton interesat ekonomike të Kosovës dhe qytetarëve të saj dhe dëmton synimet e Kosovës për të qenë një vend tërheqës për investime. Para takimit të sotëm, zonja Mogherini dhe dy komisionarë të saj, kishin kërkuar nga Kosova që të heqë tarifat dhe si kundërpeshë kishin ofruar vënien e emrit të Kosovës në vend të atij të Misionit të Kombeve të Bashkuara në Marrëveshjen për tregti të lirë në Evropën Qendrore, të njohur si CEFTA. Por, qeveria e Kosovës nuk e ka pranuar një ofertë të tillë. Kryeministri Ramush Haradinaj tha pas takimit se Kosova synon një marrëveshje gjithëpërfshirëse me Serbinë dhe nuk ka kohë për zgjidhje të pjesshme të problemeve siç është çështja e tarifave. Ai tha se ajo duhet të zgjidhet në një marrëveshje që nënkupton njohje, ulëse në OKB dhe anëtarësim në mekanizma ndërkombëtarë për Kosovën. Ai tha se delegacioni i Kosovës ka kërkuar një trajtim të barabartë të saj duke vënë theksin tek liberalizimi i vizave. Ndërsa ka ritheksuar kërkesën që bisedimet për normalizimin e marrëdhënieve me Serbinë të vazhdojnë, por me një rol më të madh të Shteteve të Bashkuara. ""Qeveria dhe unë, asnjëherë, nuk e kemi vënë në pikëpyetje rëndësinë e dialogut. Kjo është e vetmja rrugë përpara për Kosovën dhe Serbinë, që të bëhemi anëtarë të barabartë të familjes evropiane"", thuhet në fjalimin që kryeministri Haradinaj ka mbajtur në takim e të cilin ai e shpërndau në rrjetin social facebook. ""Megjithatë, njëzet vjet pas luftës, dhjetë vjet pas pavarësisë, dhe pesë vjet pas Marrëveshjes së Brukselit, realiteti është se, përparimi drejt normalizimit të marrëdhënieve ndërmjet Kosovës dhe Serbisë ka qenë minimal, dhe në fakt tani ka dalur krejtësisht nga binarët, veçanërisht me diskutimin publik mbi idenë fatale të korrigjimit të kufirit dhe shkëmbimit të territorit; Ka dëmtuar seriozisht kredibilitetin e ndërmjetësuesit, dhe ka dëmtuar arritjet që kemi bërë në dialogun e ndërmjetësuar nga BE për më shumë se 7 vjet"". ""Më lejoni të theksoj edhe një herë, unë si Kryeministër dhe Qeveria e Kosovës, kundërshtojmë fuqishëm dhe e refuzojmë këtë ide, e cila do të sjellë vetëm luftëra dhe tragjedi të reja në Ballkan. Kushdo që flet për kufijtë, territorin, apo çfarëdo korrigjimi tjetër për vendim tim, është armiku ynë"", thuhet mes tjerash në fjalimin e tij. Kosova nënshkroi në vitin 2015 marrëveshjen e Stabilizim Asocimit me Bashkimin Evropian, si kundërshpërblim për angazhimin e saj në bisedimet për normalizimin e marrëdhënieve me Serbinë e cila kundërshton pavarësinë e Kosovës, por hapi bisedimet për anëtarësim për shkak angazhimit në bisedime. Bashkimi Evropian kërkon nga të dyja palët një marrëveshje detyruese, gjithëpërfshirëse për normalizim marrëdhëniesh para së të përmbushin synimin për t'u bërë pjesë e bllokut. Por, bisedimet tashmë kanë ngecur dhe Serbia kushtëzon vazhdimin e tyre me heqjen e tarifave, të cilat qeveria e Kosovës i vendosi më 21 nëntor në shenjë kundërvënieje ndaj siç u tha fushatës agresive të Beogradit ndaj shtetësisë së Kosovës. Parlamenti i Kosovës ngriti të shtunën një ekip negociues dhe miratoi një rezolutë për bisedimet e cila hedh poshtë mundësinë e diskutimit të tërësisë tokësore të Kosovës. Vendimi i cili nuk pati konsensus, nxiti reagimin e Beogradit i cili tha se ky është një veprim që i mbyllë dyert e bisedimeve.","Zyrtarë të BE-së anuluan një konferencë të përbashkët me kryeministrin e Kosovës, Ramush Haradinaj për shkak të mospajtimeve rreth tarifave të Kosovës ndaj mallrave serbe, por edhe procesit të bisedimeve Kosovë - Serbi.","The next meeting of the Stabilization and Association Council between Kosovo and the European Union ended on Monday in Brussels, with the cancellation of a joint conference for journalists and a communiqué in which the European Union strongly criticized the tariffs imposed by Kosovo on Serbian goods and insisted on their immediate removal. A communiqué from the office of the European Union's foreign policy chief, Federica Mogherini, states that the imposition of these tariffs harms the economic interests of Kosovo and its citizens and harms Kosovo's goals to be an attractive country for investment. Prior to today's meeting, Ms. Mogherini and two of her commissioners had asked Kosovo to remove tariffs and as a counterweight had offered to put Kosovo's name instead of that of the United Nations Mission in the Central European Free Trade Agreement, known as CEFTA. However, the Kosovo government has not accepted such an offer. Prime Minister Ramush Haradinaj said after the meeting that Kosovo aims for a comprehensive agreement with Serbia and does not have time for a partial solution to problems such as the issue of tariffs. He said that it should be resolved in an agreement that means recognition, a seat in the UN and membership in international mechanisms for Kosovo. He said that the Kosovo delegation has asked for equal treatment, emphasizing visa liberalization. While he reiterated the demand for talks on the normalization of relations with Serbia to continue, but with a greater role of the United States. ""The government and I have never questioned the importance of dialogue. This is the only way forward for Kosovo and Serbia to become equal members of the European family,"" reads the speech that Prime Minister Haradinaj gave at the meeting and which he shared on the social network Facebook. ""However, twenty years after the war, ten years after independence, and five years after the Brussels Agreement, the reality is that, progress towards normalization of relations between Kosovo and Serbia has been minimal, and in fact it has now gone completely off the rails, especially with the public discussion on the fatal idea of border correction and territory swapping; It has seriously damaged the credibility of the mediator, and has damaged the achievements we have made in the EU-mediated dialogue for more than 7 years."" ""Let me emphasize once again, I, as Prime Minister and the Government of Kosovo, strongly oppose and reject this idea, which will only bring new wars and tragedies to the Balkans. Anyone who talks about borders, territory, or any other correction to my decision, is our enemy,"" he said, among other things, in his speech. Kosovo signed the Stabilization and Association Agreement with the European Union in 2015, as a reward for its engagement in the negotiations for the normalization of relations with Serbia, which opposes Kosovo's independence, but opened accession talks due to its engagement in the talks. The European Union requires both sides to reach a binding, comprehensive agreement on normalization of relations before fulfilling the goal of becoming part of the bloc. But, the talks have already stalled and Serbia conditions their continuation with the removal of tariffs, which the Kosovo government imposed on November 21 as a sign of opposition to, as it was said, Belgrade's aggressive campaign against Kosovo's statehood. Kosovo's parliament on Saturday set up a negotiating team and adopted a resolution on the talks which rejects the possibility of discussing Kosovo's territorial integrity. The decision, which did not have a consensus, prompted a reaction from Belgrade, which said that this is an action that closes the doors of the talks.","EU officials canceled a joint conference with Kosovo's Prime Minister, Ramush Haradinaj due to disagreements over Kosovo's tariffs on Serbian goods, but also the Kosovo-Serbia negotiation process.",What were the main points of contention discussed during the Stabilization and Association Council meeting between Kosovo and the European Union in Brussels?,"The next meeting of the Stabilization and Association Council between Kosovo and the European Union ended on Monday in Brussels, with the cancellation of a joint conference for journalists and a communiqué in which the European Union strongly criticized the tariffs imposed by Kosovo on Serbian goods and insisted on their immediate removal. A communiqué from the office of the European Union's foreign policy chief, Federica Mogherini, states that the imposition of these tariffs harms the economic interests of Kosovo and its citizens and harms Kosovo's goals to be an attractive country for investment. Prior to today's meeting, Ms. Mogherini and two of her commissioners had asked Kosovo to remove tariffs and as a counterweight had offered to put Kosovo's name instead of that of the United Nations Mission in the Central European Free Trade Agreement, known as CEFTA.",0.641846239566803,"
The Council of the European Union has expressed concern over the restrictions imposed by Serbia on trade with Kosovo following the introduction of tariffs by the latter. The EU called on both parties to adhere to their obligations under the Stabilization and Association Agreement (SAA) signed in 2015, which includes maintaining dialogue aimed at normalizing relations without preconditions.

The European Union emphasized that it is crucial for both Serbia and Kosovo to demonstrate a commitment to cooperation and mutual understanding. It stressed that any measures taken should not hinder the normalization process or create obstacles to regional stability. The EU also noted its readiness to facilitate dialogue between the two sides, in line with international law and the principles of the SAA.

In response to Serbia's restrictions, the European Union urged both countries to prioritize a constructive dialogue that could pave the way for further integration into Euro-Atlantic structures. It reiterated its support for a peaceful resolution of differences through diplomatic channels, aligning with the objectives of the SAA and the broader EU integration process.

The EU underlined the importance of respecting international commitments and avoiding actions that could escalate tensions or undermine trust-building efforts. It called on both Serbia and Kosovo to show restraint and avoid any steps that might derail progress toward a stable and prosperous region. The EU remains committed to supporting the normalization process and stands ready to assist in overcoming challenges.

In conclusion, the European Union has reiterated its call for Serbia and Kosovo to work together constructively, adhere to their commitments under the SAA, and take concrete steps toward normalizing relations. This approach is seen as essential for both countries' progress toward EU membership and regional stability.","
""EU Criticizes Kosovo Over Tariffs Amid Failed Proposal to Replace Mission.""","
The main points of contention included the EU's criticism of Kosovo's decision to impose tariffs on Serbian goods, which was seen as harming Kosovo's economic interests and deterring investments. Kosovo rejected an EU proposal to replace its name with that of a regional trade mission in favor of maintaining its distinct identity. Additionally, there was disagreement over the need for a comprehensive dialogue between Kosovo and Serbia, with Kosovo emphasizing the importance of mutual recognition and international mechanisms while Serbia conditioned further talks on the removal of tariffs."
"Në Kinë është krijuar një grup milionerësh dhe miliarderësh të fuqishëm që kur vendi u hap për ekonominë e tregut. Në këtë grup dallojnë të ashtu-quajturit ‘princat e vegjël’, një term që përfshin fëmijët e funksionarëve të lartë të partisë. Në vazhdim i hedhim një vështrim kësaj klase fisnikësh pa tituj: Me ceremoni madhështore u organizuar Kongresi i Partisë Komuniste për të zgjedhur brezin e udhëheqësve të rinj. Shumë prej tyre janë bijtë e ish-funksionarëve të lartë të partisë. Ata njihen me termin ‘princat e rinj’ pasi kanë arritur status politik, kryesisht falë lidhjeve familjare. Në shumë raste, shpjegon gazetari Hu Ping përmes lidhjes me Skype, shumë prej tyre grumbullojnë edhe pasuri në procesin e ngritjes politike: “ Një artikull i fundit i New York Times thotë se të afërmit e Wen Jiabaos kanë grumbulluar më shumë se 2.7 miliardë dollarë gjatë periudhës që ai ka qenë kryeministër. Pasuria është e fshehur në bono, investime financiare, aksione në kompani komunikacioni, apo pika pushimi. Zëdhënësi i Ministrisë së Punëve të Jashtme në Kinë Hong Lei shprehet se artikulli bën shpifjenëtarë të tjerë të Komitetit të Byrosë Politike kanë pjesëtarë të familjes me lidhje të forta me biznesin. Dhëndri i Kryetarit aktual të Partisë Komuniste, Hu Jintao, ishte më parë Shefi Financiar i Sina.com, faqja më e madhe elektronike në Kinë. Në vitin 2003 llogaritej që ai të kishte nga 35-60 milionë dollarë. Djali i anëtarit të Komitetit të Byrosë Politike Li Changchun është drejtues i lartë i kompanisë shtetërore China Mobile, një gjigand në telekomunikacion. Në fillim të vitit, grupi mediatik Bloomberg News njoftoi se motra dhe të afërm të tjerë të Presidentit të ri kinez Xi Jinping kanë më shumë se 100 milionë dollarë si pasuri familjare. E gjithë kjo pasuri është grumbulluar ndërkohë që Partia vazhdon të këmbëngulë se përfaqëson interesat bazë të klasës punëtore dhe kryeministri Wen Jiabao zotohej të godiste korrupsionin. Bo Xilai, djali i një funksionari të lartë të partisë, pritej të bëhej anëtar i Komitetit Qendror të Byrosë Politike, pas ndryshimeve në udhëheqje. Por ai u përjashtua nga partia nën akuzat për korrupsion, pasi bashkëshortja e tij u shpall fajtore për vrasjen e një biznesmeni britanik lidhur me një mosmarrëveshje për biznesin.",Bijtë dhe të afërmit e funksionarëve të lartë të partisë në Kinë kanë grumbulluar pasuri marramendëse,"A group of powerful millionaires and billionaires has been created in China since the country opened up to the market economy. In this group, the so-called 'little princes', a term that includes the children of senior party officials, stand out. Next, we take a look at this class of nobles without titles: The Congress of the Communist Party was organized with a grand ceremony to elect the generation of new leaders. Many of them are the sons of former senior party officials. They are known by the term 'young princes' as they have achieved political status, mainly thanks to family ties. In many cases, explains journalist Hu Ping via Skype, many of them also accumulate wealth in the process of political rise: "" A recent New York Times article says that Wen Jiabao's relatives have amassed more than $2.7 billion during the period he has been prime minister. Wealth is hidden in bonds, financial investments, shares in traffic companies, or vacation spots. Chinese Ministry of Foreign Affairs spokesperson Hong Lei says that the article makes other slanderers of the Political Bureau Committee have family members with strong business ties. The son-in-law of the current Communist Party Chairman, Hu Jintao, was previously the Chief Financial Officer of Sina.com, the largest electronic website in China. In 2003 it was estimated that he had between 35-60 million dollars. The son of Political Bureau Committee member Li Changchun is a senior executive of the state-owned China Mobile company, a telecommunications giant. Earlier in the year, the Bloomberg News media group announced that the sister and other relatives of the new Chinese President Xi Jinping have more than $100 million in family wealth. All this wealth has amassed while the Party continues to insist that it represents the basic interests of the working class, and Premier Wen Jiabao vowed to crack down on corruption. Bo Xilai, the son of a senior party official, was expected to become a member of the Central Committee of the Political Bureau, following changes in leadership. But he was expelled from the party on corruption charges after his wife was found guilty of murdering a British businessman in connection with a business dispute.",The sons and relatives of senior party officials in China have amassed staggering fortunes,How have family ties influenced the political and economic status of the 'little princes' and 'young princes' in China?,"They are known by the term 'young princes' as they have achieved political status, mainly thanks to family ties. In many cases, explains journalist Hu Ping via Skype, many of them also accumulate wealth in the process of political rise: "" A recent New York Times article says that Wen Jiabao's relatives have amassed more than $2.7 billion during the period he has been prime minister. Wealth is hidden in bonds, financial investments, shares in traffic companies, or vacation spots.",0.598475992679596,"
In China, a powerful group of millionaires and billionaires has been formed that controls the economy of the market. In this group stand out what are known as the ""old princelings,"" a term that includes the children of high-ranking party officials. Following them emerged a class of politically influential people without titles: With great ceremony, the Communist Party Congress was held to elect a new generation of leaders. Many of them are the children of former senior party officials. They are known as the ""new princelings"" because they have attained political status, primarily through family connections. In many cases, journalist Hu Ping explains via a Skype interview, many of them accumulate wealth even during their rise in politics: “A recent article by the New York Times reported that the relatives of Wen Jiabao amassed more than $2.7 billion during his tenure as prime minister. Wealth is hidden in bonds, financial investments, shares in communication companies, or stockpiling. Hong Lei, a spokesperson for China's Ministry of Foreign Affairs, stated that the article implicates other members of the Political Bureau of the Central Committee as having family ties to business ventures. The son of current party leader Hu Jintao was previously the financial chief of Sina.com, China’s largest online portal. In 2003, it was estimated that his wealth ranged from $35 million to $60 million. The son of Li Changchun, a member of the Political Bureau, is chairman of state-owned China Mobile, a telecommunications giant. Earlier this year, the Bloomberg News media group reported that the family members and relatives of new President Xi Jinping have amassed over $100 million in family wealth. All of this wealth has been accumulated while the party continues to claim it represents the interests of the working class and former Premier Wen Jiabao vowed to fight corruption. Bo Xilai, the son of a high-ranking party official, was promoted to become a member of the Central Political Bureau after leadership changes. However, he was expelled from the party on charges of corruption after his wife was implicated in the murder of a British businessman connected to a business dispute.”","
""The Rise of China’s Wealthy Elite Through Familial Ties and Political Influence""","
Family ties have significantly influenced the political and economic status of China's 'little princes' and 'young princes,' as many have attained high-ranking positions and accumulated wealth through their connections to senior party officials. Examples include Wen Jiabao's family amassing over $2.7 billion and Bo Xilai's wife being involved in a murder case tied to business interests, highlighting the intersection of political power and financial gain. Despite the Communist Party's claims of representing the working class, these elites continue to leverage their familial connections for economic advantage and political influence."
"Nëse demokratët marrin kontrollin e Dhomës së Përfaqësuesve më 7 nëntor, një ligjvënëse demokrate nga Kalifornia mund të bëhet gruaja e parë kryetare e kësaj dhome. Nancy Pelosi u bë kryetare e demokratëve të Dhomës së Përfaqësuesve në vitin 2002 pas dy dekadash si anëtare e Kongresit. Ndodhi menjëherë pasi demokratët kishin pësuar humbje shkurajuese ndaj republikanëve në zgjedhjet për Kongresin. Zonja Pelosi tha se partia e saj duhet të krijonte një kontrast të qartë me politikat e Presidentit Bush dhe republikanëve. Katër vjet më pas, 66 vjeçarja, nënë e pesë fëmijëve është gati të bëhet e para grua kryetare e Dhomës së Përfaqësuesve, nëse demokratët marrin shumicën në zgjedhjet e së martës. Votat e zonjës Pelosi janë pasqyrim i elektoratit te saj liberal në San Francisco. Ajo ka qenë aktive në drejtim të të drejtave të njeriut, planifikimin familjar dhe çështjet e mjedisit dhe votoi kundër shkurtimit të taksave të propozuar nga Presidenti Bush. Ajo e kundërshtoi që në fillim luftën kundër Irakut dhe kundërshtoi programin e Presidentit Bush për përgjimin elektronik si masë kundër terrorizmit. Ky qëndrim e ka kthyer atë në një nga objektivat e parë të sulmeve të kandidatëve republikanë, Presidentit Bush dhe zyrtareve të tjerë në administratën e tij. Këshilltari kryesor politik i Presidentit, Karl Rove dhe të tjerë i përsërisin këto akuza thuajse çdo ditë. Edhe disa demokratë shqetësohen se sulmet republikane që e paraqesin zonjën Pelosi si nje personalitet jo te forte për sigurinë kombëtare dhe terrorizmin dhe në favor të ngritjes së taksave do t’i dëmtojë shanset e demokratëve. Zonja Pelosi duket se fiton energji nga sulme të tilla, duke iu përgjigjur në këtë mënyrë pohimeve të presidentit dhe republikanëve se një fitore demokratike do të thoshte humbje në Irak dhe në luftën kundër terrorizmit. Kritikët kanë thënë se nëse demokratët marrin kontrollin e Dhomës së Përfaqësuesve, do të fillonte një periudhë hakmarrjesh kundër republikanëve që e mbajne pushtetin që nga viti 1994. Por zonja Pelosi e kundërshton këtë qëndrim. Ajo përjashton, për shembull, mundësinë e ndonjë përpjekjeje demokrate për ta akuzuar Presidentin Bush mbi mungesen e informacioneve te zbulimit para luftës së Irakut. Nëse demokratët fitojnë kontrollin e Dhomës së Përfaqësuesve të martën, zonja Pelosi thotë se rezultati do të ishte një referendum për vetë republikanët. Ajo zotohet se do t’i përdorte 100 ditët e para si Kryetare e Dhomës së Përfaqësuesve për të vënë në zbatim të gjitha rekomandimet e komisionit të 11 shtatorit që hetoi sulmet terroriste të vitit 2001, për ngritjen e rrogës minimale dhe për të krijuar kushtet për kthimin e trupave amerikane në vitin 2007. Përsa u takon ndryshimeve thelbësore që mund të ndodhin nëse demokratët fitojnë pushtetin në Kongres, zonja Pelosi thotë se ata do te sillnin integritet dhe ndershmëri në qeveri. Ndërkohë, republikanët po bëjnë të gjitha përpjekjet që t’u kundervihen anketave që tregojnë se Pelosi dhe demokratët janë të preferuar pak ditë para se amerikanët të shkojnë në kutitë e votimit.",Nancy Pelosi do të ishte gruaja e parë që zgjidhet në këtë post në Shtetet e Bashkuara,"If Democrats take control of the House of Representatives on November 7, a Democratic lawmaker from California could become the first woman speaker of that chamber. Nancy Pelosi became speaker of the House of Representatives Democrats in 2002 after two decades as a member of Congress. It happened shortly after the Democrats had suffered discouraging losses to the Republicans in the Congressional elections. Ms. Pelosi said her party needed to create a clear contrast to the policies of President Bush and the Republicans. Four years on, the 66-year-old, mother of five is poised to become the first woman speaker of the House of Representatives if Democrats win a majority in Tuesday's election. Mrs. Pelosi's votes are a reflection of her liberal electorate in San Francisco. She has been active on human rights, family planning and environmental issues and voted against President Bush's proposed tax cuts. She opposed the war against Iraq from the beginning and opposed President Bush's program for electronic surveillance as a counterterrorism measure. This attitude has made him one of the first targets of attacks by Republican candidates, President Bush and other officials in his administration. The president's top political adviser, Karl Rove, and others repeat these accusations almost daily. Even some Democrats worry that Republican attacks portraying Ms. Pelosi as a weak figure on national security and terrorism and in favor of raising taxes will hurt the Democrats' chances. Mrs. Pelosi seems to gain energy from such attacks, thus responding to the president's and Republicans' assertions that a Democratic victory would mean losses in Iraq and in the fight against terrorism. Critics have said that if Democrats take control of the House of Representatives, it would begin a period of revenge against Republicans who have held power since 1994. But Mrs. Pelosi opposes this position. It excludes, for example, the possibility of any Democratic attempt to impeach President Bush over the lack of intelligence information before the Iraq war. If Democrats win control of the House of Representatives on Tuesday, Ms. Pelosi says the result would be a referendum for the Republicans themselves. She vowed to use her first 100 days as Speaker of the House of Representatives to implement all the recommendations of the September 11 commission that investigated the 2001 terrorist attacks, to raise the minimum wage and to create the conditions for the return of U.S. troops in 2007. As for the fundamental changes that could happen if the Democrats win power in Congress, Ms. Pelosi says they would bring integrity and honesty to the government. Meanwhile, Republicans are making every effort to counter polls showing that Pelosi and Democrats are the favorites a few days before Americans go to the ballot boxes.",Nancy Pelosi would be the first woman to be elected to this post in the United States,What are Nancy Pelosi's priorities if Democrats win control of the House of Representatives in the upcoming election?,"If Democrats win control of the House of Representatives on Tuesday, Ms. Pelosi says the result would be a referendum for the Republicans themselves. She vowed to use her first 100 days as Speaker of the House of Representatives to implement all the recommendations of the September 11 commission that investigated the 2001 terrorist attacks, to raise the minimum wage and to create the conditions for the return of U.S. troops in 2007. As for the fundamental changes that could happen if the Democrats win power in Congress, Ms. Pelosi says they would bring integrity and honesty to the government.",0.7104349136352539,"
If Democrats take control of the House of Representatives on November 7, a Democratic congresswoman from California could become the first female speaker of that house. Nancy Pelosi became leader of the Democrats in the House of Representatives in 2002 after two decades as a member of Congress. She took office following a decisive defeat for Democrats at the hands of Republicans in the midterm elections. Pelosi said her party needed to create a clear contrast with President Bush and Republican policies. Four years later, at age 66, this mother of five was ready to become the first female speaker of the House of Representatives, if Democrats won a majority in that year's midterm elections. Pelosi's votes reflect her liberal electorate in San Francisco. She has been active on issues such as civil rights, family planning, and environmental policy and voted against shortening the timeline proposed by President Bush for reforming Social Security. She opposed the Iraq war initially and opposed President Bush's program for electronic surveillance as a tool against terrorism. This stance made her one of the primary targets of Republican attacks, including President Bush and his staff. Senior political advisor to the president, Karl Rove, and others frequently raised these charges. Some Democrats also worried that Republicans would portray Pelosi as a weak personality on national security and terrorism and in favor of raising taxes, which could hurt Democratic chances. Pelosi seems to draw energy from such attacks, responding in this way to the president and Republicans' claims that a Democratic victory would result in defeat in Iraq and the fight against terrorism. Critics have argued that if Democrats take control of the House of Representatives next year, it will lead to significant changes. Pelosi said they would restore integrity and unity in government. Meanwhile, Republicans are doing everything they can to counter polls showing Pelosi and Democrats are narrowly preferred as Americans head to the ballot box.","
""Nancy Pelosi's Vision for the U.S. House of Representatives: A New Era of Democratic Leadership""","
If Democrats win control of the House of Representatives, Nancy Pelosi prioritizes opposing President Bush's policies, focusing on healthcare reform, and addressing economic issues. She aims to use her first 100 days as Speaker to implement recommendations from the September 11 commission, raise the minimum wage, and set conditions for troop withdrawals by 2007. Pelosi also emphasizes restoring integrity and unity in government while countering Republican opposition to Democratic gains."
"Rreziku nga pastrimi i parave dhe financimi i aktiviteteve terroriste mbetet i lartë në Shqipëri. Në këtë përfundim arrin Këshilli i Evropës në raportin e tij të fundit mbi masat që ka marrë vendi për të luftuar pastrimin e parave dhe financimin e aktiviteteve terroriste. Raporti pohon se Shqipëria ka bërë përparim të konsiderueshëm, duke vlerësuar se ekziston konceptimi i duhur i problemit të pastrimit të parave dhe rrezikut që përbëjnë burimet e paligjshme financiare dhe pastrimi i tyre në ekonominë formale. Por raporti thekson se nevojitet një analizë më e hollësishme mbi kërcënimet që shoqërohen me financimin e grupeve dhe aktiviteteve terroriste si dhe një sistem më funksional në ndjekjen e pasurive të krijuara në forma të paligjshme dhe pistave për pastrimin e tyre. Raporti nënvizon se rreziku kryesor në vend për pastrimin e parave vjen nga korrupsioni, sidomos duke pasur parasysh lidhjet në shumë raste të zyrtarëve të korruptuar me krimin e organizuar që gjenerojnë shuma të mëdha parash dhe minojnë funksionimin efektiv të sistemit të drejtësisë. Megjithëse autoritetet janë të vetëdijshme për problemin, aktiviteti i forcave të rendit për të goditur këto fonde dhe përpjekjet për pastrimin e tyre ka qenë shumë i kufizuar, thuhet në raport. Hetimet, thuhet më tej, në një përqindje të vogël të rasteve çojnë në ngritje akuzash dhe kjo përqindje është drejt rënies. Në shumë raste proceset hetimore pezullohen, ose akuzat braktisen nga prokurorët. Këshilli i Evropës në raportin e tij thekson se Shqipëria ka bazën ligjore të nevojshme për konfiskimin e pasurive të vëna me aktivitet të paligjshëm. Por statistikat mbi pasuritë e konfiskuara nuk duken në përputhje me nivelin e aktivitetit kriminal në vend. Këshilli i Evropës nënvizon se Shqipëria është zyrtarisht e hapur për bashkëpunim ligjor me vende të tjera në rastet e hetimeve nën dyshime për korrupsion, apo pastrim parash, por shton se mekanizmat ligjore në operim janë shumë të ndërlikuara dhe përfshijnë autoritete të shumta me afate të ndryshme kohore për kërkesa e ekzekutim, duke konkluduar se këto hallka pengojnë një proces hetimor efiçent. Në Shqipëri në kohën e analizës, thuhet në raport, nuk kishte një sistem që trajton me përparësi kërkesat nga vende të tjera për hetimin e rasteve të pastrimit të parave. Këshilli i Evropës vëren se megjithë masat e fundit për të zgjeruar raportimin e rasteve të lëvizjes së parave jashtë vendit nga Banka e Shqipërisë, ndjekja e aktivitetit që dyshohet si pastrim parash apo financim i organizatave terroriste është shumë i kufizuar. Raporti vë në dukje se Analiza për Nivelin e Rrezikut në Shqipëri ka identifikuar një rritje të kërcënimit nga radikalizmi fetar dhe nga përpjekjet për rekrutim për aktivitet terrorist. Megjithatë, sipas analizës së Këshillit të Evropës, Shqipëria nuk duket e përgatitur për t’iu përgjigjur me masat e nevojshme këtij rreziku. Autoritetet nuk kanë krijuar një metodologji sistematike për të identifikuar dhe hetuar rastet e financimit të grupeve terroriste. Megjithëse ka pasur ndjekje penale për persona që kanë shkuar për të luftuar në Siri, nuk ka pasur akuza të ngritura apo ndëshkime për financimin e aktiviteteve terroriste. -Një analizë të gjerë dhe të kujdesshme të rreziqeve nga pastrimi i parave apo financimi i aktiviteteve terroriste, ndërgjegjësim për lidhjen dhe ndikimin që kanë ekonomia informale dhe korrupsioni tek tendenca për pastrim parash dhe financimi i aktivitetit terrorist; analizimi i rrezikut nga organizata apo entitete si grupet e krimit të organizuar. -Të koordinohen politikat në nivel kombëtar për t’iu përgjigjur rreziqeve komplekse nga pastrimi i parave/financimi i aktiviteteve terroriste, të cilat nuk po adresohen me strategjitë ekzistuese. -Të analizohen arsyet për nivelin e ulët të proçedimit të rasteve për pastrim parash si dhe të mangësive në proceset hetimore, që u identifikuan në Analizën mbi Nivelin e Rrezikut. -Angazhim aktiv për të ndjekur penalisht raste të pastrimit të parave, përfshirë rastet kur ka fonde që kalojnë kufijtë shtetërorë, duke shfrytëzuar më mirë provat rrethanore në aktet e dyshuara kriminale, qofshin edhe të mbledhura jashtë vendit, në raste kur ka prova të tilla. -Masa për të identifikuar fondet dhe përfitimet e siguruara përmes aktivitetit kriminal si brenda edhe jashtë vendit dhe të ndërmerren hapa për t’i konfiskuar pasuritë e krijuara me këto fonde.","Këshilli i Evropës, në raportin e tij mbi luftën kundër pastrimit të parave dhe financimit të aktivitit terrorist, thotë se Shqipëria nuk po bën sa duhet për të ndjekur penalisht autorët e këtyre veprave.","The risk of money laundering and financing of terrorist activities remains high in Albania. This is the conclusion reached by the Council of Europe in its latest report on the measures taken by the country to combat money laundering and financing of terrorist activities. The report asserts that Albania has made significant progress, assessing that there is a proper conception of the problem of money laundering and the risk posed by illicit financial resources and their laundering in the formal economy. But the report emphasizes that a more detailed analysis on the threats associated with the financing of terrorist groups and activities is needed, as well as a more functional system in tracking illegally created assets and tracks for their laundering. The report underlines that the main risk in the country for money laundering comes from corruption, especially given the links in many cases of corrupt officials to organized crime that generate large sums of money and undermine the effective functioning of the justice system. Although the authorities are aware of the problem, law enforcement activity to crack down on these funds and efforts to clean them up has been very limited, the report said. Investigations, it is further stated, in a small percentage of cases lead to the filing of charges and this percentage is on the decline. In many cases, investigative processes are suspended, or charges are dropped by prosecutors. The Council of Europe in its report emphasizes that Albania has the necessary legal basis for the confiscation of assets placed by illegal activity. But the statistics on confiscated assets do not seem to be consistent with the level of criminal activity in the country. The Council of Europe underlines that Albania is officially open for legal cooperation with other countries in cases of investigations under suspicion of corruption or money laundering, but adds that the legal mechanisms in operation are very complicated and involve multiple authorities with different timelines for requests and executions, concluding that these links hinder an efficient investigative process. In Albania at the time of the analysis, the report said, there was no system that prioritizes requests from other countries to investigate money laundering cases. The Council of Europe notes that despite the recent measures to expand the reporting of cases of money movements abroad by the Bank of Albania, the follow-up of activity suspected of money laundering or financing of terrorist organizations is very limited. The report notes that the Risk Level Analysis in Albania has identified an increase in the threat from religious radicalism and from recruitment efforts for terrorist activity. However, according to the Council of Europe's analysis, Albania does not seem prepared to respond with the necessary measures to this risk. The authorities have not established a systematic methodology to identify and investigate cases of terrorist group financing. Although there have been prosecutions for people who have gone to fight in Syria, there have been no charges or penalties for financing terrorist activities. -A broad and careful analysis of the risks from money laundering or financing of terrorist activities, awareness of the connection and impact that the informal economy and corruption have on the tendency to money laundering and the financing of terrorist activity; analyzing the risk from organizations or entities such as organized crime groups. -Coordinate policies at the national level to respond to complex risks from money laundering/financing of terrorist activities, which are not being addressed with existing strategies. - To analyze the reasons for the low level of processing of money laundering cases as well as deficiencies in the investigative processes, which were identified in the Risk Level Analysis. -Active commitment to prosecute money laundering cases, including cases where there are funds that cross state borders, making better use of circumstantial evidence in suspected criminal acts, even collected abroad, in cases where there is such evidence. -Measures to identify the funds and benefits secured through criminal activity both inside and outside the country and to take steps to confiscate the assets created with these funds.","The Council of Europe, in its report on the fight against money laundering and financing of terrorist activity, says that Albania is not doing enough to prosecute the perpetrators of these acts.",What are the main challenges identified by the Council of Europe in Albania's efforts to combat money laundering and financing of terrorist activities?,"The Council of Europe notes that despite the recent measures to expand the reporting of cases of money movements abroad by the Bank of Albania, the follow-up of activity suspected of money laundering or financing of terrorist organizations is very limited. The report notes that the Risk Level Analysis in Albania has identified an increase in the threat from religious radicalism and from recruitment efforts for terrorist activity. However, according to the Council of Europe's analysis, Albania does not seem prepared to respond with the necessary measures to this risk.",0.6326518654823303,"
The following is the translation of the provided text:

---

Albania has made significant progress in combating money laundering and terrorist financing, according to a report by the European Commission. The country has implemented measures to strengthen its legal framework and improve law enforcement capacities. However, challenges remain in fully analyzing and addressing risks related to money laundering and terrorist financing.

The report highlights that Albania has established an Anti-Money Laundering and Counter-Terrorist Financing (AML/CFT) system, including a Financial Intelligence Unit (FIU). While progress has been made, gaps exist in the effective identification, investigation, and prosecution of money laundering and terrorist financing cases. The country also lacks a comprehensive risk assessment framework to identify high-risk sectors and activities.

The European Commission recommends that Albania take the following steps:

1. Conduct a thorough analysis of risks stemming from money laundering and terrorist financing, including the role of organized crime groups and informal economy networks.
2. Improve coordination between national authorities to address complex risks related to money laundering/terrorist financing, which are not adequately addressed by existing strategies.
3. Analyze the reasons for the low number of ongoing cases involving money laundering and the weaknesses in criminal proceedings identified in the Risk Level Analysis.
4. Increase efforts to investigate and prosecute money laundering cases, including those where funds exceed national thresholds, making better use of mutual legal assistance in criminal matters when evidence is available, even if it originates from outside the country.
5. Develop mechanisms to identify and secure assets and profits generated through criminal activities, both within and outside the country, and take steps to confiscate such proceeds.

The report also notes that while Albania has seen some progress in identifying and prosecuting individuals involved in conflicts abroad, such as those related to Syria, there have been no prosecutions for terrorist financing activities. This underscores the need for further action to strengthen legal frameworks and enforcement mechanisms.

In conclusion, while Albania has taken steps to combat money laundering and terrorist financing, more needs to be done to address remaining gaps and improve the overall effectiveness of its AML/CFT system.

--- 

This is the end of the translation.","
""Persistent Risks of Money Laundering and Terrorist Financing Despite Improvements in Legal Frameworks and Enforcement Efforts in Albania""","
The Council of Europe identified challenges in Albania's efforts to combat money laundering and terrorist financing, including insufficient financial monitoring mechanisms, weak legal frameworks for confiscating illicit assets, and high levels of corruption affecting law enforcement effectiveness. The report highlighted inadequate measures to address risks related to informal economies and insufficient prosecution of cases involving illegal financial flows. Additionally, the lack of effective cross-border cooperation and coordination in investigating and prosecuting such crimes was noted as a significant issue."
"Presidenti i Kosovës, Hashim Thaçi, shkroi në rrjetin facebook se “Kosova është gati të shqyrtojë heqjen e taksës për prodhimet serbe nëse Kosovës i jepet një rrugë e qartë drejt arritjes së një marrëveshjeje përfundimtare paqësore me Serbinë”. Ai i bëri jehonë deklaratës së tij për “The Washington Post”, ku ka kërkuar që Shtetet e Bashkuara të marrin një rol udhëheqës në bashkërendimin e përfshirjes ndërkombëtarë për “marrëveshjen paqësore finale që do të sjellë njohjen e Kosovës nga Serbia. Ndërgjegjja jonë na kërkon – dhe është detyrë e jona historike – që të bëjmë paqen të mundshme dhe të vërtetë”, shkroi ai. Gazeta amerikane shkroi se presidenti Thaçi, më 21 dhjetor kishte zhvilluar një takim të pa raportuar diplomatik në Berlin me ambasadorin amerikan, Richard Grenell, në të cilin ishte zotuar për heqjen e tarifave prej 100 për qind ndaj mallrave serbe. Gazetar citon ambasadorin Grenell të ketë thënë se “presidenti Thaçi dhe unë folëm për rëndësinë e marrjes së vendimeve afatgjate në vend të veprimeve afatshkurtra. Isha i kënaqur që ai u pajtua dhe do të angazhohet për heqjen e tarifave të vendosura së fundmi mbi prodhimet serbe. Kjo lëvizje do të ndihmonte që të dërgoheshin shenjat e duhura se ai është serioz për negociatat dhe në ndërtimin e besimin ndërmjet palëve”. Takimi në Berlin kishte ndodhur pak ditë pasi që presidenti amerikan Donald Trump, u dërgoi letra presidentit Thaçi dhe presidentit të Serbisë, Aleksandër Vuçiç, duke u bërë thirrje të dyja palëve “që të shfrytëzojnë kohën e duhur për të arritur një marrëveshje pajtimi ndërmjet tyre”, marrëveshje që siç thuhet, “do të pasqyronte në mënyrë të drejtpeshuar interesat e të dyja palëve”. Më 21 nëntor të vitit që lamë pas, qeveria e Kosovës vendosi tarifa prej 100 për qind për mallrat nga Serbia, në shenjë kundërshtimi ndaj siç u tha, fushatës agresive të Beogradit ndaj shtetësisë së Kosovës. Tarifat nxitën reagimin e Bashkimit Evropian që kërkoi anulimin e tyre por edhe të Shteteve të Bashkuara. Beogradi tha se nuk do të ketë vazhdim bisedimesh nëse nuk anulohet tarifa. Nuk pati një reagim të menjëhershëm të qeverisë së Kosovës ndaj deklaratave të presidentit Thaçi, por deri tash kryeministri Ramush Haradinaj ka theksuar se çështja e tarifave do të jetë pjesë e marrëveshjes për njohjen e ndërsjellë në mes të Kosovës dhe Serbisë. Zyrtarë të qeverisë, thanë në rrjetet sociale se tarifa nuk mund të hiqet nga presidenti dhe ajo nuk është vënë për t’u hequr pa u përmbushur kushtet për një gjë të tillë. Me gjithë tensionet, autoritetet në Kosovë thonë se janë të gatshme të vazhdojnë bisedimet për normalizimin e marrëdhënieve me Serbinë dhe një ekip negociator i miratuar më 15 dhjetor në parlamentin e Kosovës, pa pajtimin e partive me të mëdha opozitare, do të qëndrojë të martën në Bruksel për të takuar zyrtarët e lartë të Bashkimit Evropian.","Presidenti i Kosovës, Hashim Thaçi, la të hapur mundësinë për anulimin e tarifave ndaj mallrave serbe, për t’i hapur rrugën procesit të bisedimeve me Serbinë.","Kosovo's president, Hashim Thaci, wrote on Facebook that ""Kosovo is ready to consider removing the tax on Serbian products if Kosovo is given a clear path towards reaching a final peaceful agreement with Serbia."" He echoed his statement to ""The Washington Post"", where he demanded that the United States take a leading role in coordinating international involvement for the ""final peace agreement that will bring about the recognition of Kosovo by Serbia. Our conscience asks us – and it is our historic duty – to make peace possible and true,"" he wrote. The American newspaper wrote that President Thaci, on December 21, had held an unreported diplomatic meeting in Berlin with the American ambassador, Richard Grenell, in which he pledged to remove 100 percent tariffs on Serbian goods. The journalist quotes Ambassador Grenell as saying that ""President Thaci and I talked about the importance of making long-term decisions instead of short-term actions. I was pleased that he agreed and will commit to the removal of the tariffs recently imposed on Serbian products. This move would help send the right signals that he is serious about negotiations and building trust between the parties."" The meeting in Berlin took place a few days after US President Donald Trump sent letters to President Thaci and Serbian President Aleksandar Vucic, calling on both sides ""to use the appropriate time to reach a reconciliation agreement between them"", an agreement that, as it is said, ""would reflect in a balanced way the interests of both sides"". On November 21 of last year, the Kosovo government imposed 100 percent tariffs on goods from Serbia, in opposition to, as it was said, Belgrade's aggressive campaign against Kosovo's statehood. The tariffs prompted the reaction of the European Union, which demanded their cancellation, but also that of the United States. Belgrade said there will be no continuation of talks unless the tariff is canceled. There was no immediate reaction from the Kosovo government to President Thaci's statements, but so far Prime Minister Ramush Haradinaj has emphasized that the issue of tariffs will be part of the agreement on mutual recognition between Kosovo and Serbia. Government officials said on social networks that the tariff cannot be lifted by the president and it is not set to be lifted without meeting the conditions for such a thing. Despite all the tensions, the authorities in Kosovo say they are ready to continue talks on the normalization of relations with Serbia and a negotiating team approved on December 15 in Kosovo's parliament, without the agreement of the major opposition parties, will stay in Brussels on Tuesday to meet senior European Union officials.","The President of Kosovo, Hashim Thaci, left open the possibility of canceling tariffs on Serbian goods, to pave the way for the process of talks with Serbia.","What conditions did Kosovo's President Hashim Thaci suggest for considering the removal of tariffs on Serbian products, and how has this proposal been received by other political figures and entities involved?","Kosovo's president, Hashim Thaci, wrote on Facebook that ""Kosovo is ready to consider removing the tax on Serbian products if Kosovo is given a clear path towards reaching a final peaceful agreement with Serbia."" He echoed his statement to ""The Washington Post"", where he demanded that the United States take a leading role in coordinating international involvement for the ""final peace agreement that will bring about the recognition of Kosovo by Serbia. Our conscience asks us – and it is our historic duty – to make peace possible and true,"" he wrote.",0.6585049033164978,"
President of Kosovo, Hashim Thaçi, wrote on Facebook that “Kosovo is ready to lift tariffs on Serbian products if it is given a clear path toward achieving a final non-hostile agreement with Serbia.” He made these statements in an interview with *The Washington Post*, where he called for the United States to play a leading role in facilitating international diplomatic efforts toward “a final non-hostile agreement that will bring the recognition of Kosovo by Serbia. Our response is needed – and it is our historical duty – to make peace possible and real,” he wrote. The American newspaper reported that President Thaçi, on December 21, held an unpublicized diplomatic meeting in Berlin with U.S. Ambassador Richard Grenell, during which the issue of lifting tariffs on Serbian goods was discussed. According to *The Washington Post*, Ambassador Grenell stated that “President Thaçi and I discussed the importance of making decisions instead of destructive actions. He seemed convinced that he is committed and will engage in lifting the tariffs imposed recently on Serbian products. This move would help send the right signals that he is serious about negotiations and building trust between the two sides.” The meeting in Berlin took place shortly after U.S. President Donald Trump sent letters to President Thaçi and Serbian President Aleksandar Vučić, urging both leaders “to use this crucial moment to reach a compromise between them,” an agreement that, as stated, would “squarely serve the interests of both sides.” On December 21 last year, the Kosovo government imposed a 100% tariff on goods from Serbia, as a sign of opposition to what it called Belgrade’s aggressive behavior regarding Kosovo’s independence. With all this tension, authorities in Kosovo said they are ready to continue talks to normalize relations with Serbia and a negotiating team, approved by the Kosovo Parliament on December 15 without the participation of major opposition parties, is expected to meet in Brussels to discuss with high-ranking officials of the European Union.","
""Kosovo Imposes Tariffs on Serbian Goods to Facilitate Peace Negotiations.""","
Kosovo's President Hashim Thaçi proposed that tariffs on Serbian products could be considered for removal if Serbia offers a clear path toward a final peaceful resolution of their conflict, with external mediators like NATO and the U.S. involved. This suggestion has received cautious support from figures like U.S. Ambassador Richard Grenell but faces internal dissent in Kosovo and criticism from international bodies such as the EU and NATO. There is also pressure from former President Trump urging both leaders to negotiate a mutually beneficial agreement."
"Në Shqipëri, megjithë pandeminë, po shtohen përgatitjet e partive politike për zgjedhjet e përgjithshme të 25 prillit. Komisioni Qendror i Zgjedhjeve ka nisur të ngrejë komisionet zonale, kur kanë mbetur vetëm 3 muaj nga zgjedhjet. Veprimtarët vendas dhe diplomatët perëndimorë po u kërkojnë partive garuese të zgjedhin kandidatë të pakorruptuar dhe të publikojnë financimet e tyre. Veprimtarë vendas si dhe ekspertë e diplomatë perëndimorë u kërkuan sot partive politike, që në zgjedhjet parlamentare të 25 prillit të bëjnë transparencën e financimeve të tyre dhe të zgjedhin kandidatë sa më të pastër pa lidhje me botën e krimit. Ambasadorja e SHBA-ve në Shqipëri, Yuri Kim, tha se të gjithë duan që zgjedhjet e 25 prillit të jenë të lira dhe të drejta, ky është qëllimi kryesor, së bashku me transparencën mbi financimet e fushatave dhe të partive, si dhe integriteti ikandidatëve të një vendi që synon të hyjë në BE. Ambasadorja Kim i bëri këto komente në konferencën mbi integritetin zgjedhor që organizoi Koalicioni për Reforma, Integrim dhe Institucione të Konsoliduara. “Është përgjegjësi e drejtuesve të partive politike të sigurohen që kandidatët e tyre janë të pastër, bazuar në standartet e rrepta të ligjit mbi dekrimininalizimin. Pas kësaj duhen zgjedhur me kujdes personat që vërtet të përfaqësojnë popullin shqiptar. Drejtuesit duhet të heqin çdo politikan të lidhur me krimin, dhe të zgjedhin njerëz që nuk minojnë demokracinë dhe nuk promovojnë korrupsionin. Qytetarët duhet të bëhen përgjegjësinë që të mos marrin para për votën e tyre dhe të mos votojnë për kriminelë” - tha ambasadorja Kim. Ndërsa kryetari i KQZ-së Ilirjan Celibashi, tha se qytetarët janë të shqetësuar se shumë deputetë nuk mbrojnë interesat e komunitetit që i voton, por ndjekin udhëzimet e financuesve të tyre. “Ashtu si shkon paraja tek politika, po ashtu do të jetë edhe pushteti i ardhshëm; nëse paratë shkojnë në mënyrë të rregullt, institucionet do të jenë transparente dhe të përgjegjëshme, nëse paratë shkojnë fshehtas dhe me qëllime korruptive, po ashtu është qeverisja që del prej tyre” - tha zoti Celibashi. Në konferencë shprehën vullnetin politik edhe përfaqësues të partisë në pushte. Opozita shprehu edhe një tjetër shqetësimet dhe dyshimet e veta se socialistët nuk janë të angazhuar për organizimin e zgjedhjeve me standarta të larta demokratike, duke ndryshuar rregullat e garës, kur gara ka filluar. Konferenca diskutoi mundësitë që të bëhet transparenca e financimeve ndaj partive, sidomos nga financie private, të cilat më pas sjellin klientelizmin në tendera, koncensione dhe kontrata të tjera publik-privat. Oratorët u kërkuan partive të largohen nga fushatat e luksit, që korruptohen nga tregtarët dhe klientët privatë. Madje pati propozime që financimi i fushatave zgjedhore plotësisht nga buxheti publik, të cilat mund të mbikëqyren më saktë, duke mos devijuar vullnetin e popullit, por është një financim i ligjshëm i mjaftueshëm dhe transparent. Sikur të mos mjaftonin shkejlet e përsëritura në procesin zgedhor si votimi familjar dhe shitblerja e votës, këto zgjedhje do të zhvillohen në kushte të vecanta të diktuara nga pandemia Covid 19.","""Drejtuesit e partive duhet të heqin çdo politikan të lidhur me krimin” - tha ambasadorja Kim. ","In Albania, despite the pandemic, the preparations of political parties for the April 25 general elections are increasing. The Central Election Commission has started to set up zonal commissions, when there are only 3 months left from the elections. Local activists and Western diplomats are urging competing parties to choose uncorrupt candidates and publish their funding. Local activists, as well as Western experts and diplomats, today asked political parties to make their funding transparent in the April 25 parliamentary elections and to elect candidates as clean as possible without connection to the criminal world. The U.S. Ambassador to Albania, Yuri Kim, said that everyone wants the April 25 elections to be free and fair, this is the main goal, along with transparency on campaign and party financing, as well as the integrity of the candidates of a country that intends to enter the EU. Ambassador Kim made these comments at the conference on electoral integrity organized by the Coalition for Reform, Integration and Consolidated Institutions. ""It is the responsibility of political party leaders to ensure that their candidates are clean, based on the strict standards of the law on decriminalization. After that, the people who really represent the Albanian people must be carefully chosen. Leaders should remove any politician linked to crime, and elect people who do not undermine democracy and do not promote corruption. Citizens should take responsibility not to receive money for their vote and not to vote for criminals"" - said Ambassador Kim. While the chairman of the CEC, Ilirjan Celibashi, said that citizens are concerned that many deputies do not protect the interests of the community that votes for them, but follow the instructions of their financiers. ""Just as money goes to politics, so will the next power; if the money goes regularly, the institutions will be transparent and accountable, if the money goes secretly and with corrupt purposes, so is the governance that comes out of it"" - said Mr. Celibashi. At the conference, representatives of the ruling party also expressed their political will. The opposition expressed another of its concerns and doubts that the socialists are not committed to organizing elections with high democratic standards, changing the rules of the race, when the race has started. The conference discussed the possibilities of transparency of funding to parties, especially from private funding, which then bring clientelism in tenders, concessions and other public-private contracts. The orators urged the parties to move away from luxury campaigns, which are corrupted by merchants and private clients. There were even proposals that the financing of election campaigns entirely from the public budget, which can be more precisely supervised, not diverting the will of the people, but is a sufficient and transparent legal funding. As if the repeated irregularities in the electoral process such as family voting and vote buying were not enough, these elections will take place under special conditions dictated by the Covid 19 pandemic.","""Party leaders must remove every politician linked to crime"" - said Ambassador Kim. ",What measures are being urged to ensure transparency and integrity in Albania's April 25 general elections amid concerns about corruption and criminal ties in politics?,"The orators urged the parties to move away from luxury campaigns, which are corrupted by merchants and private clients. There were even proposals that the financing of election campaigns entirely from the public budget, which can be more precisely supervised, not diverting the will of the people, but is a sufficient and transparent legal funding. As if the repeated irregularities in the electoral process such as family voting and vote buying were not enough, these elections will take place under special conditions dictated by the Covid 19 pandemic.",0.5747107863426208,"
In Albania, despite the pandemic, preparations by political parties for the general elections on April 25 are intensifying. The Central Electoral Commission has launched the activation of zone commissions, with only three months remaining until the elections. Local authorities and foreign diplomats are urging political parties to select un-corrupt candidates and disclose their finances. Local authorities and experts in diplomacy demanded today that political parties ensure transparency in their financial resources for the April 25 parliamentary elections and select candidates with no ties to organized crime. The U.S. Ambassador to Albania, Yuri Kim, stated that everyone hopes the April 25 elections will be conducted fairly, transparently, and in line with democratic principles. He emphasized the importance of equal opportunities for all political parties and urged citizens to actively participate in the election process.

The head of the Central Electoral Commission, Ilirjan Celibashi, highlighted that despite the challenges posed by the COVID-19 pandemic, significant progress has been made in preparing for these elections. He noted that approximately 80% of the necessary preparations are complete and expressed confidence that the remaining tasks will be finalized on time.

Meanwhile, discussions about the financing of political parties continue to be a central topic in public debate. Some propose that all election-related expenses should be fully funded by the state budget to ensure transparency and prevent clientelism in tenders, concessions, and other public-private contracts. However, this approach may not sufficiently address deeper issues such as vote buying and family voting, which have been persistent problems in past elections.

These elections will take place under unprecedented circumstances dictated by the COVID-19 pandemic. Measures to protect voters and electoral staff, including the use of masks, hand sanitizers, and maintaining social distancing, will be essential during the voting process. Additionally, plans are being finalized for early voting and postal voting options to accommodate citizens who may be unable to vote on election day due to health concerns.

The outcome of these elections is expected to shape Albania's political landscape for years to come, with all parties emphasizing their commitment to reform, integration into the EU, and improving the quality of life for Albanian citizens. However, the success of these efforts will depend largely on ensuring that the electoral process remains fair, transparent, and free from corruption.","
""Election Preparations in Albania Amidst Pandemic and Transparency Calls""","
Measures being urged include ensuring transparency in party funding, selecting candidates without criminal ties, and promoting fair electoral processes to address corruption concerns. Foreign diplomats and experts are calling for stricter controls over campaign financing and ethical candidate selection to uphold election integrity. Concerns about vote buying and pandemic-related challenges further complicate efforts to ensure free and fair elections in Albania."
"Dy arritje shkencore po bëjnë bujë këto ditë: së pari binjakët egjiptianë që ishin të bashkuar në kokë dhe që u ndanë pas një operacioni maratonë. Mjekët janë optimistë por thonë se binjakët ende nuk janë jashtë rrezikut. Së dyti: një ilaç i ri i cili ul ndjeshëm mundësinë e përsëritjes së kancerit të gjirit. Rezultatet e një studimi të kryer me këtë ilaç ishin mjaft befasuese Ahmed dhe Mohamed Ibrahim iu nënshtruan të shtunën një operacioni prej 34 orësh në një spital të Dallasit në shtetin Texas. Pas ndërhyrjes kirurgjikale binjakët dy-vjeçarë ishin ende në gjendje kritike por të stabilizuar. Që të dy u vunë qëllimisht në komë. Kirurgu kryesor, Doctor Kenneth Shapiro, tha se koma do të ndihmojë për të ulur mundësinë e komplikacioneve. “Planet tona janë që t’i mbajmë ata në gjendje kome për disa ditë. Tani për tani mund të themi se treguesit e tyre jetikë janë të qendrueshëm dhe ne nuk shikojmë shenja të ndonjë problemi mjeksor, tha kirurgu.” Kur i ati i binjakëve mësoi se ata ishin ndarë me sukses, reagimi i tij i parë ishte një përqafim për mjekun e familjes Doctor Nasser Abdel Al. “Kur dikush njoftoi se tani të vegjëlit ishin ndarë, i ati, Ibrahimi, kërceu dhe mu hidh në qafë dhe gati sa nuk i ra të fikët. Kështu që na u desh të kujdeseshim për të. Ai tha se as që e kishte ëndërruar një çast të tillë më parë.” Mjekët e dinë se binjakët ende nuk janë plotësisht jashtë rrezikut. Doctor James Thomas thotë se dy kërcënimet më të mëdha tani për tani janë dëmtimi i trurit dhe infeksionet. “Por për të kuptuar plotësisht dëmin që mund të kenë pësuar ata gjatë operacionit dhe shanset për shërim, do të duhen disa javë ose disa muaj, thotë mjeku.” Pasi të nxirren nga gjendja e komës, binjakët do t’i nënshtrohen procesit të rehabilitimit për disa muaj si dhe operacionit për rindërtimin e kafkës. Jeta e tyre në gjendje të ndarë ka filluar dhe po ashtu dëshira e atë atit që ata të bëjnë një jetë normale. Ja një arritje tjetër shkencore. pas heqjes së kancerit të gjirit me operacion, shumica e pacientëve marrin tamoxifen, një ilaç që ndalon përsëritjen e sëmundjes. Mirëpo sipas studimeve, efekti i tamoksifenit zgjat vetëm 5 vjet pasi më tej tumori i reziston ilaçit. “Kanceri i gjirit mund të rishfaqet shumë shpejt pas diagnozës ose pas shumë vitesh” thotë doktor Clifford Huddis, specialist për kancerin. Në një eksperiment me gra që kanë kaluar menopauzën, të cilave iu dha një ilaç i dytë, Letrozole, u pa se shanset për të mos u prekur më nga kanceri ishin dy herë më të larta se sa te gratë që morrën placebo. “Rezultatet ishin të jashtëzakonshme, thotë mjeku James Ingle. Ato ishin më të mira me ilaçin Letrozol, shumë herë më të mira se sa i kishim parashikuar kur ndërmorrëm studimin në vitin 1997”. Rezultatet ishin aq të mira saqë studimi u ndërpre më shpejt sesa ishte parashikuar në mënyrë që Letrozolin ta marrin sa më shumë gra. Ky ilaç ul ndjeshëm nivelet e estrogjenit, hormoni që ushqen shumicën e kancerve të gjirit. Efektet anësore të ilaçit mund të përfshijnë artritin dhe dobësimin e kockave por mjekët shpresojnë që Letrozoli të përmirësojë ndjeshëm jetën e mijëra grave.",Binjakët e ndarë egjiptianë ne gjendje te qendrueshme: nje ilaç i ri ul ndjeshëm mundësinë e përsëritjes së kancerit të gjirit,"Two scientific achievements are causing a stir these days: first, the Egyptian twins who were joined in the head and who separated after a marathon operation. Doctors are optimistic but say that the twins are not yet out of danger. Second: a new drug which significantly reduces the chance of breast cancer recurrence. The results of a study conducted with this drug were quite surprising Ahmed and Mohamed Ibrahim underwent a 34-hour operation on Saturday in a Dallas hospital in the state of Texas. After the surgery, the two-year-old twins were still in critical condition but stabilized. Both were deliberately put in a coma. The chief surgeon, Dr. Kenneth Shapiro, said that the coma will help to reduce the possibility of complications. ""Our plans are to keep them in a coma for a few days. For now we can say that their vital indicators are stable and we do not see signs of any medical problems, the surgeon said."" When the twins' father learned that they had successfully separated, his first reaction was a hug for family doctor Doctor Nasser Abdel Al. ""When someone announced that the little ones had now separated, the father, Ibrahim, jumped and jumped on my neck and almost fainted. So we had to take care of it. He said that he had not even dreamed of such a moment before."" Doctors know that twins are not yet completely out of danger. Dr. James Thomas says the two biggest threats right now are brain damage and infections. ""But to fully understand the damage they may have suffered during the operation and the chances of recovery, it will take a few weeks or a few months, says the doctor."" After being brought out of the coma, the twins will undergo a rehabilitation process for several months as well as skull reconstruction surgery. Their life in a separate state has begun and so has his father's desire for them to lead a normal life. Here's another scientific achievement. After breast cancer is surgically removed, most patients take tamoxifen, a drug that stops the disease from recurring. However, according to studies, the effect of tamoxifen lasts only 5 years as the tumor further resists the drug. ""Breast cancer can recur very quickly after diagnosis or after many years,"" says Dr. Clifford Huddis, cancer specialist. In an experiment with women who have gone through the menopause, who were given a second drug, Letrozole, it was seen that the chances of no longer getting cancer were twice as high as in women who took the placebo. ""The results were remarkable, says doctor James Ingle. They were better with the drug Letrozol, many times better than we had anticipated when we undertook the study in 1997."" The results were so good that the study was discontinued sooner than anticipated so that as many women as possible could take Letrozolin. This drug significantly lowers levels of estrogen, the hormone that feeds most breast cancers. Side effects of the drug may include arthritis and bone weakening, but doctors hope that Letrozole will significantly improve the lives of thousands of women.",Egyptian separated twins in stable condition: a new drug significantly reduces the chance of breast cancer recurrence,"What are the two scientific achievements mentioned in the text, and what are their implications?","Two scientific achievements are causing a stir these days: first, the Egyptian twins who were joined in the head and who separated after a marathon operation. Doctors are optimistic but say that the twins are not yet out of danger. Second: a new drug which significantly reduces the chance of breast cancer recurrence.",0.6196465492248535,"
On these scientific achievements today: First, Egyptian twins who were connected at the head and successfully separated after a marathon operation. Doctors are optimistic but noted that the twins are still not out of danger. Second, a new drug has been developed that significantly reduces the risk of breast cancer recurrence. The results of a study conducted with this drug were highly promising.  

Ahmed and Mohamed Ibrahim underwent a 34-hour-long operation at a hospital in Dallas, Texas. After the surgical intervention, the two-year-old twins remained in critical but stable condition. Both were placed in a medically induced coma to aid recovery and prevent complications. The lead surgeon, Dr. Kenneth Shapiro, explained that the coma would help reduce the risk of complications. ""For now, we are keeping them in a comatose state for several days. At this point, their vital signs are stable, and we do not see any concerning medical issues,"" said the surgeon.  

When the twins' father learned they had been successfully separated, his initial reaction was to express gratitude to the family’s doctor, Dr. Nasser Abdel Al. ""When someone told me that the operation was successful, my first instinct was to pray for the doctors and the family of Dr. Nasser Abdel Al. I cried as if I couldn’t believe it. So we had to take care of them. He said that no one could have imagined such a miracle before,"" he added.  

Doctors noted that the twins are still not fully out of danger. Dr. James Thomas stated that the two main risks now are brain swelling and infections. ""However, to fully understand the extent of damage caused during the operation and their chances of survival, it will take several days or even weeks,"" said the doctor.  

Once they emerge from the comatose state, the twins will undergo rehabilitation for several months as well as additional surgery for skull reconstruction. Their lives have just begun, and everyone hopes they can lead a normal life.  

Another scientific achievement: After breast cancer is removed through surgery, most patients take tamoxifen, a drug that prevents recurrence of the disease. However, according to studies, the effect of tamoxifen lasts only five years after which tumors may become resistant. A new study found that the drug letrozole significantly reduces the risk of death or recurrence compared to tamoxifen.  

The study showed that women who took letrozole had a 38% lower risk of dying from breast cancer and a 44% lower risk of recurrence compared to those who took tamoxifen. ""The results were groundbreaking,"" said Dr. James Ingle. ""They were much better with letrozole, far beyond what we had anticipated when we started the study in 1997.""  

The results were so significant that the study was halted early so more women could take letrozole. This drug significantly reduces estrogen levels, a hormone that fuels most breast cancers. While side effects may include arthritis and bone thinning, doctors hope that letrozole will greatly improve the lives of many patients.","
""Groundbreaking Surgery and Innovative Treatment Advance Medical Science.""","
The two scientific achievements are the successful separation of conjoined Egyptian twins after a 34-hour surgery and the development of a new drug, Letrozole, which significantly reduces breast cancer recurrence rates. The separation highlights advancements in complex surgical techniques, while Letrozole shows promise in improving survival rates with fewer side effects than existing treatments. Both achievements demonstrate significant progress in medical science and patient care."
"Asgjë në natyrë nuk është e pavdekshme, por disa lloje gaforresh jetojnë për shekuj me radhë ndërsa një krijesë e vogël uji, e quajtur Hidra, jeton shumë gjatë, të paktën deri sa thahet uji i pellgut ku ajo qëndron. A mund të arrijnë të jetojnë po aq gjatë njerëzit? Autori Xhonathan Uiner thotë se ata gjithmonë e kanë ëndërruar këtë gjë. Autori thotë se përpjekjet për të qenë gjithmonë të rinj janë të njohura për disa njerëz të shquar. Në fillim të shekullit të 20-të, disa njerëz besonin se ndërhyrjet kirurgjikale mund t’ua rigjallëronin forcën dhe energjinë. Autori Xhonathan Uiner thotë se shkencëtarët nuk janë të sigurt se sa mund të zgjatet jeta e njerëzve dhe se ata thjesht debatojnë për mënyrën më të mire për ta zgjatur atë. Disa përqëndrohen në probleme të veçanta të pleqërisë, si kanceri, alxajmeri, sëmundjet e zemrës, të tjerë përpiqen të gjejnë arsyet përse trupi i njeriut degradon deri në nivelin e qelizave. Në fakt, gjatë shekullit të fundit, thotë autori, jeta është zgjatur dhe mesatarisht, tani njerëzit jetojnë disa dekada më gjatë se sa gjyshërit e tyre. Tanis një numër më i madh njerëzish kapin moshën 100 vjeçare. Por, përsëri, disa njerëz nuk arrijnë të bëhen as 80 vjeç dhe 100-vjeçarët janë një pjesë tepër e vogël e popullsisë. Shkrimtari thekson se zgjatja e jetës në shekullin 21 po krijon tensione sociale, duke i kundërvënë të rinjtë me të moshuarit në debate për taksat, shpenzimet publike dhe moshën e daljes në pension në Evropë dhe gjetkë. Ai shtron edhe pyetje të tilla, si ç’do të ndodhte me shumëfishimin e popullsisë në se çiftet do të lindin fëçmijë për 100 vjet? Apo, cila do të ishte pasoja e jetëgjatësisë në se disa shoqëri do të udhëhiqeshin nga njerëz të moshuar dhe të këqinj. Një tjetër pyetje që shtron autori është: A do të ishte zgjatja e madhe e jetës një dhunim i natyrës? Ndoshta jo, thotë ai. Autori thotë se megjithatë, ne ende nuk ndeshemi sot me probleme të tilla të vështira, sepse shkencëtarët që përpiqen të na zgjasin jetën ende nuk kanë bërë ndonjë zbulim të madh në këtë fushë. Të jetosh përgjithmonë, kjo vazhdon të jetë një ëndërr, objekt i miteve dhe i letëërsisë dhe shumë shkencëtarë shpresojnë të shtojnë të paktën 20, apo 30 vjet në jetën e njerëzve. Ata që janë më optimistë shpresojnë të shtojnë qindra vjet, ndërsa skeptikët mendojnë se ndoshta ne kemi arritur maksimumin e jetës njerëzore.","Xhonathan Uiner eksploron shkencën dhe pseudoshkencën e zgjatjes së jetës në librin “Ta duash këtë botë""","Nothing in nature is immortal, but some types of crabs live for centuries while a small water creature, called Hydra, lives very long, at least until the water of the pond where it stands dries up. Can humans manage to live as long? Author Jonathan Uiner says that they have always dreamed of this. The author says that the efforts to always be young are familiar to some prominent people. At the beginning of the 20th century, some people believed that surgical interventions could revitalize their strength and energy. Author Jonathan Uiner says that scientists are not sure how long people's lives can be extended and that they are simply debating the best way to extend it. Some focus on specific problems of old age, such as cancer, Alzheimer's, heart disease, others try to find the reasons why the human body degrades to the level of cells. In fact, over the last century, the author says, life has been extended, and on average, people now live several decades longer than their grandparents. A greater number of people reach the age of 100. But, again, some people don't even manage to turn 80 years old, and 100-year-olds are a very small part of the population. The writer points out that life prolongation in the 21st century is creating social tensions, pitting young and old people against the elderly in debates over taxes, public spending and retirement age in Europe and elsewhere. He also asks questions such as what would happen to the multiplication of the population if couples gave birth to a thousand children in 100 years? Or, what would be the longevity consequence if some societies were led by old and bad people. Another question that the author asks is: Would the great extension of life be a violation of nature? Maybe not, he says. The author says that however, we still do not encounter such difficult problems today, because scientists trying to extend our lives have not yet made any major discoveries in this area. Living forever, this continues to be a dream, the object of myth and literature, and many scientists hope to add at least 20, or 30 years to people's lives. Those who are more optimistic hope to add hundreds of years, while skeptics think that perhaps we have reached the peak of human life.","Jonathan Uiner explores the science and pseudoscience of life extension in the book ""To Love This World""","What are the social and ethical implications of significantly extending human lifespan, as discussed by the author Jonathan Uiner?","The writer points out that life prolongation in the 21st century is creating social tensions, pitting young and old people against the elderly in debates over taxes, public spending and retirement age in Europe and elsewhere. He also asks questions such as what would happen to the multiplication of the population if couples gave birth to a thousand children in 100 years? Or, what would be the longevity consequence if some societies were led by old and bad people.",0.6088587045669556,"
In nature, nothing is eternal, but some species of hydras can live for centuries with offspring, while a tiny water flea called Hidra lives much longer, at least as long as the pond water where it resides. Can humans achieve such longevity? Author Jonathan Weiner said that they have always been fascinated by this idea. The author noted that efforts to remain young forever are known among certain individuals. At the beginning of the 20th century, some people believed that surgical interventions could restore strength and energy. According to Jonathan Weiner, scientists are not sure how much human lifespan can be extended and are simply debating the best way to do so. Some focus on specific health issues like cancer, diabetes, heart diseases, while others try to find reasons why the human body degrades down to cellular levels. In fact, over the past century, life expectancy has increased, and on average, people now live several decades longer than their grandparents. Today, a larger number of people reach the age of 100. However, conversely, some individuals do not even reach 80, and centenarians remain a very small part of the population. The author points out that extending life in the 21st century creates social tensions, pitting the young against the elderly in debates over taxes, public spending, and retirement age in Europe and beyond. He also raises questions such as: What will happen with the explosion of the population when couples might have children for 100 years? Or what would be the consequence of life extension if some societies become dominated by older and wiser people? Another question raised by the author is whether extended lifespan would be a gift from nature. Probably not, he says. However, the author adds that we are still not facing such complex problems because scientists trying to extend our lives have not yet made any major breakthrough in this field. To live forever remains an enigma, an object of myths and fantasies, and many scientists hope to add at least 20 or 30 years to human life. Those who are more optimistic hope to add hundreds of years, while skeptics believe that we may have already reached the maximum limit of human lifespan.","
""The Possibility of Extending Human Lifespan Beyond Natural Limits""","
Jonathan Uiner discusses how significantly extending human lifespan could create social tensions between generations over taxes, public spending, and retirement age. Ethically, he questions whether defying natural limits of aging might disrupt societal balance or lead to overcrowding. Currently, scientists remain uncertain about the extent to which lifespans can be extended, with debates ongoing about feasibility and desirability."
"Sekretari i Mbrojtjes Jim Mattis theksoi të mërkurën se Shteteve të Bashkuara ""nuk u mungojnë kurrë zgjidhjet diplomatike"", kur vjen puna për të trajtuar krizën me Korenë e Veriut. Një koment që vjen pasi Presidenti Donald Trump tha se ""bisedimet nuk ishin përgjigjja"", ndaj kësaj çështjeje. Deklarata e zotit Mattis erdhi si përgjigje ndaj një pyetjeje rreth komentit në twitter të bërë të mërkurën nga presidenti Trump, lidhur me trajtimin që Shtetet e Bashkuara duhet t’i bëjnë kërcënimit që vjen nga Koreja e Veriut pas provës më të fundit të raketë balistike të këtij vendi që kaloi mbi Japoni. Të mërkurën sekretari amerikan mbrojtjes Jim Mattis u takua në Pentagon, me homologun e tij koreano-jugor Song Young-moo. Takimi zhvillohet ndërsa dy vendet përpiqen të gjejnë mënyrat se si t’i trajtojnë provokimet e fundit të Koresë së Veriut. ""Vëmë re me besim se keni premtuar të rrisni shpenzimet e mbrojtjes nën presidentin e ri koreano-jugor. Ne duhet të vazhdojmë të thellojmë marrëdhënien tonë ushtarake, duke ngritur edhe me shumë nivelin e lartë të besimit që ekziston mes dy kombeve tona. Siç kemi parë, kërcënimi për sigurinë në veri-perëndim të Paqësorit është bërë më i ashpër ndaj dhe marrëdhëniet e kombeve tona në fushën e mbrojtjes bëhen më të rëndësishme se kurrë si dhe mbeten themeli i përpjekjeve ndërkombëtare për të zbutur veprimet agresive të Koresë së Veriut "", tha sekretari amerikan i Mbrotjes. Agjencia Qëndore Koreane e Lajmeve (KCNA), citoi udhëheqësin e Koresë së Veriut, Kim Jong Un të ketë thënë se prova me raketë ishte dhe hapi i parë i ushtrisë së Koresë së Veriut për operacionet e saj në Paqësor dhe Kryeministri i Japonisë Shinzo Abe dhe Presidenti i Koresë së Jugut, Mun Jae-in ranë dakord gjatë një telefonate mes tyre sot se duhet të ushtrohet presion maksimal mbi Korenë e Veriut në mënyrë që ajo të angazhohet në bisedime për zgjidhjen e krizës. 15 vendet anëtare të Këshillit të Sigurimit të OKB-së mund të kenë ndërmarrë hapin e parë në këtë drejtim, duke lëshuar mbrëmë gjatë një seance të jashtëzakonshme një deklaratë që dënon hedhjen e raketës mbi Japoninë. e Ambasadorja amerikane në OKB, Nikki Haley, u bëri thirrje vendeve të tjera të bashkohen në dënimin e Koresë së Veriut Presidenti Trump shkroi sot në Twitter se ""Shtetet e Bashkuara për 25 vjet kanë biseduar me Korenë e Veriut dhe e kanë toleruar këtë vend. Bisedimet nuk janë përgjigja!"" Ndërsa, në një deklarate të lëshuar të martën në lidhje me provën e fundit të Phenianit me raketë, Presidenti Trump tha se Por, ndërsa Kina u bashkua me dënimin e provës me raketë të Koresë së Veriut, i dërguari i saj u kërkoi vendeve anëtare të tregojnë përmbajtje dhe të shmangin veprimet provokuese që mund të përkeqësojnë situatën rajonale dhe të punojnë së bashku për të ruajtur paqen dhe stabilitetin në gadishullin Korean. Përfaqësuesit kinezë dhe rusë theksuan gjatë seancës së Këshillit të Sigurimit të OKB-së se nuk ka zgjidhje ushtarake për këtë çështje.",Koreja e Veriut të mërkurën pranoi se kishte hedhur një raketë balistike që fluturoi mbi Japoni.,"Defense Secretary Jim Mattis emphasized on Wednesday that the United States ""never lacks diplomatic solutions"" when it comes to dealing with the crisis with North Korea. A comment that comes after President Donald Trump said that ""talks were not the answer"" to this issue. Mr. Mattis's statement came in response to a question about a tweet comment made on Wednesday by President Trump about the United States' handling of the threat coming from North Korea after the country's latest ballistic missile test that passed over Japan. On Wednesday, US Secretary of Defense Jim Mattis met at the Pentagon, with his South Korean counterpart Song Young-moo. The meeting takes place as the two countries try to find ways to deal with North Korea's recent provocations. ""We note with confidence that you have promised to increase defense spending under the new South Korean president. We must continue to deepen our military relationship, raising even more the high level of trust that exists between our two nations. As we have seen, the threat to security in the Pacific Northwest has become more severe and the relations of our nations in the field of defense become more important than ever and remain the foundation of international efforts to mitigate North Korea's aggressive actions,"" said the US Secretary of Defense. The Korean Central News Agency (KCNA) quoted North Korean leader Kim Jong Un as saying that the missile test was the North Korean military's first step in its operations in the Pacific, and Japanese Prime Minister Shinzo Abe and South Korean President Mun Jae-in agreed during a phone call between them today that maximum pressure should be put on North Korea in order for it to to engage in talks to resolve the crisis. The 15 member states of the UN Security Council may have taken the first step in this direction, issuing last night during an extraordinary session a statement condemning the missile firing on Japan. e US Ambassador to the UN, Nikki Haley, called on other countries to join in condemning North Korea President Trump tweeted today that ""The United States has talked to North Korea for 25 years and tolerated this country. Talks are not the answer!"" Whereas, in a statement issued on Tuesday regarding Pyongyang's latest missile test, President Trump said that while China joined in condemning North Korea's missile test, its envoy urged member states to show restraint and avoid provocative actions that could worsen the regional situation and work together to maintain peace and stability on the Korean peninsula. Chinese and Russian representatives emphasized during the session of the UN Security Council that there is no military solution to this issue.",North Korea on Wednesday admitted to firing a ballistic missile that flew over Japan.,What were the differing views of US Defense Secretary Jim Mattis and President Donald Trump regarding diplomatic solutions to the North Korea crisis?,"Defense Secretary Jim Mattis emphasized on Wednesday that the United States ""never lacks diplomatic solutions"" when it comes to dealing with the crisis with North Korea. A comment that comes after President Donald Trump said that ""talks were not the answer"" to this issue. Mr.",0.5542165040969849,"
The Secretary of Defense Jim Mattis assured that NATO ""never lacks diplomatic options"" when dealing with the crisis with North Korea. A statement made after President Donald Trump said that ""talks are not the answer,"" regarding this issue. Mattis' declaration came in response to a question about the president's tweet, which addressed how NATO should handle the threat posed by North Korea following its recent ballistic missile test that flew over Japan. On Tuesday, U.S. Defense Secretary Jim Mattis met at the Pentagon with his South Korean counterpart, Song Young-moo. The meeting took place as both nations sought ways to address North Korea's recent provocations. ""We are confident that you have decided to increase defense spending under President Moon of South Korea. We must continue to strengthen our alliance by further elevating the high level of trust that exists between our two countries. As we have seen, the threat in the Indo-Pacific region has become more acute than ever, and our mutual efforts in the field of defense are more important than ever and remain the foundation for international cooperation to counter North Korea's aggressive actions,"" said the U.S. Secretary of Defense. The Korean Central News Agency (KCNA), citing North Korea's leader Kim Jong Un, stated that the missile test was part of the North Korean military's first operation in the region. Meanwhile, Japanese Prime Minister Shinzo Abe and South Korean President Moon Jae-in expressed concern about the missile threat and called for increased pressure on North Korea to abandon its nuclear weapons program. On Tuesday, during a U.N. Security Council meeting, Chinese and Russian representatives stated that there is no military solution to this issue.","
""NATO Maintains Diplomatic Options Amid Military Posture as U.S. Addresses North Korea Missile Test""","
US Defense Secretary Jim Mattis emphasized that NATO still has diplomatic options to address the North Korea crisis, while President Donald Trump dismissed diplomacy as ineffective. Mattis stressed the importance of maintaining alliances and using dialogue to counter North Korea's aggression, whereas Trump argued that past talks had failed and were not a solution. Their differing views reflect contrasting approaches to resolving tensions with North Korea."
"Një palestinez vrau një kolon izraelit në Bregun Perëndimor, pak orë pas bisedimeve që drejtori i CIA-s, George Tenet, zhvilloi me një anëtar të rëndësishëm të kabinetit palestinez për përmirësimin e gjendjes së sigurisë në Bregun Perëndimor. Forcat izraelite të sigurimit thonë se ekstremisti palestinez hyri në një vendbanim hebraik dhe vrau një grua para se të vritej vetë. Të paktën një kolon tjetër u plagos gjetë shkëmbimit me armë zjarri. Dhuna pasoi takimin e zotit Tenet me ministrin e brendshëm palestinez, Abdel Razak Yehiyeh, në selinë e CIA-së në Virginia. Burime të afërta me delegacionin palestinez thonë se diskutimet u prëqendruan në mënyrat për riorganizimin e forcave palestineze të sigurimit në mënyrë që ato të jenë në gjendje të ndalojnë sulmet kundër izraelitëve. Vendimi për përmirësimin e gjendjes së sigurimit mund të jetë zhvillim kyç përsa i përket tërheqjes izraelite nga Bregu Perëndimor, gjë që kërkohet nga palestinezët si hap i parë drejt transformimit të territorit në një shtet. Ndërkaq, ushtarët izraelitë vranë një burr në Nablus, pasi ai nuk iu bind urdhërit për të ndaluar. Ushtria izraelite kërkoi ndjesë dhe ka filluar hetimet rreth vrasjes. Në Rripin e Gazës, forcat izraelite vranë një anëtar të grupit ekstremist Hamas, i cili po përpiqej të hynte në territorin izraelit. Zyrtarë izraelitë thonë se granadat që palestinezi kishte me vete, shpërthyen kur ai u qëllia nga ushtarët.",Bisedimet prëqendrohen në përpjekjet për përmirësimin e sigurisë në Bregun Perëndimor,"A Palestinian killed an Israeli settler in the West Bank, hours after talks that CIA director George Tenet held with a key member of the Palestinian cabinet to improve the security situation in the West Bank. Israeli security forces say the Palestinian extremist entered a Jewish settlement and killed a woman before killing himself. At least one other settler was injured in the exchange of firearms. The violence followed Mr. Tenet's meeting with Palestinian Interior Minister Abdel Razak Yehiyeh at CIA headquarters in Virginia. Sources close to the Palestinian delegation say that the discussions focused on ways to reorganize the Palestinian security forces so that they would be able to stop attacks against Israelis. The decision to improve the security situation could be a key development in terms of Israeli withdrawal from the West Bank, which is required of the Palestinians as a first step towards transforming the territory into a state. Meanwhile, Israeli soldiers killed a man in Nablus after he disobeyed the order to stop. The Israeli military apologized and has begun investigations into the killing. In the Gaza Strip, Israeli forces killed a member of the extremist group Hamas, who was trying to enter Israeli territory. Israeli officials say the grenades the Palestinian had with him exploded when he was shot by soldiers.",Talks focus on efforts to improve security in the West Bank,What were the key outcomes or discussions from CIA director George Tenet's meeting with Palestinian Interior Minister Abdel Razak Yehiyeh regarding the security situation in the West Bank?,"The violence followed Mr. Tenet's meeting with Palestinian Interior Minister Abdel Razak Yehiyeh at CIA headquarters in Virginia. Sources close to the Palestinian delegation say that the discussions focused on ways to reorganize the Palestinian security forces so that they would be able to stop attacks against Israelis. The decision to improve the security situation could be a key development in terms of Israeli withdrawal from the West Bank, which is required of the Palestinians as a first step towards transforming the territory into a state.",0.7085152864456177,"
A Palestinian settler shot an Israeli settler at Bregun Perëndimor, shortly after talks between CIA director George Tenet and a key member of the Palestinian cabinet regarding improving security in Bregun Perëndimor. Israeli security forces reported that Palestinian extremists entered a Jewish settlement and shot a truck before it exploded. Another settler was injured by shrapnel from an explosion. The meeting between Tenet and Palestinian Interior Minister Abdel Razak Yehiyeh took place at the CIA facility in Virginia. Sources close to the Palestinian delegation said the discussions focused on ways to reorganize the Palestinian security forces to prevent attacks against Israelis. The decision to improve the security situation could be a significant step toward Israel's withdrawal from Bregun Perëndimor, which Palestinians demand as the first step toward transforming the territory into a state. Meanwhile, Israeli soldiers shot a man in Nablus after he failed to comply with orders to stop. The army requested assistance and began investigating the shooting. In the Gaza Strip, Israeli forces killed a member of the extremist group Hamas who was attempting to infiltrate Israeli territory. Israeli officials stated that the grenades the Palestinian had were detonated when hit by soldiers.","
""Violence Flares Despite Efforts to Improve Security in Bregu Perëndimor""","
```The meeting between CIA Director George Tenet and Palestinian Interior Minister Abdel Razak Yehiyeh focused on improving security in the West Bank, with discussions surrounding ways to reorganize Palestinian security forces to prevent attacks against Israelis. Key outcomes included potential measures to enhance cooperation and security arrangements, though tensions persisted as violent incidents continued to escalate shortly after the meeting. The talks also touched on the possibility of an Israeli withdrawal from the West Bank, a goal sought by Palestinians as a step toward establishing their own state.```"
"Irani thotë se është gati të kthehet në bisedimet me fuqitë e mëdha të botës mbi programin e tij të armëve bërthamore. Por ndërsa Teherani vazhdon programin e tij të pasurimit të uraniumit, duke mos përfillur shqetësimet e vendeve perëndimore rreth zhvillimit të një arme bërthamore, vendet perëndimore kanë shtuar sanksionet ekonomike ndaj Iranit. Presidenti Obama miratoi kohët e fundit një raund të ri sanksionesh, që godasin sektorin Iranian të energjisë dhe atë të lundrimit. Këto sanksione u shtohen një serë sanksionesh të njëanshme dhe shumëkombëshe kundër industrisë dhe bankave iraniane. Këto sanksione synojnë të parandalojnë vazhdimin e programit bërthamor të Iranit. Perëndimi thotë se Irani po përpiqet të zhvillojë armë bërthamore, ndërsa Teherani thotë se programi ka qëllime civile. Irani ka lënë të kuptohet se është gati të zhvillojë bisedime të reja me fuqitë ndërkombëtare, të njohura si grupi P5+1, që janë Shtetet e Bashkuara, Britania, Rusia, Kina, dhe Franca, plus Gjermaninë. Jamie Ingram, i organizatës IHS Global Insight, thotë se sanksionet po e detyrojnë Iranit të kthehet në tryezën e negociatave. Tregëtia e Bashkimit Evropian me Iranin, edhe në artikujt e lejuar, ka rënë ndjeshëm gjatë muajve të fundit. Dhe kjo sepse bankat evropiane kanë frikën e Shteteve të Bashkuara, thotë Nigel Kushner, shef ekzekutiv i firmës W Legal, e cila këshillon firmat mbi tregëtinë me Iranin. Zoti Kushner thotë se Irani po përpiqet të sigurojë importe nga vende jashtë juridiksionit të sanksioneve perëndimore. Sanksionet ndaj bankave po shkaktojnë më shumë vështirësi në Iran, thotë analisti Ali Fathollah-Nejad në Universitetin e Londrës. Fathollah-Nejad thotë se Perëndimi duhet të diskutojë sanksionet në çdo lloj negociatash në mënyrë që të gjendet një zgjidhje diplomatike. Nëse bisedimet fillojnë, ato do të jenë më të fundit në një seri të gjatë negociatash. Analistët parashikojnë një përqëndrim në shtimin e besimit në afat të shkurtër se sa gjetjen e një zgjidhje të krizës.",Teherani ka lënë të kuptohet se është gati të zhvillojë bisedime të reja me fuqitë ndërkombëtare,"Iran says it is ready to return to talks with the world's great powers over its nuclear weapons program. But as Tehran continues its uranium enrichment program, ignoring Western countries' concerns about developing a nuclear weapon, Western countries have stepped up economic sanctions on Iran. President Obama recently approved a new round of sanctions, hitting the Iranian energy and shipping sectors. These sanctions add to a series of unilateral and multinational sanctions against Iranian industry and banks. These sanctions are intended to prevent the continuation of Iran's nuclear program. The West says Iran is trying to develop nuclear weapons, while Tehran says the program has civilian purposes. Iran has hinted that it is ready to hold new talks with international powers, known as the P5+1 group, which are the United States, Britain, Russia, China, and France, plus Germany. Jamie Ingram, of the IHS Global Insight organization, says the sanctions are forcing Iran to return to the negotiating table. The European Union's trade with Iran, even in permitted items, has fallen significantly in recent months. And that's because European banks are afraid of the United States, says Nigel Kushner, chief executive of the firm W Legal, which advises firms on trade with Iran. Mr. Kushner says Iran is trying to secure imports from countries outside the jurisdiction of Western sanctions. Sanctions on banks are causing more difficulties in Iran, says analyst Ali Fathollah-Nejad at the University of London. Fathollah-Nejad says the West should discuss sanctions in any kind of negotiations in order to find a diplomatic solution. If the talks begin, they will be the latest in a long series of negotiations. Analysts predict a focus on increasing confidence in the short term rather than finding a solution to the crisis.",Tehran has hinted that it is ready to hold new talks with international powers,"What are the main reasons behind the economic sanctions imposed on Iran by Western countries, and how are these sanctions impacting Iran's willingness to negotiate over its nuclear program?","These sanctions add to a series of unilateral and multinational sanctions against Iranian industry and banks. These sanctions are intended to prevent the continuation of Iran's nuclear program. The West says Iran is trying to develop nuclear weapons, while Tehran says the program has civilian purposes.",0.6193240880966187,"
Iran has stated that it is ready to return to international negotiations regarding its nuclear program. However, while Tehran continues its uranium enrichment activities without halting the concerns of the international community about the development of a nuclear weapon, the international community has imposed additional economic sanctions on Iran. President Obama recently announced a new round of sanctions targeting Iran's energy and mining sectors. These sanctions are added to a series of unilateral and multilateral measures against Iran's industry and banks. The sanctions aim to curb the progress of Iran's nuclear program. The international community claims that Iran is attempting to develop nuclear weapons, while Tehran insists that its program has peaceful purposes. Iran has indicated that it is willing to engage in new negotiations with world powers known as the P5+1 group, which includes the United States, Britain, Russia, China, and France, plus Germany. Jamie Ingram of IHS Global Insight stated that the sanctions are forcing Iran back to the negotiating table. Trade between the European Union and Iran, even in permitted goods, has decreased over recent months. This is because European banks fear repercussions from the United States, according to Nigel Kushner, chief executive of W Legal, which advises companies on trade with Iran. Mr. Kushner said that Iran is trying to secure imports from outside the jurisdiction of international sanctions. Sanctions against Iranian banks are creating more difficulties in Iran, said Ali Fathollah-Nejad, an analyst at London University. Fathollah-Nejad stated that the international community must discuss sanctions at any negotiating table to find a diplomatic solution. If negotiations begin, they would be part of a long series of talks. Analysts predict that reaching an agreement will take longer than resolving the crisis itself.","
""Iran's Nuclear Ambitions Amid Mounting International Sanctions and Economic Challenges""","
Western countries imposed economic sanctions on Iran due to concerns over its nuclear program, particularly fears that it could be used for military purposes. These sanctions have significantly impacted Iran's economy, targeting sectors like energy and finance, creating financial strain. Despite this pressure, Iran has stated it is willing to negotiate with global powers but insists its nuclear program is solely for civilian purposes."
"Ekonomia botërore përballoi goditjen më të madhe ekonomike, por Fondi Monetar Ndërkombëtar thotë se sistemi botëror financiar ende nuk ka dalë nga rreziku. Drejtori i FMN-së Dominik Straus Khan paralajmëroi dje që vendet anëtare të mos bien në vetkënaqësi. e pabarabartë paraqet rreziqe të mëdha, me një zhvillim të ngadaltë të vendeve të përparuara dhe një zhvillim të shpejtë të vendeve në zhvillim. Pavarësisht parashikimive për një rritje prej 4,5% të ekonomisë botërore, Fondi Monetar Ndërkombëtarë thotë se rimëkëmbja nuk është shoqëruar me vende të reja pune. Zoti Straus Khan i referohet Tunizisë dhe Egjiptit- ku të dhënat tregojnë se ka rritje ekonomike por nuk ka patur mundësira për qytetarët. Presidenti i Bankës Botërore Robert Zoellik thotë se kjo situatë ndikoi në revoltat popullore, që rezultuan në një paqëndrueshmëri të madhe. Banka Botërore publikoi një raport të ri ditën e djeshme ku paraqiste ndikimin e protestave tek çmimet e ushqimeve. Zoti Zollek tha se rritja prej 36% e çmimeve të artikujve ushqimore që nga viti i kaluar, ka ndikuar në kalimin e 44 milion njerëzve në situatën e varfërisë. Ai paralajmëroi se një rritje prej 10% e çmimeve të ushqimeve do të çojë 10 milionë të tjerë në varfëri të skajshme. Këto komente vijnë teksa ministrat e financave nga e gjithë bota janë mbledhur në Uashington për takimin e përvitshëm të pranverës të Bankës Botërore dhe Fondit Monetar Ndërkombëtar. Takimet do të përqëndrohen në rimëkëmbjen ekonomike dhe hapat e nevojshëm për t’i dhënë një shtysë situatës financiare në botë.",Drejtori i Bankës tha se rritja e çmimeve ushqimore ka ndikuar në kalimin e 44 milionë njerëzve në situatën e varfërisë,"The world economy withstood the biggest economic shock, but the International Monetary Fund says the global financial system is not yet out of danger. IMF Director Dominik Straus Khan warned yesterday that member states should not fall into complacency. Uneven poses major risks, with a slow development of advanced countries and a rapid development of developing countries. Despite forecasts for a 4.5% growth of the world economy, the International Monetary Fund says that the recovery has not been accompanied by new jobs. Mr. Straus Khan refers to Tunisia and Egypt - where data show that there is economic growth but there have been no opportunities for citizens. World Bank President Robert Zoellik says that this situation influenced popular revolts, which resulted in great instability. The World Bank published a new report yesterday outlining the impact of the protests on food prices. Mr. Zollek said that the 36% increase in the prices of food items since last year, has affected the transition of 44 million people into the situation of poverty. He warned that a 10% increase in food prices will lead another 10 million into extreme poverty. These comments come as finance ministers from around the world have gathered in Washington for the annual spring meeting of the World Bank and the International Monetary Fund. The meetings will focus on the economic recovery and the necessary steps to give a boost to the financial situation in the world.",The Director of the Bank said that the increase in food prices has affected the transition of 44 million people into a situation of poverty,What are the major risks highlighted by the IMF and World Bank regarding the global economic recovery and its impact on poverty and social stability?,"Uneven poses major risks, with a slow development of advanced countries and a rapid development of developing countries. Despite forecasts for a 4.5% growth of the world economy, the International Monetary Fund says that the recovery has not been accompanied by new jobs. Mr. Straus Khan refers to Tunisia and Egypt - where data show that there is economic growth but there have been no opportunities for citizens. World Bank President Robert Zoellik says that this situation influenced popular revolts, which resulted in great instability.",0.6345973610877991,"
The global economy faces its biggest challenges, but the International Monetary Fund says the international financial system has not yet emerged from risk. IMF Director Dominique Strauss-Kahn warned that disparities in developed countries can lead to significant risks, with a slow growth of advanced economies and rapid growth of emerging ones. Despite projections for a 4.5% global economic rise, the IMF stated that recovery is not accompanied by new job opportunities. Referring to Tunisia and Egypt, where data shows economic growth but lacks opportunities for citizens, President of the World Bank Robert Zoellick said this situation contributes to popular uprisings, resulting in massive instability. The World Bank published a new report yesterday linking protests to food prices. Zoellick stated that a 36% increase in food item prices over the past year has pushed 44 million people into poverty. He warned that a 10% rise in food prices could push another 10 million into extreme poverty. These comments come as finance ministers from around the world gather in Washington for the spring meetings of the World Bank and International Monetary Fund. The meetings will focus on economic recovery and necessary steps to address the global financial situation.","
""Global Economic Crisis and Food Price Hikes Fuel Social Unrest Amid International Calls for Action""","
The IMF has highlighted significant risks of global financial instability despite economic recovery efforts. Growing inequalities are causing delayed growth in advanced economies while rapid growth in emerging markets exacerbates disparities. Rising food prices, particularly in countries like Tunisia and Egypt, are driving millions into extreme poverty and fueling social unrest."
"Zoti Ambasador, kjo është një ngjarje e madhe për Shqipërinë dhe Kroacinë, dje ato u bënë anëtare të NATOs, ndërsa nesër do të ulen si anëtare të plota me udhëheqësit e botës së lirë. Ju keni qenë një nga mbështetësit kryesorë të zgjerimit të NATOs, si ndjeheni sot? Jam shumë i gëzuar për ceremoninë e djeshme, ku Shqipëria dhe Kroacia dorëzuan instrumentat e anëtarësimit në NATO. Po kështu jam i gëzuar që nesër Kroacia dhe Shqipëria do të ulen në takimin e NATOs si anëtare të plota. Gjatë gjithë karrierës sime kam besuar fuqimisht se zgjerimi i NATOs përbën zgjerimin e lirisë, stabilitetit. Zgjerimi i NATOs u jep këtyre dy popujve mundësinë të marrin vetë vendimet e tyre për jetën e tyre dhe të ardhmen. Dhe, duhet thënë që anëtarësimi nuk i është dhuruar Shqipërisë dhe Kroacisë, ato e kanë fituar atë duke luftuar në Afganistan dhe duke bërë ndryshime në shoqëritë e tyre dhe ka ende ndryshime për t’u bërë. Kjo është një ditë e jashtëzakonshme për popujt e këtyre dy vendeve, por edhe për vetë Aleancën. Ka nga ata që thonë se NATO është dobësuar me zgjerimin e saj. Ç’mendim keni për këtë? Nuk besoj, zgjerimi i NATOs e ka bërë organizatën edhe më të fortë. Zgjerimi i Aleancës tregon se vendet besojnë tek kjo organizatë dhe vlerat e saj, tek ajo që quhet mbrojtje kolektive. Duhet të shohim nga e ardhmja. NATO ka ndryshuar shumë këto kohë. Udhëheqësit e NATOs do të flasin nesër për sigurinë e burimeve energjitike, sigurinë kompjuterike dhe situatën në Afganistan. NATO sot është një organizatë më e mirë, më e fortë se dhjetë vjet më parë. Ajo i është përshtatur ndryshimeve të shekullit të 21-të. Presidenti Obama do t’u kërkojë nesër udhëheqësve europianë më shumë trupa në Afganistan. A besoni se do ta arrijë këtë? Aleanca duhet të fitojë në Afganistan. Besoj se, vërtet nëse nuk ka sukses në Afganistan, NATO do të dobësohet si organizatë. Dhe besoj se nesër në takim, presidenti Obama nuk do të kërkojë ndihmë vetëm për shtimin e numrit të trupave, por dhe në fusha të tjera si stërvitja e ushtarëve afganë, apo programi kundër narkotikëve. Mendoj se Presidenti po tregon se Shtetet e Bashkuara janë te vendosura në Afganistan, duke shtuar me 17 mijë numrin e trupave atje. Por ka ardhur koha që edhe shtetet e tjera të japin kontributin e tyre në Afganistan. Spanja deklaroi se do të tërheqë trupat e veta nga Kosova, ndërsa Gjermania njoftoi se kërkon një ulje graduale të numrit të trupave. Nga njëra anë, Kosova ka përparuar shumë në aspektin e sigurisë, por situata në disa zona mbetet e tensionuar. Besoni se populli i Kosovës duhet të shqetësohet nga këto lëvizje? Populli kosovar duhet të ketë besim tek situata në vend. Ata kanë punuar shumë për krijimin e një shoqërie të re në Kosovë. Por, duhet kuptuar që edhe shtetet e ndryshme kanë problemet e tyre me numrin e trupave dhe nuk mund t’i lënë përgjithmonë trupat e tyre atje. Vendimet e Gjermanisë dhe Spanjës i tregojnë popullit të Kosovës se duhet të bëjnë akoma më shumë për një shoqëri demokratike, tolerante dhe shumetnike. Dy presidentët e fundit amerikanë kanë qënë shumë aktivë në lidhje me politikat e Ballkanit. Por, energjia amerikane duket të jetë përqendruar tek kriza ekonomike. Nga ana tjetër, Ballkani nuk është stabilizuar ende plotësisht, situata në Bosnjë është e tensionuar, Greqia dhe Maqedonia kanë ende çështje për të zgjidhur, ndaj edhe Maqedonia sot nuk është pjesë e NATOs. Mendoni se këto çështje mjaftojnë për të siguruar vazhdimësinë e interesit amerikan në Ballkan? Kriza ekonomike nuk ka shumë lidhje me përfshirjen amerikane në Ballkan. Është shumë me rëndësi të thuhet se dyert e NATOs dhe të BE-së të mbeten të hapura, në mënyrë që popujt e Serbisë, Maqedonisë dhe të Ballkanit të kenë një ide për të ardhmen e tyre, ashtu si ndodhi dje me popujt e Shqipërisë dhe Kroacisë. Kjo nuk lidhet me ekonominë, por me dëshirën politike. Unë besoj se administrata e zotit Obama beson në një Europë të bashkuar, në paqe, dhe të lirë dhe kjo arrihet me një Serbi, Bosnje dhe Maqedoni të suksesshme. Do të jetë shumë interesante, pasi tani Shqipëria dhe Kroacia do të marrin rolin e udhërrëfyesit për integrimin në NATO të Malit të Zi, Bosnjes e kështu me radhë. Këto kohë nuk është folur shumë për futjen e Gjeorgjisë dhe Ukrainës në NATO. Besoni se situata aktuale gjeopolitike do ta pengojë hyrjen e tyre në Aleancë në të ardhmen e afërt? Në takimin e fundit të NATOs, ne pamë se udhëheqësit e NATOs folën qartë mbi mundësinë që ka Gjeorgjia dhe Ukraina të futen në NATO. Por, kjo do të kërkojë kohë për arsye të pozitave të Rusisë, por edhe Europës. Duhet thënë se edhe dëshira e Ukrainës për t’u futur në NATO nuk është kaq e madhe krahasuar me vende si Shqipëria dhe Kroacia. Nëse do të këshillonit presidentin Obama, besoni se Presidenti duhet të diskutojë çështjen e zgjerimit të BE-së gjatë takimeve me udhëheqësit europianë dhe të bëjë thirrje për futjen e shteteve të tjera në këtë bashkësi? Besoj se po. Shpresoj që ai do t’u kërkojë udhëheqësve europianë të mbyllin sytë për një moment dhe të mendojnë për sukseset e mëdha që janë bërë si për shembull zgjerimi i Bashkimit Europian dhe reformat e mëdha që janë bërë në këto shtete. Nuk ka pse ky proçes mos të vazhdojë. Dhe them se edhe Turqia duhet të jetë anëtare me të dreja të plota e BE-së Bashkimi Europian ka qënë i suksesshëm si pasojë e zgjerimit. Zoti Ambasador, dhjetë vjet më parë situata në rajon ishte e trazuar, Shqipëria pothuajse pushoi së funksionuari si shtet, në Kosovë zhvillohej luftë, në Serbi kishte protesta kundër regjimit. Menduat ndonjëherë në atë kohë se vetëm dhjetë vjet më vonë do të bëhej kaq shumë përparim? Është e jashtzakonshme. Ky sukses së pari u takon popujve të Shqipërisë dhe Kroacisë, pasi ata patën vizionin dhe e arritën këtë. Këtu duhet përmendur edhe roli pozitiv i Bashkimit Europian dhe NATOs. Dhe, mbi të gjitha është dëshira e njerëzve për të zgjedhur vetë të ardhmen e tyre. Këtë deshëm edhe ne nga Europa, të jetë e bashkuar, e lirë, në paqe. Nuk duhet të harrojmë se njerëz të brezit tim apo edhe brezit tënd, dikur kanë qënë skllevër të regjimeve dhe tani janë të lirë. Kjo është diçka shumë pozitive që nuk duhet harruar. Zoti Ambasador, faleminderit. Faleminderit juve, ishte kënaqësi. //ek//","Ambasadori tha se zgjerimi i NATOs e ka bërë organizatën edhe më të fortë. ""Zgjerimi i Aleancës tregon se vendet besojnë tek kjo organi","Mr. Ambassador, this is a great event for Albania and Croatia, yesterday they became members of NATO, while tomorrow they will sit as full members with the leaders of the free world. You have been one of the main supporters of NATO enlargement, how do you feel today? I am very happy about yesterday's ceremony, where Albania and Croatia handed over the instruments of NATO membership. I am also happy that tomorrow Croatia and Albania will sit at the NATO meeting as full members. Throughout my career, I have strongly believed that NATO enlargement is the expansion of freedom, stability. NATO enlargement gives these two peoples the opportunity to make their own decisions about their lives and futures. And, it must be said that membership has not been given to Albania and Croatia, they have earned it by fighting in Afghanistan and making changes in their societies and there are still changes to be made. This is an extraordinary day for the peoples of these two countries, but also for the Alliance itself. There are those who say that NATO has weakened with its expansion. What do you think about this? I don't believe NATO enlargement has made the organization even stronger. The enlargement of the Alliance shows that countries believe in this organization and its values, in what is called collective defense. We have to look to the future. NATO has changed a lot these days. NATO leaders will talk tomorrow about the security of energy resources, computer security and the situation in Afghanistan. NATO today is a better, stronger organization than ten years ago. It has adapted to the changes of the 21st century. President Obama will ask European leaders tomorrow for more troops in Afghanistan. Do you believe it will achieve this? The alliance must win in Afghanistan. I believe that, indeed, if it does not succeed in Afghanistan, NATO will weaken as an organization. And I believe that tomorrow at the meeting, President Obama will not only ask for help in increasing the number of troops, but also in other areas such as the training of Afghan soldiers, or the anti-narcotics program. I think the President is showing that the United States is deployed in Afghanistan, increasing the number of troops there by 17 thousand. But the time has come for other countries to make their contribution to Afghanistan as well. Spain declared that it will withdraw its troops from Kosovo, while Germany announced that it wants a gradual reduction in the number of troops. On the one hand, Kosovo has made a lot of progress in terms of security, but the situation in some areas remains tense. Do you believe that the people of Kosovo should be concerned by these movements? The Kosovar people must have faith in the situation in the country. They have worked hard to create a new society in Kosovo. But, it should be understood that different countries also have their own problems with the number of troops and cannot leave their troops there forever. The decisions of Germany and Spain show the people of Kosovo that they must do even more for a democratic, tolerant and multi-ethnic society. The last two U.S. presidents have been very active regarding Balkan policies. But American energy seems to have been focused on the economic crisis. On the other hand, the Balkans have not yet fully stabilized, the situation in Bosnia is tense, Greece and Macedonia still have issues to resolve, so Macedonia is not part of NATO today. Do you think these issues are enough to ensure the continuity of the American interest in the Balkans? The economic crisis has little to do with American involvement in the Balkans. It is very important to say that the doors of NATO and the EU remain open, so that the peoples of Serbia, Macedonia and the Balkans have an idea of their future, just as happened yesterday with the peoples of Albania and Croatia. This is not related to the economy, but to political desire. I believe that Mr. Obama's administration believes in a united, peaceful, and free Europe, and this is achieved with a successful Serbia, Bosnia and Macedonia. It will be very interesting, because now Albania and Croatia will take on the role of the roadmap for the NATO integration of Montenegro, Bosnia and so on. These days, there has not been much talk about the entry of Georgia and Ukraine into NATO. Do you believe that the current geopolitical situation will hinder their entry into the Alliance in the near future? At the last NATO meeting, we saw that NATO leaders spoke clearly about the possibility that Georgia and Ukraine have to join NATO. But this will take time because of Russia's positions, but also Europe's. It must be said that even Ukraine's desire to join NATO is not so great compared to countries like Albania and Croatia. If you were to advise President Obama, do you believe that the President should discuss the issue of EU enlargement during meetings with European leaders and call for the inclusion of other countries in this community? I think so. I hope that he will ask European leaders to close their eyes for a moment and think about the great successes that have been made, such as the enlargement of the European Union and the great reforms that have been made in these countries. There is no reason why this process should not continue. And I say that Turkey should also be a full member of the EU, the European Union has been successful as a result of enlargement. Mr. Ambassador, ten years ago the situation in the region was turbulent, Albania almost ceased to function as a state, there was war going on in Kosovo, there were protests against the regime in Serbia. Did you ever think at the time that only ten years later so much progress would be made? It's extraordinary. This success belongs first and foremost to the peoples of Albania and Croatia, as they had the vision and achieved it. The positive role of the European Union and NATO should also be mentioned here. And, above all, it is the desire of people to choose their own future. This is what we from Europe wanted, to be united, free, in peace. We must not forget that people of my generation or even your generation were once slaves of regimes and now they are free. This is something very positive that should not be forgotten. Mr. Ambassador, thank you. Thank you, it was a pleasure. ek//","The ambassador said that NATO enlargement has made the organization even stronger. ""The enlargement of the Alliance shows that countries believe in this body",What are the Ambassador's views on NATO enlargement and its impact on member countries and the organization itself?,"I don't believe NATO enlargement has made the organization even stronger. The enlargement of the Alliance shows that countries believe in this organization and its values, in what is called collective defense. We have to look to the future.",0.4433979392051697,"
The conversation revolves around various geopolitical topics, including Albania's progress over the past decade, its role in NATO and the European Union, and the challenges faced by other countries such as Georgia and Ukraine in their aspirations for integration into these organizations. It also touches on the importance of unity, peace, and freedom in Europe, highlighting the achievements made so far and the continued efforts toward further integration and reform.

The discussion emphasizes the positive role played by NATO and the European Union in fostering stability and progress in the region, as well as the importance of political will and the aspirations of people to shape their own futures. It concludes with gratitude for the opportunity to discuss these topics and a reflection on how far the region has come over the past decade.

Overall, the conversation underscores the significance of continued collaboration, unity, and shared goals in achieving long-term peace and prosperity across Europe.","
""Geopolitical Expansion and Integration into International Alliances""","
The success of NATO enlargement with Albania and Croatia demonstrates a commitment to regional stability and unity. The potential future membership of Georgia and Ukraine in NATO could be influenced by ongoing geopolitical dynamics. President Obama's vision for a united Europe reflects the importance of fostering peace and cooperation across the continent."
"Ky stadium quhet ndryshe edhe ""Shtëpia endërtuar prej Ruthit"" dhe e ka marrë emrin nga bejsbollisti me famë Bejb Ruth.85 vjet më parë lojtari Ruth zhvilloi këtu ndeshjen e tij të parë. Stadiumi u ndërtua në fillim të viteve 1920 në lagjen eBronxit në Nju Jork. Toni Morante është drejtor i sektorit të vizitorëve nëstadiumin Jenki: thotë ai. Në këtë stadium është mbajtur edhe fjalimi historik imbylljes së karrierës sportive të lojtarit me famë Lu Gehrig. ""- tha ai. Gehrig humbi jetën vite më vonë, nga një semundje qëtanimë mban emrin e tij. Shumë nga lojtarët më të mëdhenj të sportit të bejzbollite shihnin stadiumin Jenki si shtëpinë e tyre. Lojtarët e ekipit të bejzbollit të Nju Jorkut i dhanëekpit të tyre Jenki 26 trofe botërorë dhe çmendën mijëra sportdashës të NjuJorkut. Siç thotë njëri prej tyre: Gati 55 mijë tifozë mbushën shkallët estadiumit Jenki të dielën për të bërë tifo për herë të fundit për ekipin etyre. Gjatë aktiviteteve para fillimit të lojës, legjendat e ekipit Jenki të tëgjitha kohërave ishin mes të pranishmëve. Vajza e sportistit Bejb Ruth hodhi topin e parë në hapjetë ndeshjes. Ekipi Jenki fitoi ndeshjen e tij të fundit në këtëstadium me rezultatin 7-3 kundër ekipit Orioles të Baltimorës. Lojtarët e ekipit vrapuan rreth e përqark stadiumit përherë të fundit duke u përshëndetur me tifozët e duke festuar fitoren. Lojtari Derek Xhetër foli me sportdashësit pas ndeshjes: Sezonin e ardhshëm ekipi Jenki do të transfeorhet në njëstadium model të sapo ndërtuar. Por, lojtarët dhe tifozët zor se do të harrojnëmagjinë e stadiumit legjendar Jenki.//lk",Në këtë stadium janë zhvilluar ndeshjet e ekipit të Nju Jorkut për rreth 85 vjet,"This stadium is also called ""The House Built by Ruth"" and is named after the famous baseball player Bejb Ruth.85 years ago the player Ruth played his first game here. The stadium was built in the early 1920s in the Bronx neighborhood of New York. Toni Morante is director of the visitors' sector at the Jenki stadium: he says. The historic closing speech of the famous player Lu Gehrig was also held in this stadium. ""- he said. Gehrig died years later, from an illness that now bears his name. Many of baseball's greatest players saw Jenki Stadium as their home. The players of the New York baseball team gave their Jenki 26 world trophies and drove thousands of New York sports fans crazy. As one of them says: Almost 55 thousand fans filled the stairs of the Jenki stadium on Sunday to cheer for their team for the last time. During the activities before the start of the game, the legends of the all-time Jenki team were among those in attendance. The athlete's daughter Bejb Ruth threw the first ball in the opening of the match. The Jenki team won its last game in this stadium with a score of 7-3 against the Baltimore Orioles. The team's players ran around the stadium for the last time greeting the fans and celebrating the victory. Player Derek Jefferson spoke to sports fans after the match: Next season, the Jenki team will be transferred to a newly built model stadium. But, players and fans will hardly forget the magic of the legendary Jenki Stadium.//lk",The matches of the New York team have been held in this stadium for about 85 years,What is the historical significance of Jenki Stadium in baseball history?,"This stadium is also called ""The House Built by Ruth"" and is named after the famous baseball player Bejb Ruth.85 years ago the player Ruth played his first game here. The stadium was built in the early 1920s in the Bronx neighborhood of New York. Toni Morante is director of the visitors' sector at the Jenki stadium: he says.",0.8054696321487427,"
Jenki Stadium is also known as ""The House That Ruth Built"" and was named after the famous baseball player Babe Ruth. 85 years ago, Ruth played his first game here. The stadium was initially built in the early 1920s in the Bronx, New York. Tony Morante is the director of the visitor section at Jenki Stadium: he said so. In this stadium, the historic farewell speech of the legendary baseball player Lou Gehrig's career was also held. ""He said. Gehrig died shortly after from a disease that now bears his name. Many of the older players in baseball see Jenki Stadium as their home. The players of the New York Yankees team gave their team, Jenki, 26 world championships and brought sports fans in New York together. As one of them said: More than 55,000 fans filled the stands of Jenki Stadium to shout for their team for the last time. Before the game started, legends from all eras of the Jenki team were among the attendees. Babe Ruth's daughter threw out the first pitch of the game. The Jenki team won its final game at this stadium with a score of 7-3 against the Baltimore Orioles. The players surrounded and celebrated the victory with the fans for the last time, greeting them. Player Derek Jeter interacted with sports fans after the game: Next season, the Jenki team will relocate to a brand-new state-of-the-art stadium. However, both players and fans feel they will miss the magic of the legendary Jenki Stadium.","
Jenki Stadium: A Legacy of Baseball History and Enduring Fan Connection","
Jenki Stadium, also known as ""The House That Ruth Built,"" is a historic site in baseball history, named after legendary player Babe Ruth and built in the 1920s in Bronx, New York. It hosted Lou Gehrig's famous farewell speech and has been a symbol of the New York Yankees' success, hosting numerous championships and memorable moments. The stadium holds deep significance for players and fans as it represents a legendary era in baseball history."
"Gjatë dhjetë ditëve të fundit të këmbimit tëbursës në Shtetet e Bashkuara, indeksi Dou Xhons ka humbur më shumë se 20përqind të vlerës së tij. Por as tregjet botërore nuk i kanë shpëtuar kësajkrize. Tregjet e aksioneve në Azi dhe Evropë kanë shënuar gjithashtu rënie tëthella. Ndërsa bursa në Rusi dhe Indonezi është pezulluar pa afat. NëShtetet e Bashkuara, presidenti Bush u përpoq përsëri t'i siguronte amerikanëtse plani i qeverisë për zgjidhjen e krizës financiare do të funksionojë. Megjithatë, garancitë që dha presidenti nukndikuan shumë tek këmbimi i bursës në Uoll Strit. Pas një ngritjeje të shkurtër të premten në mëngjes, një nga menaxherët e indeksit S&P Sem Stovall thotë seçmimet ranë menjëherë pas fjalimit të presidentit. Analisti Frensis Lun nga Hong Kongu thotë sebesimi i investitorëve ka rënë në nivelin më të ulët ndonjëherë. Shumica shpresojnë se mbështetja do të vijë ngatakimi i udhëheqësve botërorë të Grupit të shtatë vendeve të industrializuaranë Uashington. Presidenti Bush thotë se udhëheqësit ndërkombëtarë ndajnë tënjëjtat shqetësime me të. Ekonomistët thonë se udhëheqësit botërorë kanëarsye të forta për të punuar me Shtetet e Bashkuara. Analisti Dejvid Hejl thotëse një rënie ekonomike në Shtetet e Bashkuara do të thotë ngadalësim për tëgjithë botën. Raporti i fundit i Fondit Monetar Ndërkombëtarparashikon që Shtetet e Bashkuara po hyjnë në një periudhë rënieje ekonomikekëtë vit, duke shkaktuar një ngadalësim të theksuar në të gjithë ekonominëglobale. //bsa//",Presidenti tha se ministrat e financave do të punojnë për të mbrojtur depozitat bankare dhe për të rivënë në punë tregun e kredive,"Over the last ten days of the stock exchange in the United States, the Dou Jones index has lost more than 20 percent of its value. But even the world markets have not escaped this crisis. Stock markets in Asia and Europe have also recorded deep declines. While the scholarship in Russia and Indonesia has been suspended indefinitely. In the United States, President Bush again tried to reassure Americans that the government's plan to solve the financial crisis would work. However, the guarantees given by the president did not affect the exchange of the stock market on Wall Street. After a brief rally on Friday morning, one of the managers of the S&P index Sem Stovall says that prices fell immediately after the president's speech. Hong Kong analyst Francis Lun says investor confidence has fallen to its lowest level ever. Most hope that support will come as world leaders of the Group of Seven industrialized countries meet in Washington. President Bush says international leaders share the same concerns with him. Economists say world leaders have strong reasons to work with the United States. Analyst David Hale says an economic downturn in the United States means a slowdown for the entire world. The latest International Monetary Fund report predicts that the United States is entering a period of economic downturn this year, causing a pronounced slowdown across the global economy. BSA//",The president said that finance ministers will work to protect bank deposits and restart the credit market,What impact has the financial crisis had on global stock markets and investor confidence according to the text?,"Over the last ten days of the stock exchange in the United States, the Dou Jones index has lost more than 20 percent of its value. But even the world markets have not escaped this crisis. Stock markets in Asia and Europe have also recorded deep declines.",0.465825468301773,"
Over the past ten trading days of the stock market in the United States, the Dow Jones index has lost over 20% of its value. However, global markets have not been spared from this crisis. Stock exchanges in Asia and Europe have also shown significant declines. Meanwhile, the markets in Russia and Indonesia remain closed indefinitely. In the United States, President Bush reiterated his commitment to ensuring that the government's plan to address the financial crisis would work. Nevertheless, the assurances he provided did not align well with the stock market's performance on Wall Street. After a brief rally on Friday morning, one of the managers of the S&P index, Sem Stovall, stated that prices fell sharply following the president's remarks. Analyst Francis Lun from Hong Kong noted that investor confidence has reached its lowest level ever. Most people are hopeful that support will come after the meeting of world leaders from the Group of Seven industrialized nations in Washington. President Bush mentioned that international leaders agree with him on economic issues. Economists have indicated that world leaders have strong incentives to work closely with the United States. Analyst David Heil stated that an economic downturn in the United States would mean a slowdown for the entire global economy. The latest report from the International Monetary Fund predicts that the United States is entering a period of severe economic recession, which will trigger a noticeable slowdown worldwide.","
""Global Economic Fears Mount as Stock Markets Plummet""","
The financial crisis has caused significant declines in global stock markets, with sharp drops observed in both Asian and European markets. Investor confidence has reached its lowest level ever, according to analysts. Many anticipate a worldwide economic slowdown following the U.S.-led financial crisis, as highlighted by international leaders and experts."
"Qyteti Bordo në jugperëndim të Francës, është i njohur si kryeqyteti botëror i verës, por ka patur një të kaluar të errët, si porti i dytë më i madh i Francës nga ku bëhej tregtia e skllevërve. Ndryshe nga disa qendra të tjera të njohura për tregtinë e skllevërve, atje nuk ekziston një memorial i madh, për ta shënuar këtë histori të pakëndshme të qytetit dhe zyrtarët e konsiderojnë atë si shumë të kushtueshme. Por ndërsa shtohet shqetësimi për rastet e racizmit dhe të ksenofobisë në mbarë Europën, një njeri ka marrë përsipër misionin për të hedhur më shumë dritë tek e kaluara. Është një destinacion i preferuar për anijet e pasagjerëve dhe specialistët e verës. Por Karfa Diallo ka më shumë interes për një tjetër aspekt të Bordosë, si një prej qendrave më të mëdha të tregtisë së skllevërve. Nga shekulli i 17, deri tek i 19-i, ky qytet dërgonte anije që transportuan deri në 130 mijë skllevër nga Afrika drejt Amerikës. Ato ktheheshin me ngarkesa pambuku, cigaresh, sheqeri dhe rumi. Qyteti e ka vënë pasurinë e tij pjesërisht me tregtinë e skllevërve. Diallo, emigrant nga Senegali, është kryetar i një shoqate për të rritur ndërgjegjësimin për ekzistencën e skllavërisë, si dhe ofron vizita tek qendrat e tregtisë së skllevërve në Bordo, me të cilën ai beson se qyteti nuk pajtohet. Shenjat e pakta të së kaluarës këtu është e vështirë të dallohen. Diallo thotë se në Bordo ka më tepër se 12 rrugë me emrin e tregtarëve më të njohur të skllevërve. thotë Alexandre, një student. Zyrtarët e qytetit janë dakord se duhet bërë më shumë, në një kohë kur në Francë është fuqizuar e djathta e ekstreme kundër imigracionit. - thotë Marik Fetouh, nënkryetari i bashkisë. Diallo mendon se dija është përgjigja më e mirë për t’iu kundërvënë racizimit të sotëm dhe të kaluar. Sa më të shumta janë njohuritë, aq më e vogël është urrejtja.","Bordoja është qendra e prodhimit të verës në Francë, por qyteti në të kaluarën ka qenë port për tregtinë e skllevërve.","The city of Bordeaux, in the southwest of France, is known as the wine capital of the world, but has had a dark past, as France's second largest port from where the slave trade took place. Unlike some other well-known centers for the slave trade, there is no large memorial there to mark this unpleasant history of the city, and officials consider it to be too costly. But as concern grows about cases of racism and xenophobia across Europe, one man has taken on the mission of shedding more light on the past. It is a favorite destination for passenger ships and wine specialists. But Karfa Diallo is more interested in another aspect of Bordeaux, as one of the largest centers of the slave trade. From the 17th to the 19th century, this city sent ships that transported up to 130 thousand slaves from Africa to America. They returned with loads of cotton, cigarettes, sugar and rum. The city has put its wealth partly into the slave trade. Diallo, an immigrant from Senegal, is the president of an association to raise awareness of the existence of slavery, as well as offering visits to slave trade centers in Bordeaux, with which he believes the city disagrees. The few signs of the past here are hard to spot. Diallo says that in Bordeaux there are more than 12 streets named after the most famous slave traders. says Alexandre, a student. City officials agree that more needs to be done, at a time when the far-right anti-immigration movement has grown stronger in France. - says Marik Fetouh, the deputy mayor of the municipality. Diallo thinks that knowledge is the best answer to counter the racism of today and the past. The more knowledge, the less hatred.","Bordeaux is the center of winemaking in France, but the city has in the past been a port for the slave trade.",What efforts are being made in Bordeaux to raise awareness about its history as a center of the slave trade?,"The city has put its wealth partly into the slave trade. Diallo, an immigrant from Senegal, is the president of an association to raise awareness of the existence of slavery, as well as offering visits to slave trade centers in Bordeaux, with which he believes the city disagrees. The few signs of the past here are hard to spot.",0.7114571928977966,"
Bordeaux, a city in southwestern France, is known as the world capital of wine, but it also has a dark history as the second-largest port in France for where the slave trade took place. Unlike some other well-known centers for the slave trade, there isn't a large memorial to mark this significant yet often overlooked history of the city and its people consider it very controversial. While attention is drawn to cases of racism and xenophobia across Europe, one person has taken on the mission to shed more light on this past. It is a preferred destination for tourists and specialists in wine. But Karfa Diallo is more interested in another aspect of Bordeaux, as one of the largest centers for the slave trade. From the 17th to the 19th century, this city sent ships carrying up to 130,000 enslaved people from Africa to America. They returned with cargoes of cotton, tobacco, sugar, and rum. The city gained much of its wealth partially through the slave trade. Diallo, an immigrant from Senegal, is president of an association aiming to raise awareness about the existence of slavery, as well as offering visits to the centers of the slave trade in Bordeaux, which he believes the city does not fully acknowledge. The traces of this past here are hard to discern. Diallo said that in Bordeaux, there are more than 12 streets named after the most famous slave traders. ""I'm Alexandre,"" a student said. City officials agree that more needs to be done at a time when France is seeing a rise in far-right extremism against immigration. - said Marik Fetouh, vice-president of the association. Diallo believes that education is the best answer to counter today's racism and the past. The more people know, the less prejudice there will be.","
**Unveiling Bordeaux’s Unspoken Past: The Slave Trade Legacy and Its Reflection on Modern Racism**","
In Bordeaux, efforts are being made by Karfa Diallo, an activist from Senegal, to raise awareness about the city's history as a major slave trade hub through guided tours and educational initiatives. The city acknowledges its past by naming streets after prominent slave traders, though some residents consider this inadequate. Despite these steps, there is growing recognition of the need to confront Bordeaux's historical ties to slavery in light of current social challenges, including rising far-right movements against immigration."
"Pentagoni tha se pas disa muaj paralajmërimesh, Shtetet e Bashkuara i dhanë fund lëvrimit të pjesëve të avionëve ushtarak F-35 në Turqi, një veprim hakmarrës për shkak të vendimit të Ankarasë që të vazhdojë me blerjen e sistemeve kundërajrore ruse. Udhëheqësit më të lartë amerikanë janë kërcënuar në vazhdimësi se do të refuzojnë planet e Turqisë për të blerë avionë të avancuar F-35, nëse ajo nuk braktisë përpjekjet për të blerë sistemet ruse S-400. Ndërprerja e dërgimit të pjesëve dhe doracakëve të nevojshëm për avionët gjatë kësaj vere, është hapi i parë drejt ndërprerjes së plotë të shitjes së avionëve. Ushtruesi i detyrës së zëdhënësit të Pentagonit, Charles Summers, tha se “Shtetet e Bashkuara kanë qenë të qarta se blerja e sistemeve S-400 është e papranueshme. Derisa të heqin dorë nga sistemet S-400, Shtetet e Bashkuara kanë pezulluar dërgesat dhe nëse Turqia blenë sistemet S-400, pjesëmarrja e saj në programin F-35 është në rrezik"". Vendimi i Shteteve të Bashkuara pasoi deklarimet e ministrit turk të Punëve të Jashtme, i cili tha se vendi i tij është i përkushtuar ndaj marrëveshjes për blerjen e sistemeve ruse dhe po diskutohen datat e dorëzimit të tyre. Udhëheqësit amerikanë të mbrojtjes kanë thënë që nëse Turqia, një aleate e NATO-s, nuk rishikon blerjen nga rusët, do të humbiste avionët dhe sistemet e tjera ushtarake amerikane. Gjatë një dëgjimi në Kongres muajin e kaluar, gjenerali amerikan Curtis Scaparrotti, komandanti i lartë i NATO-s, tha se këshilla e tij kryesore është që Shtetet e Bashkuara të mos punojnë me një aleat që blen sisteme ruse që mund të kërcënojnë një nga mundësitë më të përparuara të ushtrisë amerikane. Zyrtarët shprehën shqetësimin po ashtu se blerja nga Turqia e sistemeve amerikane dhe ruse, do të mund t’i jepte Moskës qasje në teknologjinë e sofistikuar amerikane dhe do t’i krijonte mundësi që të gjejë rrugë për t’iu kundërvënë sistemit F-35. Në vitin 2017 Ankaraja nënshkroi një marrëveshje me Moskën për sistemin e raketave S-400. Në të njëjtën kohë, Turqia ka ndihmuar për financimin e programit F-35 dhe ka planifikuar të blejë 100 avionë nga SHBA-ja, pjesa e parë të cilëve është parashikuar t’i dorëzohet autoriteteve turke më vonë gjatë këtij viti.",Shtetet e Bashkuara ndërprenë dërgimin e pjesëve të avionëve F-35 duke paralajmëruar ndërprerjen e plotë të shitjes së tyre në Turqi nëse ajo vazhdon me blerjen e sistemeve ruse S-400,"The Pentagon said that after several months of warnings, the United States ended the delivery of parts of F-35 military aircraft to Turkey, a retaliatory move due to Ankara's decision to go ahead with the purchase of Russian anti-aircraft systems. Top US leaders have repeatedly threatened to reject Turkey's plans to buy advanced F-35 aircraft if it does not abandon efforts to buy Russian S-400 systems. Stopping the delivery of parts and manuals needed for aircraft this summer, is the first step toward a complete halt to aircraft sales. Acting Pentagon spokesman Charles Summers said that ""the United States has been clear that the purchase of S-400 systems is unacceptable. Until it gives up the S-400 systems, the United States has suspended deliveries, and if Turkey purchased the S-400 systems, its participation in the F-35 program is at risk."" The United States' decision followed statements by the Turkish Foreign Minister, who said that his country is committed to the agreement on the purchase of Russian systems and the dates of their delivery are being discussed. U.S. defense leaders have said that if Turkey, a NATO ally, does not review the purchase by the Russians, it would lose American aircraft and other military systems. During a congressional hearing last month, U.S. Gen. Curtis Scaparrotti, NATO's top commander, said his top advice is for the United States not to work with an ally that buys Russian systems that could threaten one of the U.S. military's most advanced capabilities. Officials also expressed concern that Turkey's purchase of U.S. and Russian systems could give Moscow access to sophisticated U.S. technology and enable it to find ways to counter the F-35 system. In 2017, Ankara signed an agreement with Moscow on the S-400 missile system. At the same time, Turkey has helped finance the F-35 program and has planned to buy 100 aircraft from the US, the first part of which is scheduled to be handed over to Turkish authorities later this year.","The United States halted the delivery of F-35 aircraft parts, warning of a complete halt to their sale to Turkey if it proceeds with the purchase of Russian S-400 systems",Why did the United States suspend the delivery of F-35 aircraft parts to Turkey?,"The Pentagon said that after several months of warnings, the United States ended the delivery of parts of F-35 military aircraft to Turkey, a retaliatory move due to Ankara's decision to go ahead with the purchase of Russian anti-aircraft systems. Top US leaders have repeatedly threatened to reject Turkey's plans to buy advanced F-35 aircraft if it does not abandon efforts to buy Russian S-400 systems. Stopping the delivery of parts and manuals needed for aircraft this summer, is the first step toward a complete halt to aircraft sales.",0.8502452969551086,"
The Pentagon has decided to stop the delivery of parts for the joint F-35 fighter jets to Turkey, a move in response to Ankara's decision to continue with the purchase of Russian missile systems. Senior American officials have warned that they will refuse Turkey's requests to buy advanced F-35 aircraft if it does not abandon its efforts to acquire the Russian S-400 systems. The suspension of the delivery of parts and necessary components for the jets during this summer is the first step toward a complete halt in the sale process.  

Charles Summers, the Under Secretary of Defense at the Pentagon, stated that ""NATO has been clear that purchasing the S-400 systems is incompatible. As long as Turkey does not remove itself from these systems, NATO allies have frozen deliveries, and if Turkey proceeds with purchasing the S-400s, its participation in the F-35 program is at risk.""  

Turkey's foreign minister has confirmed Ankara's determination to move forward with the acquisition of Russian systems, with discussions ongoing regarding their delivery. American defense officials have made it clear that if Turkey, a NATO ally, does not halt its purchase from Russia, it risks losing access to American fighter jets and other military equipment.  

During a congressional hearing last month, General Curtis Scaparrotti, the Supreme Allied Commander of NATO, emphasized that his primary concern is working with an ally that purchases Russian systems capable of potentially countering one of America's most advanced military assets, the F-35. Analysts express concerns that Turkey's simultaneous acquisition of American and Russian systems could allow Moscow insight into advanced U.S. technology and create opportunities to undermine the F-35 system.  

In 2017, Ankara signed a deal with Russia for the S-400 missile system. At the same time, Turkey has supported financing for the F-35 program and planned to purchase 100 jets from the United States, with the first batch scheduled for delivery this year.","
""NATO Faces Dilemma as Turkey's Purchase of Russian S-400 Systems Jeopardizes F-35 Program.""","
The United States suspended the delivery of F-35 aircraft parts to Turkey due to Ankara's decision to proceed with purchasing Russian-made S-400 air defense systems. The Pentagon expressed concerns that the compatibility issues between the F-35 and the S-400 could compromise American technology and national security. Despite being part of the F-35 program, Turkey ultimately chose to acquire the Russian systems instead."
"Marie ReineAkl ka shkuar për vizitë tek doktori vetëm dy javë pasi ka bërë operacionin e njohur si “rhinoplasti” që zakonisht i referohet ndërhyrjes kirurgjikale në hundë. Për të hequr koskën që e bënte atë të kishte hundë me kurriz, Akl shkoi tek doktori Elias Chammas, mjek kirurg në Qendrën Mjekësore Ndërkombëtare Hazmieh. unë, do ta nxisja edhe atë ta bënte operacionin”. Sipas Shoqatës Libaneze të Kirurgjisë Plastike, kohët e fundit ka patur një kërkesë në rritje për operacione plastike në fytyrë. Doktor Elias Chammas drejton klinikën Hazmieh, ku ka 23 kirurgë. Dr. Chammas bën disa ndërhyrje në ditë, që nga rritja e gjoksit, tek përmirësimi i hundës, apo heqja e dhjamit nga pjesë të ndryshme të trupit, një procedurë që njihet si lipektomi. Ai thotë se turizmi në Liban e ka shtuar mundësinë që të të ketë edhe klientë të huaj për operacione plastike. Zeina Al Haj ka një biznes të suksesshëm në këtë fushë, që e quan “Image Concept”, koncepti i imazhit. Kjo kompani e ka bazën në Emiratet e Bashkuara Arabe dhe organizon paketa operacionsh plastike dhe njokëhësisht pushimesh në Liban. Kjo eksperiencë, thotë doktor Chammas, e kombinuar me çmimet relativisht të lira, 2 mijë e 600 dollarë për një operacion në hundë, krahasuar me 6-7 mijë dollarë në Evropë, e bën Libanin një vend të shkëlqyer për personat që duan të bëjnë kirurgji plastike. Ministria e turizimit e Libanit po promovon kompani si “Image Concept”, për marketimin e Libanit si një destinacion ku turistët mund të bëjnë edhe kirurgji plastike.","Gra nga vende të ndryshme shkojnë në Liban për ndërhyrje kirurgjike, ngaqë atje ka mjekë profesionistë dhe çmime të arsyeshme","Marie ReineAkl went to see the doctor just two weeks after undergoing the surgery known as ""rhinoplasty"" which usually refers to nose surgery. To remove the scab that made him have a nose with a spine, Akl went to Dr. Elias Chammas, a surgeon at Hazmieh International Medical Center. I would encourage him to do the surgery as well."" According to the Lebanese Association of Plastic Surgery, there has recently been an increasing demand for facial plastic surgery. Dr. Elias Chammas runs the Hazmieh Clinic, where there are 23 surgeons. Dr. Chammas performs several interventions a day, from breast augmentation, to nose improvement, or fat removal from different parts of the body, a procedure known as a libectomy. He says that tourism in Lebanon has increased the possibility of having foreign customers for plastic surgery. Zeina Al Haj has a successful business in this field, which she calls ""Image Concept"". This company is based in the United Arab Emirates and organizes packages of plastic surgery and sometimes vacations in Lebanon. This experience, says Dr. Chammas, combined with the relatively cheap prices, $2,600 for a nose surgery, compared to $6-7,000 in Europe, makes Lebanon a great place for people who want to have plastic surgery. Lebanon's tourism ministry is promoting companies such as Image Concept, for marketing Lebanon as a destination where tourists can also undergo plastic surgery.","Women from different countries go to Lebanon for surgical interventions, because there are professional doctors and reasonable prices there",How is Lebanon positioning itself as a destination for plastic surgery tourism?,"This experience, says Dr. Chammas, combined with the relatively cheap prices, $2,600 for a nose surgery, compared to $6-7,000 in Europe, makes Lebanon a great place for people who want to have plastic surgery. Lebanon's tourism ministry is promoting companies such as Image Concept, for marketing Lebanon as a destination where tourists can also undergo plastic surgery.",0.6630542278289795,"
Marie Reine Akl has visited the doctor only twice since she underwent a procedure known as ""rhinoplasty,"" which is commonly referred to as plastic surgery on the nose. To remove the excess fat that made her have a bulky nose, Akl went to Dr. Elias Chammas, a surgical doctor at the Hazmieh International Medical Center. She mentioned, ""I decided to go for it and have the procedure done."" According to the Lebanese Society of Plastic Surgery, recent times have seen an increase in requests for plastic surgery on the nose. Dr. Elias Chammas runs the Hazmieh Clinic, where there are 23 surgeons. Dr. Chammas performs several procedures daily, ranging from fat removal, improving the shape of the nose, or removing fat deposits from different parts of the body, a procedure known as liposuction. He noted that tourism in Lebanon has added opportunities for having plastic surgery, attracting even international clients. Zeina Al Haj has a successful business in this field, called ""Image Concept."" This company is based in the United Arab Emirates and organizes packages for plastic surgeries and cosmetic enhancements in Lebanon. Dr. Chammas mentioned that this experience, combined with relatively low costs—$2,600 for a nose procedure compared to $6-7 million in Europe—makes Lebanon an attractive destination for those seeking plastic surgery. The Ministry of Tourism in Lebanon is promoting companies like ""Image Concept"" to market the country as a destination where tourists can also undergo plastic surgery.","
""Plastic Surgery Tourism on the Rise in Lebanon: Affordable Rhinoplasties and Beyond""","
Lebanon is positioning itself as a destination for plastic surgery tourism by offering relatively low-cost procedures and organizing wellness packages through companies like ""Image Concept."" The country leverages its medical expertise and tourism infrastructure to attract clients seeking affordable treatments such as rhinoplasty, liposuction, and other cosmetic surgeries. By promoting these services, Lebanon is becoming an appealing option compared to more expensive destinations in Europe."
"Pas takimit të sotem me kryetarin e Bashkësisë shtetërore Serbi-Mali i Zi, Svetozar Maroviq, përfaqësuesi i BE, Havier Solana, ka shprehur këneqësi për angazhimet që po bën Beogradi zyrtar për të hyrë në Evropë. Maroviq ka shfaqur shpresën se integrimi i Serbisë dhe Malit të Zi në Evropë do të jetë një nga temat kryesore të takimit të nivelit të lartë të pesëmbëdhjetshes evropiane, në Selanik, në muajin qershor. Harmonizimi i sistemeve ekonomike të Serbisë e Malit të Zi, që është dashur të përfundojë më 31 mars, ka qenë tema e bisedimeve të mbrëmshme të zotit Solana me zyrtarët e Beogradit. Zoti Solana ka thënë se BE i kushton rëndësi të madhe harmonizimit të sistemeve ekonomike të Serbisë e Malit të Zi, dhe hartimit të Planit Aksional, që është domethënës edhe për ndihmën financiare të Fondit Monetar Ndërkombëtar. Ai ka nënvizuar se do të bëhën përpjekje nga të gjithë, që bashkësia serbomalazeze të funksionojë, dhe ky projekt të mos dështojë. Kryeministri i Serbisë, Zoran Zhivkoviq thotë se afati për harmonizimin e këtij procesi është shtyrë deri më 30 prill, për shkak të dallimeve në sistemet ekonomike e doganore midis Serbisë e Malit të Zi, dhe ka shfaqur bindjen se kjo do të realizohet në afatin e shtyrë, kur duhet të miratohet edhe plani aksional. Kurse ministri i Mbrojtjes i Serbisë dhe Malit të Zi, Borisa Tadiq, tha se bashkëpunimi i Beogradit me Gjykatën e Hagës është kusht i fundit për pranimin e vendit në Partneritet për Paqe. Ai theksoi se hyrja në Partneritet është prioritet i politikës së jashtme të Beogradit, sepse kjo është me rëndësie edhe për reformimin e ushtrisë dhe të sistemit të përgjithshem të mbrojtës. Tadiq tha se zoti Solana ka premtuar ndihmën personale dhe se do të dërgojë këshilltarin e vet, i cili do të ndihmojë në reformimin e ushtrisë dhe të sistemit të mbrojtjes. Përfaqëseusi i lartë i BE, Havier Solana ka biseduar edhe me kryeministrin e Malit të Zi, Millo Gjukanoviq, nënkryeministrin e Serbisë, Nebojsha Çoviq dhe Ministrin e Jashtëm të Bashkësisë serbomalazeze, Goran Svillanoviq.// lk //",Zoti Solana u ka shprehur mbështetje të plotë autoriteteve të Beogradit në luftën kundër kriminalitetit dhe në përpjekjet për anëtarësi,"After today's meeting with the President of the Serbia-Montenegro State Community, Svetozar Marovic, the EU representative, Javier Solana, expressed satisfaction with the commitments that Belgrade is making officially to enter Europe. Marovic has expressed hope that the integration of Serbia and Montenegro into Europe will be one of the main topics of the high-level meeting of the European Fifteen, in Thessaloniki, in June. The harmonization of Serbia and Montenegro's economic systems, which was supposed to be completed on March 31, was the topic of last night's talks by Mr. Solana with Belgrade officials. Mr. Solana said that the EU attaches great importance to the harmonization of the economic systems of Serbia and Montenegro, and the drafting of the Action Plan, which is also significant for the financial assistance of the International Monetary Fund. He underlined that efforts will be made by everyone, so that the Serbian-Montenegrin community works, and this project does not fail. The Prime Minister of Serbia, Zoran Zivkovic, says that the deadline for the harmonization of this process has been postponed until April 30, due to differences in the economic and customs systems between Serbia and Montenegro, and has expressed conviction that this will be realized in the extended deadline, when the action plan must be approved. Meanwhile, the Minister of Defense of Serbia and Montenegro, Borisa Tadic, said that Belgrade's cooperation with the Hague Tribunal is the last condition for the country's admission to the Partnership for Peace. He stressed that joining the Partnership is a priority of Belgrade's foreign policy, because it is also important for the reform of the army and the general defense system. Tadic said that Mr. Solana has promised personal help and that he will send his own adviser, who will help reform the army and the defense system. The EU High Representative, Javier Solana, also spoke with the Prime Minister of Montenegro, Milo Djukanovic, the Deputy Prime Minister of Serbia, Nebojsa Čović, and the Minister of Foreign Affairs of the Serbian-Montenegrin Community, Goran Svillanovic.// lk //",Mr. Solana has expressed full support to the Belgrade authorities in the fight against crime and in the membership efforts,What are the key topics discussed during Javier Solana's meetings with Serbian and Montenegrin officials regarding their integration into Europe?,"After today's meeting with the President of the Serbia-Montenegro State Community, Svetozar Marovic, the EU representative, Javier Solana, expressed satisfaction with the commitments that Belgrade is making officially to enter Europe. Marovic has expressed hope that the integration of Serbia and Montenegro into Europe will be one of the main topics of the high-level meeting of the European Fifteen, in Thessaloniki, in June. The harmonization of Serbia and Montenegro's economic systems, which was supposed to be completed on March 31, was the topic of last night's talks by Mr. Solana with Belgrade officials.",0.5998270511627197,"
High-level meetings with the President of the Serbian-Montenegrin Community, Svetozar Marović, and the High Representative of the European Union, Javier Solana, have expressed satisfaction with the efforts Serbia is making to join Europe. Marović has expressed hope that the integration of Serbia and Montenegro into Europe will be one of the main topics at the high-level summit of the European Union in Thessaloniki next June. The harmonization of the economic systems of Serbia and Montenegro, which needs to be completed by March 31, was a key topic during Solana's intensive talks with officials from Belgrade. Solana stated that the EU places great importance on the harmonization of the economic systems of Serbia and Montenegro and the drafting of the Action Plan, which is also linked to financial assistance from the International Monetary Fund. He emphasized that efforts must be made by all parties to ensure that the Serbian-Montenegrin Community functions properly and that this project does not fail. The Prime Minister of Serbia, Zoran Zhivković, stated that the timeline for this harmonization process has been extended until April 30 due to differences in economic and customs systems between Serbia and Montenegro, and he stressed that this must be completed on the revised schedule, after which the Action Plan also needs to be finalized. Meanwhile, the Minister of Defense of Serbia and Montenegro, Borisa Tadić, said that Belgrade's dialogue with NATO Headquarters is a key condition for joining the Partnership for Peace. He emphasized that joining the Partnership for Peace is a top priority of Belgrade's foreign policy, as it also serves the reform of the army and the overall defense system. Tadić noted that Solana has personally promised support and will send his own envoy to assist in the reforms of the army and defense system. The EU High Representative, Javier Solana, also held talks with Montenegro Prime Minister Milo Đukanović, Serbian Deputy Prime Minister Nebojša Ćović, and Foreign Minister of the Serbian-Montenegrin Community Goran Svilanović.","
""High-Level Talks Focus on Serbia-Montenegro-European Union Integration Efforts""","
During Javier Solana's meetings with Serbian and Montenegrin officials, key topics included the progress of Serbia and Montenegro towards European integration, particularly focusing on the harmonization of their economic systems by March 31. The discussions also emphasized the completion of the Strategic Action Plan by April 30, which would require financial assistance from the IMF. Additionally, Solana highlighted the importance of military reforms and the need for both countries to work together to ensure the success of their integration project."
"Zyrtarët britanikë autorizuan të mërkurën një vaksinë për COVID-19 për përdorim emergjent, duke i dhënë dritën e blertë vaksinës së parë në botë kundër virusit dhe duke hedhur një hap të madh drejt dhënies fund pandemisë. Leja për vaksinën e zhvilluar nga prodhuesi amerikan i ilaçeve Pfizer dhe BioNTech i Gjermanisë, u dha në një periudhë të rritjes së infektimeve nga koronavirusi në Shtetet e Bashkuara dhe në Evropë, duke bërë trysni mbi spitalet në disa vende dhe duke detyruar raunde të reja kufizimesh që kanë shkatërruar ekonomitë. Agjencia Rregullative e Barnave dhe Produkteve të Kujdesit Shëndetësor, e cila licencon ilaçe në Mbretërinë e Bashkuar, rekomandoi që vaksina të mund të përdorej pasi shqyrtimi i rezultateve të provave klinike treguan se vaksina ishte 95 për qind efektive në përgjithësi dhe se ofron mbrojtje të konsiderueshme për të moshuarit. Sekretari britanik i shëndetësisë, Matt Hancock, i tha BBC-së se situata me pandeminë do të përmirësohet në pranverë. “Tani kemi një vaksinë. Ne jemi vendi i parë në botë që e kemi një vaksinë klinikisht të autorizuar...”, tha ai. Bashkimi Evropian kritikoi miratimin e shpejtë nga Britania të vaksinës Pfizer dhe BioNTech, duke thënë se procedura e BE-së është më e plotë. Masa për t'i dhënë autorizim emergjent vaksinës Pfizer / BioNTech është parë nga shumë analistë si një fitore politike për Kryeministrin e Mbretërisë së Bashkuar Boris Johnson, i cili ka udhëhequr vendin për daljen nga Bashkimi Evropian dhe është përballur me kritika për trajtimin e pandemisë nga ana e tij. Vendimi u mor me një proces tepër të shpejtë të miratimit për nevoja urgjente, i cili lejoi rregullatorin britanik të barnave të autorizonte përkohësisht vaksinën, vetëm 10 ditë pasi filloi shqyrtimin e të dhënave nga provat në shkallë të gjerë. Në një deklaratë të pazakontë për tonet e hapura, Agjencia Evropiane e Barnave (EMA), e cila është përgjegjëse për miratimin e vaksinave COVID-19 për BE-në, tha se procedura e saj më e gjatë e miratimit është më e përshtatshme pasi bazohet në më shumë prova dhe kërkon më shumë kontrolle sesa procedura e emergjencës e zgjedhur nga Britania. Agjencia tha të martën se do të vendoste deri më 29 dhjetor nëse do të autorizonte përkohësisht vaksinën e prodhuesit amerikan të barnave Pfizer Inc dhe partnerit të saj gjerman BioNTech SE. Vendet e tjera nuk janë shumë prapa. Rregullatorët në Shtetet e Bashkuara dhe në Bashkimin Evropian gjithashtu po verifikojnë vaksinën Pfizer së bashku me një vaksinë të ngjashme të zhvilluar nga konkurrenti Moderna Inc. Rregullatorët britanikë gjithashtu po shqyrtojnë një tjetër vaksinë të zhvilluar nga AstraZeneca dhe Universiteti i Oksfordit. Drejtori Ekzekutiv i kompanisë Pfizer, Albert Bourla, e quajti vendimin e Mbretërisë së Bashkuar ""një moment historik"".",Vendimi britanik u publikua ndërsa Shtetet e Bashkuara thanë se ka mundësi që vaksina e kompanisë Pfizer për COVID-19 të miratohet nga mesi i dhjetorit.,"British officials authorized a COVID-19 vaccine for emergency use on Wednesday, giving the green light to the world's first vaccine against the virus and taking a big step towards ending the pandemic. The authorization for the vaccine, developed by U.S. drugmakers Pfizer and Germany's BioNTech, was granted at a time of rising coronavirus infections in the United States and Europe, putting pressure on hospitals in some countries and forcing new rounds of restrictions that have devastated economies. The Medicines and Healthcare Products Regulatory Agency, which licenses medicines in the UK, recommended that the vaccine could be used after reviewing the results of clinical trials showed that the vaccine was 95 per cent effective overall and that it offers significant protection for the elderly. British health secretary Matt Hancock told the BBC that the situation with the pandemic will improve in the spring. ""Now we have a vaccine. We are the first country in the world to have a clinically authorized vaccine..."", he said. The European Union criticized Britain's rapid approval of the Pfizer and BioNTech vaccine, saying the EU procedure is more complete. The measure to give emergency authorization to the Pfizer/BioNTech vaccine has been seen by many analysts as a political victory for UK Prime Minister Boris Johnson, who has led the country on exiting the European Union and has faced criticism for his handling of the pandemic. The decision was made through an incredibly fast approval process for urgent needs, which allowed the British drug regulator to temporarily authorise the vaccine, just 10 days after it began reviewing data from large-scale trials. In an unusual statement for open tones, the European Medicines Agency (EMA), which is responsible for approving COVID-19 vaccines for the EU, said its longer approval procedure is more appropriate as it is based on more evidence and requires more controls than the emergency procedure chosen by Britain. The agency said on Tuesday that it would decide by December 29 whether to temporarily authorize the vaccine from U.S. drugmaker Pfizer Inc and its German partner BioNTech SE. Other countries are not far behind. Regulators in the United States and the European Union are also verifying the Pfizer vaccine along with a similar vaccine developed by competitor Moderna Inc. British regulators are also looking into another vaccine developed by AstraZeneca and the University of Oxford. Pfizer CEO Albert Bourla called the UK's decision ""a milestone"".",The British decision was published as the United States said it is possible that the Pfizer vaccine for COVID-19 will be approved by mid-December.,"What was the significance of the UK's emergency authorization of the Pfizer-BioNTech COVID-19 vaccine, and how did it compare to the EU's approach?","The measure to give emergency authorization to the Pfizer/BioNTech vaccine has been seen by many analysts as a political victory for UK Prime Minister Boris Johnson, who has led the country on exiting the European Union and has faced criticism for his handling of the pandemic. The decision was made through an incredibly fast approval process for urgent needs, which allowed the British drug regulator to temporarily authorise the vaccine, just 10 days after it began reviewing data from large-scale trials. In an unusual statement for open tones, the European Medicines Agency (EMA), which is responsible for approving COVID-19 vaccines for the EU, said its longer approval procedure is more appropriate as it is based on more evidence and requires more controls than the emergency procedure chosen by Britain.",0.6671017408370972,"
British authorities have authorized the use of a COVID-19 vaccine for emergency purposes, granting the green light to the world's first vaccine against the virus and taking a major step toward ending the pandemic. The authorization for the vaccine developed by American pharmaceutical company Pfizer and German firm BioNTech was granted amid rising infection rates in the United States and Europe, putting pressure on hospitals in some areas and forcing new lockdown measures that have paralyzed economies. The Medicines and Healthcare products Regulatory Agency (MHRA), which licenses medicines in the UK, recommended that the vaccine be used after reviewing clinical trial results showing it to be 95% effective overall and providing substantial protection for older adults. British Health Secretary Matt Hancock told BBC that the pandemic situation would improve by spring. ""Now we have a vaccine. We are the first country in the world to have a clinically authorized vaccine...,"" he said. The European Union criticized Britain's quick approval of the Pfizer and BioNTech vaccine, stating that the EU's procedure is more thorough. Many analysts view the decision to grant emergency authorization for the Pfizer/BioNTech vaccine as a political victory for UK Prime Minister Boris Johnson, who has led the country out of the European Union and faced criticism for his handling of the pandemic. The decision was made through an accelerated approval process due to urgent needs, allowing the British regulator to authorize the vaccine provisionally just 10 days after beginning its review of trial data on a large scale. In a statement clarifying its position, the European Medicines Agency (EMA), which is responsible for approving COVID-19 vaccines in the EU, said its longer approval process is more appropriate because it is based on more trials and requires more checks than the emergency procedure chosen by Britain. The agency also stated that it would decide by December 29 whether to provisionally authorize the vaccine produced by American pharmaceutical company Pfizer Inc. and its German partner BioNTech SE. Other countries are not far behind. Regulators in the United States and the European Union are also verifying the Pfizer vaccine alongside a similar one developed by competitor Moderna Inc. British regulators are also reviewing another vaccine developed by AstraZeneca and the University of Oxford. Pfizer CEO Albert Bourla called the UK's decision ""a historic moment.""","
""UK Authorizes World’s First COVID-19 Vaccine for Emergency Use.""","
The UK's emergency authorization of the Pfizer-BioNTech COVID-19 vaccine marked a significant milestone as it became the first country to approve a COVID-19 vaccine, offering hope during a critical surge in cases and strained healthcare systems. In contrast, the EU adopted a more cautious and comprehensive regulatory approach, emphasizing thorough review processes before authorizing vaccines. The UK's swift action was seen as a political win for Prime Minister Boris Johnson, while the EU's slower process aimed to ensure robust safety and efficacy standards."
"Në Tiranë, kryeministri Edi Rama tha se reforma në drejtësi po jep rezultate, siç u tregua nga arrestimi i një deputeti dhe një ish ministri për korrupsion, por i bëri thirrje Prokurorisë së Posaçme, që të hetojë krime të ish kryeministrit Sali Berisha, pasi ai u shpall non grata nga SHBA. Zoti Rama i bëri këto komente në Kongresin e Partisë Socialiste, ku gjysmën e fjalimit ia kushtoi pritshmërisë së lartë të publikut pas reformës në drejtësi për rezultate kundër krimit dhe korrupsionit. Kryeministri Rama përmendi në fjalën e tij nga vitet e qeverisjes së zotit Berisha 4 vrasjet nga Garda në shëtitoren Dëshmorët e Kombit gjatë një proteste të opozitës një dekadë më parë si dhe ngjarje të tjera të rënda gjatë dy mandateve qeverisëse të zotit Berisha. “SPAK ka detyrimin të hetojë ish kryeministrin Berisha pas deklaratës së SHBA-ve, mikut dhe aleatit më të madh të Shqipërisë, që ndalon atë të vizitojë SHBA. Ajo deklaratë rëndon Shqipërinë, sepse Berisha ka drejtuarShqipërinë dhe SPAK duhet të vlerësojë qëndron apo nuk qëndron” - tha zoti Rama. Ish kryeministri Berisha nuk komentoi në rrjetet sociale mbi akuzat e zotit Rama ndaj tij për abuzimet me pushtetin, por shënoi në FaceBook se PS ka përhapur korrupsionin në çdo nivel të administratës shtetërore, është shndërruar në një organizatë kriminale që blen votat, përhap narkotikët, pastron paratë e dhe vjedh ekonominë e vendit. Ish kryeministri Sali Berisha dhe familja e tij u përcaktua nga SHBA si i papërshtatshëm, për shkak të korrupsionit dhe cënimit të demokracisë. Nga ana tjetër, kryeministri Rama tha se reforma në drejtësi po jep rezultate të dukshme, ndërsa SPAK po arreston deputetë e ministra, gjë që në qeverisje të mëparshme as që nuk përfytyrohej. Ai theksoi se të akuzuarit nga SPAK për shkeljet me incineratorët, ish ministri Lefter Koka, dhe ish deputeti Alqi Bllako, kanë përgjegjësi personale me drejtësinë, se kushdo tjetër që dyshohet për shkelje ligjore, duhet të marrë vet avokat për t’u mbrojtur nga akuzat penale dhe se PS nuk është zyrë avokatie e askujt. “Kushdo pjesëtar i familjes socialiste, që shkel në dërrasë të kalbur, duhet të gjejë vet avokatin, sepse Partia Socialiste nuk ofro shërbime avokatie ndaj asnjë zyrtari qendror apo vendor që shkel ligjin” - tha zoti Rama. Kryeministri Rama i bëri thirrje SPAK, që ndërsa i ka tashmë rrugët krejt të hapura për të ngritur akuza ndaj kujtdo zyrtari, ende nuk ka thirrur para drejtësisë asnjë gjyqtar apo prokuror të shkarkuar nga detyra prej procesit të vetingut, edhe pse ata haptas nuk justifikonin dot pasuritë e tyre dhe shkelje të tjera. Ai kërkoi u shpreh edhe për drejtësi proporcionale, kur renditi disa dënime për krime të papërfillshme në jetën komunitare kundrejt sic u shpreh ai shkeljeve të rënda të kryera nga ish ministra të opozitës me fondet publike dhe abuzime që njihen publikisht, por ndaj të cilëve nuk ka akuza penale, duke ngritur kështu sërish çështjen e pandëshkueshmërisë shumëvjecare së politikanëve. Opozita ndërkohë deklaroi se Kongresi i PS kulmoi sot 8 vjet mashtrime e dështime në qeverisje, varfëri për qytetarët dhe dhe skandale korrupsioni të qeveritarëve socialistë. Kryetari i grupit parlamentar të Partisë Demokratike, Enkelejd Alibeaj, shënoi në FaceBook se propaganda e socialistëve nuk mund të fshehë realitetin e hidhur të varfërisë së shqiptarëve të keqqeverisur. Sipas tij, kryeministri Rama nuk guxoi të thoshte asnjë fjalë për vjedhjen e miliona eurove të inceneratorëve nga ministrat dhe njerëzit e tij më të afërt, ndërkohë që shqiptarët ikin përditë nga vendi i tyre, ku lulëzon krimi e droga dhe ku blejnë dot ushqimet e përditshme.","SPAK, sipas tij, duhet të hetojë ish kryeministrin Berisha pas përcaktimit prej SHBA-ve për korrupsion dhe cënim të demokracisë","In Tirana, Prime Minister Edi Rama said that justice reform is yielding results, as shown by the arrest of an MP and a former minister for corruption, but called on the Special Prosecutor's Office to investigate the crimes of former Prime Minister Sali Berisha, after he was declared non grata by the USA. Mr. Rama made these comments at the Congress of the Socialist Party, where he dedicated half of his speech to the high expectations of the public after the justice reform for results against crime and corruption. In his speech, Prime Minister Rama mentioned from the years of Mr. Berisha's government, 4 killings by the Guard on the Martyrs of the Nation promenade during an opposition protest a decade ago, as well as other serious events during Mr. Berisha's two governing mandates. ""SPAK has the obligation to investigate former Prime Minister Berisha after the statement of the USA, Albania's greatest friend and ally, prohibiting him from visiting the USA. That statement burdens Albania, because Berisha has led Albania and SPAK must assess whether he stands or not"" - said Mr. Rama. Former Prime Minister Berisha did not comment on social networks on Mr. Rama's accusations against him for abuses of power, but noted on FaceBook that the SP has spread corruption at every level of the state administration, has turned into a criminal organization that buys votes, spreads narcotics, launders money and steals the country's economy. Former Prime Minister Sali Berisha and his family were designated by the US as unsuitable, due to corruption and violation of democracy. On the other hand, Prime Minister Rama said that the justice reform is giving visible results, while SPAK is arresting deputies and ministers, which was not even imagined in the previous government. He emphasized that those accused by SPAK for violations with the incinerators, former minister Lefter Koka, and former MP Alqi Blako, have personal responsibility with justice, that anyone else who is suspected of legal violations must get a lawyer himself to protect himself from criminal charges and that the SP is not anyone's law office. ""Any member of the socialist family, who steps on a rotten plank, must find a lawyer himself, because the Socialist Party does not offer advocacy services to any central or local official who violates the law"" - said Mr. Rama. Prime Minister Rama called on SPAK, which while the roads are already completely open to bring charges against any official, has not yet summoned to justice any judge or prosecutor dismissed from office by the vetting process, even though they openly could not justify their assets and other violations. He also called for proportional justice, when he listed several convictions for negligible crimes in community life against, as he said, serious violations committed by former opposition ministers with public funds and abuses that are publicly known, but against whom there are no criminal charges, thus raising again the issue of long-term impunity of politicians. The opposition, meanwhile, declared that the SP Congress today culminated 8 years of fraud and failures in governance, poverty for citizens and corruption scandals of socialist governors. The chairman of the parliamentary group of the Democratic Party, Enkelejd Alibeaj, noted on FaceBook that the propaganda of the socialists cannot hide the bitter reality of the poverty of badly governed Albanians. According to him, Prime Minister Rama did not dare to say a word about the theft of millions of euros from the incinerators by his ministers and closest people, while Albanians flee their country every day, where crime and drugs flourish and where they can buy daily food.","SPAK, according to him, should investigate former Prime Minister Berisha after being designated by the USA for corruption and violation of democracy",What did Prime Minister Edi Rama emphasize about justice reform and the role of SPAK in addressing corruption and abuses of power in Albania?,"Former Prime Minister Sali Berisha and his family were designated by the US as unsuitable, due to corruption and violation of democracy. On the other hand, Prime Minister Rama said that the justice reform is giving visible results, while SPAK is arresting deputies and ministers, which was not even imagined in the previous government. He emphasized that those accused by SPAK for violations with the incinerators, former minister Lefter Koka, and former MP Alqi Blako, have personal responsibility with justice, that anyone else who is suspected of legal violations must get a lawyer himself to protect himself from criminal charges and that the SP is not anyone's law office.",0.7594077587127686,"
In Tirana, Prime Minister Edi Rama stated that reforms in justice are yielding results, as evidenced by the arrest of a deputy and a former minister on corruption charges. However, he called on the High Prosecutorial Council (SPAK) to pursue crimes committed by the former prime minister Sali Berisha after he was declared persona non grata by the United States. Rama made these comments at the congress of the Socialist Party (PS), where he emphasized that the party had spent eight fruitless years in power, causing suffering for Albanians and scandals involving corrupt socialist officials.

The opposition, meanwhile, declared that the PS congress marked eight failed years in government, a betrayal of Albanians, and scandals of corruption among socialist officials. Enkelejd Alibeaj, chairman of the Democratic Party parliamentary group, noted on Facebook that the socialist propaganda could not erase the reality of the suffering endured by Albanians under their rule.

Rama did not address the millions of euros stolen by ministers and those close to him, while Albanians are fleeing their country due to crime, drugs, and poor-quality food. The opposition criticized the lack of transparency in the government's handling of public funds and the failure to pursue legal action against corrupt officials who have been publicly implicated but not charged.

The text also touches on the need for proportional justice, highlighting unresolved serious crimes within the community, such as the misuse of public funds by former ministers from the opposition and known abuses. These issues remain unaddressed, raising questions about the fairness and effectiveness of the political system.","
""Edi Rama Navigates Legal Reforms Amid Political Turmoil in Albania""","
Prime Minister Edi Rama emphasized that justice reforms in Albania are yielding results, citing the arrest of a deputy and former minister for corruption. He called on the High Prosecutorial Office (SPAK) to pursue charges against former Prime Minister Sali Berisha following his declaration as persona non grata by the US. These actions highlight efforts to address historical injustices and combat corruption in Albania."
"Sekretarja amerikane e Shtetit, Kondoliza Rajs, tha dje në Gjermani se çështja e Kosovës “është për momentin sfida më urgjente” e Shteteve të Bashkuara. Versioni i ri i rezolutës pëmban disa ndryshime të vogla për t’iu përgjegjur shqetësimeve të Rusisë për ruajtjen e karakterit shumetnik të Kosovës. Megjithatë ajo nuk përmban propozimin kryesor të Rusisë për negociata të reja mes shumicës shqiptare të Kosovës, që kërkon pavarësinë dhe pakicës sërbe që dëshiron të mbetet pjesë e Serbisë. Ambasadori i Rusisë në Kombet e Bashkuara, Vitali Çurkin tha se Moska nuk shikon ndryshime thelbësore nga varianti i mëparshëm. Zoti Çurkin duket se sinjalizoi se Rusia do t’i vërë vetom rezolutës kur tha se vota e vendit të tij është “më se qartë”. Ambasadori amrikan në Kombet e Bashkuara, Zalmai Khalilzad, i cili mban tani presidencën e radhës të Këshillit të Sigurimit, tha se pret që ekspertët e Këshillit të mblidhen sot për të diskutuar projektrezolutën. Ambasadori rus, Çurkin, tha se mund të dërgojë një ekspert si dëgjues. Zoti Kalilzad tha se do të donte që votimi për rezolutën të mbahej javën e ardhëshme. Mbështetësit e rezolutës, të paraqitur nga Britania e Madhe në emër të Shteteve të Bashkuara, Gjermanisë dhe anëtarëve evropianë të Këshillit të Sigurimit, thonë se duan kryerjen e veprimeve të shpejta në përputhje me dispozitat e kësaj rezolute, që do t’i jepte fund administrimit të Kosovës nga Kombet e Bashkuara brenda 120 ditësh dhe do t’ia kalonte mbikqyrjen e Kosovës Bashkimit Evropian për periudhën kalimtare deri në pavarësi të plotë. //ze//","Vendet evropiane dhe Shtetet e Bashkuara mbështesin një rezolutë të rishikuar për pavarësinë e Kosovës nën mbikqyrjen ndërkombëtare, po","US Secretary of State Condoleezza Rice said yesterday in Germany that the Kosovo issue ""is at the moment the most urgent challenge"" of the United States. The new version of the resolution contains some minor changes to respond to Russia's concerns about preserving Kosovo's multi-ethnic character. However, it does not contain Russia's main proposal for new negotiations between Kosovo's Albanian majority, which seeks independence, and the Serb minority that wants to remain part of Serbia. Russia's ambassador to the United Nations, Vitali Churkin, said Moscow does not see substantial changes from the previous variant. Mr. Çurkin appeared to signal that Russia would veto the resolution when he said his country's vote is ""more than clear."" The American ambassador to the United Nations, Zalmai Khalilzad, who now holds the rotating presidency of the Security Council, said he expects the Council's experts to meet today to discuss the draft resolution. The Russian ambassador, Churkin, said he could send an expert as a listener. Mr. Kalilzad said he would like the vote on the resolution to be held next week. Supporters of the resolution, tabled by the UK on behalf of the United States, Germany and European members of the Security Council, say they want swift action to be taken in accordance with the provisions of this resolution, which would end Kosovo's administration by the United Nations within 120 days and hand over Kosovo's oversight to the European Union for the transitional period until full independence. ze//","European countries and the United States support a revised resolution on Kosovo's independence under international supervision, yes",What are the main points of contention between Russia and the supporters of the resolution on Kosovo's independence discussed in the UN Security Council?,"The new version of the resolution contains some minor changes to respond to Russia's concerns about preserving Kosovo's multi-ethnic character. However, it does not contain Russia's main proposal for new negotiations between Kosovo's Albanian majority, which seeks independence, and the Serb minority that wants to remain part of Serbia. Russia's ambassador to the United Nations, Vitali Churkin, said Moscow does not see substantial changes from the previous variant.",0.5194211602210999,"
The U.S. Secretary of State, Condoleezza Rice, stated in Germany that the issue of Kosovo is ""the most urgent challenge"" for NATO. The new version of the resolution includes some minor changes to address Russia's concerns about preserving the multiethnic character of Kosovo. However, it does not include the main proposal from Russia for new negotiations between the majority Albanians of Kosovo, who seek independence, and the Serbian minority, which wants to remain part of Serbia. The Russian Ambassador to NATO, Vitaly Churkin, stated that Moscow will not accept significant changes compared to the previous version. Mr. Churkin seemed to signal that Russia would oppose the resolution when he said his vote was ""more clear."" Zalmay Khalilzad, the U.S. Ambassador to NATO and currently chairing the Security Committee, said he hoped experts from the committee would meet today to discuss the draft resolution. The Russian Ambassador, Churkin, stated that Russia might send an expert as an observer. Mr. Khalilzad said he intended for the vote on the resolution to take place tomorrow. Supporters of the resolution, led by Britain in the name of NATO, Germany, and other European members of the Security Committee, said they wanted swift action in line with the provisions of this resolution, which would end NATO's administration of Kosovo within 120 days and prepare Kosovo for provisional membership in the European Union until full independence. //ze//","
""Urgent Challenge of Kosovo: A UN Security Council Resolution""","
The main points of contention include Russia's opposition to the draft resolution due to its lack of a key proposal for new negotiations between Kosovo's Albanian majority and Serbia. Russia also emphasizes concerns about protecting Kosovo's multi-ethnic character, arguing that the revised resolution does not adequately address this issue. Additionally, Russia signals its intent to veto the resolution, as its ambassador has stated a firm position against it."
"Evropa po jep shenja të reja shprese lidhur me pandeminë ndërsa numri i përditshëm i personave të prekur nga koronavirusi në Spanjë, Itali e Francë po ulet. Vdekjet si pasojë e koronavirusit dhe rastet me të infektuar vazhduan të bien edhe gjatë ditës së hënën në Spanjë, megjithëse autoritetet paralajmëruan mbi një shtrembërim të mundshëm të shifrave nga një raportim më i ngadalshëm gjatë fundjavës. Ministria e shëndetësisë njoftoi 637 raste të tjera vdekjesh në 24 orët e fundit, numri më i ulët i vdekjeve në 13 ditë, ndërsa shifra totale llogaritet mbi 13 mijë që kur pandemia goditi vendin. Po kështu edhe numri i infeksioneve të reja të regjistruara ishte më i ulti në dy javë. Spitalet njoftuan se ritmi i pacientëve që vijnë në repartet e urgjencës po bie, duke i dhënë një lehtësim shumë të nevojshëm punonjësve të mjekëve e mbingarkuar. Ndërkohë Italia ka shënuar nivelet më të ulëta në numrin e viktimave të raportuar prej më shumë se dy javësh dhe trajektorja e infeksionit duket se po shkon më në fund drejt rënies. Kreu i agjencisë së Mbrojtjes Civile Angelo Borrelli, tha të dielën se ishin regjistruar 525 raste vdekjesh në një hark kohor prej 24-orësh që nga e shtuna në mbrëmje. Kjo është shifra më e ulët në vend prej 19 marsit, kur u njoftuan 427 raste vdekjesh. Por optimizmi u shua disi nga rritja e numrit të të vdekurve në Britani. Nga ana tjetër kryeministri i Britanisë Boris Johnson vazhdon të qëndrojë në krye të qeverisë pavarësisht shtrimit mbrëmë në spital. Zyra e tij tha se ky hap u morr për të qenë të kujdesshëm pas prekjes së zotit Johnson nga koronavirusi.","Spanja, Italia dhe Franca kanë regjistruar shifra më të ulta për sa i takon numrin të të prekurve nga virusi. Situata paraqitet problematike në Britani.","Europe is giving new signs of hope regarding the pandemic as the daily number of people affected by the coronavirus in Spain, Italy and France is decreasing. Deaths as a result of the coronavirus and cases of infected people continued to fall throughout the day on Monday in Spain, although authorities warned of a possible distortion of the figures by slower reporting over the weekend. The health ministry announced another 637 deaths in the last 24 hours, the lowest death toll in 13 days, while the total figure is estimated at over 13 thousand since the pandemic hit the country. Likewise, the number of new infections registered was the lowest in two weeks. Hospitals announced that the pace of patients coming to emergency departments is falling, giving much-needed relief to overwhelmed medical staff. Meanwhile, Italy has recorded its lowest levels in the number of reported victims in more than two weeks, and the trajectory of the infection seems to be finally heading downwards. The head of the Civil Protection agency, Angelo Borrelli, said on Sunday that 525 deaths had been recorded in a 24-hour period since Saturday evening. This is the lowest figure in the country since March 19, when 427 deaths were reported. But optimism was somewhat dampened by the rise in the death toll in Britain. On the other hand, British Prime Minister Boris Johnson continues to stay at the head of the government despite being hospitalized last night. His office said the step was taken to be cautious after Mr Johnson was affected by the coronavirus.","Spain, Italy and France have recorded lower figures in terms of the number of people affected by the virus. The situation is problematic in Britain.","What signs of hope are emerging in Europe regarding the coronavirus pandemic, and how do the figures differ across countries like Spain, Italy, and Britain?","Europe is giving new signs of hope regarding the pandemic as the daily number of people affected by the coronavirus in Spain, Italy and France is decreasing. Deaths as a result of the coronavirus and cases of infected people continued to fall throughout the day on Monday in Spain, although authorities warned of a possible distortion of the figures by slower reporting over the weekend. The health ministry announced another 637 deaths in the last 24 hours, the lowest death toll in 13 days, while the total figure is estimated at over 13 thousand since the pandemic hit the country.",0.5845451951026917,"
Europe is showing new concerning signs related to the pandemic, while the updated number of deaths caused by the coronavirus in Spain, Italy, and France continues to rise. Deaths linked to COVID-19 and cases of infection persist even on Thursday in Spain, despite authorities warning about a potential decrease in reported figures due to less frequent updates over the weekend. The Ministry of Health reported 637 additional deaths over the past 24 hours, marking the highest number of deaths in 13 days, while the total tally is now calculated at around 13,000 since the pandemic began. Similarly, the number of newly registered infections was also up by more than double. Hospitals reported that the influx of patients arriving at emergency rooms continues to rise, highlighting an urgent need for additional medical staff. Meanwhile, Italy has recorded its lowest levels of reported victims in over two months, and the infection trajectory appears to be nearing its peak. The head of the Civil Protection Agency, Angelo Borrelli, stated that 525 deaths were registered over a 24-hour period, marking the lowest figure since March 19, when 427 deaths were reported. However, optimism is tempered by an increase in deaths in Britain. On another note, British Prime Minister Boris Johnson remains in critical condition at the hospital following his infection with COVID-19. His wife expressed hope for his recovery after his health deteriorated due to the virus.","
Europe Battles Rising COVID-19 Death Tolls and Infections Amid Ongoing Challenges","
Europe is showing encouraging signs of hope against the coronavirus pandemic, though infection rates remain high in countries like Spain, Italy, and France. Spain has reported a decrease in daily deaths following a peak, while Italy has noted lower death tolls compared to two days prior, signaling a potential decline in cases. However, Britain has seen an increase in reported deaths as Prime Minister Boris Johnson continues his recovery from the virus."
"Më 3 shtator, Korea e Veriut njoftoi triumfalisht provën e saj më të madhe bërthamore të kryer deri më sot. Vërtetimi i këtij njoftimi u përket ekspertëve nga Organizata e Taktatit për Ndalimin e Provave Gjithpërfshirëse Bërthamore, shkurtimisht CTBTO. Organizata me qendër në Vjenë, ka më shumë se 289 stacione monitorimi në mbarë botën dhe planifikon edhe qendra të tjera. Sensorë sizmikë, hidroakustikë dhe të zërit janë në gatishmëri të përhershme për të zbuluar shenjën më të dobët të një shpërthimi bërthamor, qoftë nën tokë, në ujë apo në ajër. Detektorë si ky marrin mostra të rrymave ajrore për të zbuluar copëza të vogla bërthamore. Romano Plenteda është me Organizatën e Taktatit për Ndalimin e Provave Gjithpërfshirëse Bërthamore. Analistët kërkojnë për shenja radioaktiviteti në ajër, zakonisht në formën e gazit radioaktiv ksenon. Franziska Klingberg është specialiste me Organizatën e Taktatit për Ndalimin e Provave Gjithpërfshirëse Bërthamore. Kjo nuk është e vetmja sfidë. Për një test bërthamor në thellësi të tokës, siç mendohet rasti i Koresë së Veriut, zbulimi mund të vonohet deri sa gazet bërthamore të shpërndahen më shumë. thotë Lassina Zerbo, sekretar i përgjithshëm i organizatës. Shkencëtarët me Organizatën e Taktatit për Ndalimin e Provave Gjithpërfshirëse Bërthamore, ende nuk kanë zbuluar grimca bërthamore në ajër pas njoftimit nga Korea Veriut.","Organizata e Taktatit për Ndalimin e Provave Gjithëpërfshirëse Bërthamore, shkurtimisht CTBTO, merret me vertetimin e shpërthimeve bërthamore të nëndheshme në ujë, apo në ajër.","On September 3, North Korea triumphantly announced its largest nuclear test conducted to date. The certification of this announcement belongs to experts from the Comprehensive Nuclear Test Ban Act, CTBTO for short. The Vienna-based organization has more than 289 monitoring stations worldwide and plans other centers as well. Seismic, hydroacoustic and sound sensors are on permanent alert to detect the faintest sign of a nuclear explosion, whether underground, in water or in the air. Detectors like this take samples of air currents to detect small nuclear fragments. Romano Plenteda is with the Comprehensive Nuclear Test Ban Organization. Analysts look for signs of radioactivity in the air, usually in the form of radioactive gas xenon. Franziska Klingberg is a specialist with the Organization for the Prohibition of Comprehensive Nuclear Tests. This is not the only challenge. For a nuclear test in the depths of the earth, such as the case of North Korea, detection could be delayed until more nuclear gases are released. says Lassina Zerbo, secretary general of the organization. Scientists with the Tact Organization for the Prohibition of Comprehensive Nuclear Tests, have not yet detected nuclear particles in the air after the announcement by North Korea.","The Comprehensive Nuclear Test Ban Organization, CTBTO for short, deals with the verification of underground nuclear explosions in water, or in the air.",What methods and technologies does the Comprehensive Nuclear Test Ban Organization use to detect nuclear tests?,"The certification of this announcement belongs to experts from the Comprehensive Nuclear Test Ban Act, CTBTO for short. The Vienna-based organization has more than 289 monitoring stations worldwide and plans other centers as well. Seismic, hydroacoustic and sound sensors are on permanent alert to detect the faintest sign of a nuclear explosion, whether underground, in water or in the air.",0.717344343662262,"
On 3 September, North Korea triumphantly announced the successful conduct of its largest nuclear test to date. This claim was verified by experts from the Comprehensive Nuclear-Test-Ban Treaty Organization (CTBTO), headquartered in Vienna, which operates over 289 monitoring stations worldwide and plans additional ones. Seismic, hydroacoustic, and infrasound sensors are strategically deployed to detect even the faintest signs of a nuclear explosion, whether underground, underwater, or in the air. Such detectors capture sound waves to identify small nuclear yields. Romano Plenteda is associated with the CTBTO. Analysts seek radioactive signatures in the air, typically in the form of radioactive xenon gas. Franziska Klingberg is a specialist at the CTBTO. This is not the only challenge. Detecting an underground nuclear test, as reportedly conducted by North Korea, may take time until radioactive particles are dispersed further, said Lassina Zerbo, the organization's secretary general. However, scientists with the CTBTO have yet to detect a nuclear signature in the air following North Korea's announcement.","
""North Korea's Underground Nuclear Test Challenges Advanced Detection Systems of CTBTO.""","
The CTBTO uses seismic, hydroacoustic, and infrasound sensors to detect nuclear explosions underground, underwater, or in the air. It also employs atmospheric sampling systems to identify radioactive particles such as xenon gas released by a nuclear test. Additionally, the organization relies on radionuclide detectors to monitor air samples for traces of radioactive materials resulting from a nuclear explosion."
"Shumica e trazirave në Ukrainë ka qenë në pjesën lindore kryesisht rusisht-folëse të vendit. Por trazirat e reja ditët e fundit - dhe vrasja e 42 aktivistëve kryesisht pro-rusë, ndodhën larg në perëndim, në qytetin e Odesës. Ky është një qytet port në Detin e Zi. Materiali në vazhdim shpjegon se Odesa është i rëndësishëm si për Ukrainën dhe Rusinë, për arsye të ndryshme. Odesa ndodhet në jugperëndim të Ukrainës dhe me 1 milionë banorët e tij, është qyteti i tretë më i madh i vendit. Ai është rreth 700 kilometra larg nga luftimet që po zhvillohene mes forcave ukrainase dhe grupeve të armatosura pro-ruse në qytetet në rajonet lindore. Por Odessa tërhoqi vëmendjen e botës të premten, kur përleshjet në rrugë çuan në vrasjen e aktivistëve pro-rusë dhe të djelën kur protestuesit hynë me force në stacionin policor të qytetit dhe liruan disa nga demonstruesit anti-ukrainas që ishin arrestuar dy ditë më parë. Të hënën, qeveria e Kievit dërgoi një njësi të policisë speciale për të ulur dhunën pasi arriti në përfundimin se policia në Odesë nuk ishte në gjendje, ose I mungonte vullneti për të kontrollonte trazirat. Një ekspert i ish republikave sovjetike në Universitetin New Hampshire, profesori i shkencave politike Lionel Ingram, i tha Zërit të Amerikës se Odesa është e një rëndësie kritike, si për Ukrainën edhe për Rusinë. Por profesori Ingram thotë se në qytet mund të shpërthejë dhuna, nëse qeveria e Ukrainës e humbet kontrollin. Analisti Mark Schrad në Universitetin Villanova në Pensilvani thotë se mund të mos jetë e lehtë për Odesën të ruajë paqen pas përleshjeve të ditëve të fundit. Përveç kësaj, thotë ai, dhuna në Odesë mund të arrijë në Trans-Dniester, një rrip i ngushtë territori në Moldavi, më në perëndim, që kërkon të bëhet pjesë e Rusisë, edhe pse bota në përgjithësi nuk e njeh këtë synim të tyre. Ai thotë se dhuna në Odesë mund të inkurajojë grupet pro-ruse të fillojnë trazira edhe në qytete të tjera, edhe aty ku ato janë në pakicë.",Dhuna në Odesë mund të çojë në më shumë trazira,"Most of the unrest in Ukraine has been in the mostly Russian-speaking eastern part of the country. But new unrest in recent days - and the killing of 42 mostly pro-Russian activists, took place far in the west, in the city of Odessa. This is a port city on the Black Sea. The following material explains that Odessa is important for both Ukraine and Russia, for various reasons. Odesa is located in the southwest of Ukraine and with its 1 million inhabitants, it is the country's third-largest city. It is about 700 kilometers away from the fighting that is taking place between Ukrainian forces and pro-Russian armed groups in cities in the eastern regions. But Odessa caught the world's attention on Friday, when street clashes led to the killing of pro-Russian activists, and on Sunday when protesters forcibly entered the city's police station and freed some of the anti-Ukrainian demonstrators who had been arrested two days earlier. On Monday, the Kiev government sent a special police unit to reduce the violence after concluding that police in Odessa were unable to, or lacked the will to, control the unrest. An expert on former Soviet republics at the University of New Hampshire, political science professor Lionel Ingram, told VOA that Odessa is of critical importance, both for Ukraine and for Russia. But Professor Ingram says violence could break out in the city if the Ukrainian government loses control. Analyst Mark Schrad at Villanova University in Pennsylvania says it may not be easy for Odessa to maintain peace after the clashes of recent days. In addition, he says, the violence in Odessa could reach Trans-Dniester, a narrow strip of territory in Moldova, further west, that seeks to become part of Russia, even though the world in general does not recognize this goal of theirs. He says the violence in Odessa could encourage pro-Russian groups to start riots in other cities as well, even where they are in the minority.",Violence in Odessa could lead to more unrest,"Why is Odessa considered important for both Ukraine and Russia, and what recent events have drawn attention to the city?","The following material explains that Odessa is important for both Ukraine and Russia, for various reasons. Odesa is located in the southwest of Ukraine and with its 1 million inhabitants, it is the country's third-largest city. It is about 700 kilometers away from the fighting that is taking place between Ukrainian forces and pro-Russian armed groups in cities in the eastern regions.",0.6158187985420227,"
The pro-Russian sentiment has been particularly strong in Odessa, Ukraine, especially in recent days - with the killing of 42 activists primarily associated with pro-Russian groups occurring far from the frontlines, in the city of Odessa. This is a port city on the Black Sea. The following material explains why Odessa is significant for both Ukraine and Russia, for different reasons. Odessa is located in southern Ukraine and, with its population of about one million, it is the third-largest city in the country. It is approximately 700 kilometers away from the fighting taking place between Ukrainian forces and pro-Russian armed groups in cities along the eastern front. However, Odessa captured global attention when clashes occurred on the streets leading to the deaths of pro-Russian activists and later, when protesters stormed a police station in the city, freeing some anti-Ukrainian demonstrators who had been arrested two days earlier. On Thursday, the government in Kiev sent a special police unit to restore order after determining that the police in Odessa were unable or lacked the resources to control the situation. Lionel Ingram, an expert on Soviet republics at the University of New Hampshire and a professor of political science, told *The New York Times* that Odessa is critically important for both Ukraine and Russia. However, Professor Ingram said that the city could spiral out of control if the Ukrainian government loses control there. Mark Schrad, an analyst at Villanova University in Pennsylvania, stated that it may not be easy for Odessa to maintain calm after recent clashes. Additionally, he said that the turmoil in Odessa could spread to Trans-Dniester, a breakaway region in Moldova further west, which seeks to become part of Russia, even though the international community does not recognize its independence. He noted that the unrest in Odessa could encourage pro-Russian groups to initiate protests elsewhere, even in areas where they are less numerous.","
""Odessa: A Strategic Port City at the Crossroads of Ukrainian and Russian Influence.""","
Odessa is crucial for both Ukraine and Russia due to its strategic port location on the Black Sea, significant cultural heritage, and historical ties, making it vital for trade and regional influence. Recent attention stems from violent clashes in Odessa, including the deaths of 42 pro-Russian activists and protesters breaching a police station to free detained anti-Ukraine demonstrators. The Ukrainian government sent special forces to restore order, raising concerns about potential instability and escalation in the region."
"Ministrat e jashtëm të 100 vendeve iu bashkuan sot të mbijetuarve nga masakrat në kisha, xhami dhe sinagoga, për të bërë thirrje për tolerancë dhe respekt për lirinë fetare dhe pluralizmin fetar në mbarë botën. Korrespondetja e Zërit të Amerikës, Cindy Saine, njofton nga Departamenti i Shtetit. Sekretari amerikan i Shtetit, Mike Pompeo, dhe ambasadori amerikan për Lirinë Fetare, Sam Brownback, thanë se samiti për lirinë fetare synon të bashkojë njerëzit e besimeve të ndryshme që po përballen me persekutimin fetar dhe sulmet vdekjeprurëse ndaj objekteve fetare. , tha Sekretari amerikan i Shtetit Mike Pompeo. Të mbijetuarit e persekutimit fetar dhe sulmeve të kohëve të fundit dhanë dëshmitë e tyre të fuqishme, përfshirë Nadia Murad, nga popullsia jazide dhe ish-e burgosur e Shtetit Islamik në Irakun verior. , tha Nadia Murad, laureate e çmimit Nobel. Yamini Ravidran i mbijetoi sulmit me armë gjatë Pashkëve të këtij viti në kishat e krishtera në Sri Lanka. , thotë zonja Ravidran. Farid Ahmed i mbijetoi sulmit ndaj xhamisë në Christchurch të Zelandës së Re. Por, bashkëshortja e tij u vra ndërsa përpiqej ta shtynte karrigen e tij me rrota drejt daljes. Ai thotë se besimi i tij e mëson që ai ta falë vrasësin. (sulmuesi) , thotë Farid Ahmed, i mbijetuar i sulmit ndaj xhamisë në Zelandën e Re. Të mbijetuarit thanë se tragjeditë kanë ndihmuar njerëz nga besime të ndryshme që të bashkohen përballë urrejtjes dhe fanatizmit.",Ministrat e jashtëm të mbi 100 vendeve u mblodhën në Departamentin e Shtetit për të dëgjuar dëshmitë e të mbijetuarve të persekutimit dhe sulmeve fetare,"Foreign ministers from 100 countries joined survivors of massacres in churches, mosques and synagogues today to call for tolerance and respect for religious freedom and religious pluralism around the world. VOA correspondent Cindy Saine reports from the State Department. US Secretary of State Mike Pompeo and US Ambassador for Religious Freedom Sam Brownback said the summit on religious freedom aims to unite people of different faiths who are facing religious persecution and deadly attacks on religious facilities. , said US Secretary of State Mike Pompeo. Survivors of religious persecution and recent attacks gave their powerful testimonies, including Nadia Murad, from the Yazidi population and former Islamic State prisoner in northern Iraq. , said Nadia Murad, Nobel Prize laureate. Yamini Ravidran survived the gun attack during Easter this year on Christian churches in Sri Lanka. , says Ms. Ravidran. Farid Ahmed survived the attack on the mosque in Christchurch, New Zealand. But, his wife was killed while trying to push his wheelchair towards the exit. He says that his faith teaches him to forgive the killer. (the attacker), says Farid Ahmed, a survivor of the mosque attack in New Zealand. Survivors said the tragedies have helped people from different faiths unite in the face of hatred and bigotry.",Foreign ministers from over 100 countries gathered at the State Department to hear testimonies from survivors of persecution and religious attacks,What was the purpose of the summit on religious freedom attended by foreign ministers and survivors of religious persecution?,"Foreign ministers from 100 countries joined survivors of massacres in churches, mosques and synagogues today to call for tolerance and respect for religious freedom and religious pluralism around the world. VOA correspondent Cindy Saine reports from the State Department. US Secretary of State Mike Pompeo and US Ambassador for Religious Freedom Sam Brownback said the summit on religious freedom aims to unite people of different faiths who are facing religious persecution and deadly attacks on religious facilities. , said US Secretary of State Mike Pompeo.",0.846881091594696,"
The foreign ministers of 100 countries, along with survivors of religious massacres from churches, mosques, and synagogues, gathered today to call for tolerance and respect for religious freedom and diversity worldwide. Correspondent Cindy Saine of *The New York Times* reports from the State Department. U.S. Secretary of State Mike Pompeo and Ambassador at Large for International Religious Freedom Sam Brownback stated that the religious freedom summit aimed to bring together people of different faiths who are facing religious persecution and attacks against their places of worship. ""This is about bringing together people of different faiths who are under attack,"" said U.S. Secretary of State Mike Pompeo. The survivors of religious persecution and recent attacks expressed their strong messages, including Nadia Murad, a member of the Yazidi community and survivor of ISIS enslavement in northern Iraq. ""The world must act to protect vulnerable communities from such atrocities,"" said Nadia Murad, Nobel laureate. Yamini Ravidran survived the Easter Sunday attacks at Christian churches in Sri Lanka this year. ""We need unity against extremism,"" said Yamini Ravidran. Farid Ahmed survived the mosque attack in Christchurch, New Zealand. However, his car was hit by a truck as he tried to drive away from the scene. He said his faith teaches him to forgive. ""I believe in forgiveness,"" said Farid Ahmed, survivor of the Christchurch mosque attack. The survivors said that these tragedies have helped people of different faiths come together against hatred and extremism.","
""Unity Across Faiths: Promoting Global Tolerance and Religious Freedom Through Interfaith Solidarity.""","
The summit on religious freedom, attended by foreign ministers and survivors of religious persecution, aimed to raise awareness about the importance of tolerance and respect for religious freedom worldwide. Survivors shared their experiences of persecution and genocides to highlight the ongoing challenges faced by people of different faiths. The event sought to unite individuals from diverse beliefs in standing against discrimination and extremism."
"Shteti perëndimor i Kalifornisë njihet për zjarret spontane që mund përhapen shpejt, duke dalë nga kontrolli dhe këtë vit stina e zjarreve ka qenë jashtëzakonisht e ngarkuar. Për shkak të këtyre rreziqeve, ky shtet ka disa nga zjarrfikësit më me përvojë të kësaj industrie. Në ndalimin e zjarreve angazhohen edhe të burgosurit. Elizabeth Lee njofton nga Kalifornia e Jugut: Secili prej këtyre burrave është i dënuar për një krim. Por ata e kalojnë pjesën më të madhe të ditës jashtë mureve të burgut dhe u besohen mjete që mund të jenë edhe vdekjeprurëse... Të burgosur të fuqishëm fizikisht pa histori krimesh të dhunshme, mund të punojnë si zjarrfikës, ndërsa kryejnë dënimin. Louie Oroco, që është dënuar për vjedhje, vendosi të marrë pjesë në ekipin që punon me zjarrfikësit. Për dekada me radhë, Kalifornia i ka angazhuar zjarrfikësit që të luftojnë me flakët: të pastrojnë shkurret, për të mos lejuar përhapjen e zjarreve spontane. Por kjo nuk është puna e vetme që ata bëjnë, thotë kapiteni Mike Mohler, i Departmentit të Pyjeve dhe Mbrojtjes nga Zjarret. Më tepër se 4 mijë të burgosur të Kalifornisë janë angazhuar në përpjekjet për të shuajtur zjarret. Kapiteni Kevin Krauss mbikqyr të burgosurit zjarrfikës prej 7 Kapiteni Krauss thotë se shumica e të burgosurve qëndrojnë, duke zgjedhur një punë të vështirë dhe shpesh të rrezikshme, në vend që të rrinë brenda në burg. Të burgosurit po ashtu marrin një pagesë të vogël për punën që bëjnë. Fillimisht ata përdoreshin si krah i lirë pune. Por me kalimin e viteve, programi ka avancuar. Tani ky program përpiqet të rehabilitojë të burgosurit dhe t’i ndihmojë ata të zhvillojnë aftësitë e tyre, përtej përleshjes me flakët për shuarjen e zjarreve. Orozco thotë se është shumë i moshuar për të vazhduar të luftojë me zjarret, kur të lirohet nga burgu, pas 6 muajsh. Ai ka në plan të përdorë aftësitë e tij në fushën e grafikës, që ai i mësoi këtu, për të filluar një jetë të re, tani që ka luftuar me zjarret, ai mund të përballojë edhe sfida të tjera...të jetës jashtë kangjellave prej hekuri.","Në Kaliforni të burgosurit bëhen pjesë e ekipeve të zjarrfikësve, aftësohen për jetën jashtë burgut","The western state of California is known for spontaneous fires that can spread quickly, getting out of control, and this year the fire season has been extremely busy. Because of these hazards, this state has some of the most experienced firefighters in this industry. Prisoners are also engaged in stopping the fires. Elizabeth Lee announces from Southern California: Each of these men is convicted of a crime. But they spend most of the day outside the prison walls and are entrusted with tools that can even be deadly... Physically strong prisoners with no history of violent crimes can work as firefighters while serving their sentence. Louie Oroco, who has been convicted of theft, decided to participate in the team working with firefighters. For decades, California has engaged firefighters to fight the flames: clear the bushes, to prevent spontaneous fires from spreading. But that's not the only job they do, says Capt. Mike Mohler, of the Department of Forestry and Fire Protection. More than 4 thousand California prisoners have been engaged in efforts to extinguish the fires. Captain Kevin Krauss supervises 7 fire inmates Captain Krauss says most inmates stay, choosing a difficult and often dangerous job, rather than staying inside the prison. Prisoners also receive a small payment for the work they do. Initially, they were used as a free labor force. But over the years, the program has advanced. Now this program tries to rehabilitate prisoners and help them develop their skills, beyond fighting flames to extinguish fires. Orozco says he is too old to continue fighting fires when he is released from prison after 6 months. He plans to use his skills in the field of graphics, which he learned here, to start a new life, now that he has fought the fires, he can also face other challenges... of life outside the iron railings.","In California, inmates become part of fire teams, trained for life outside prison","How does California involve prisoners in firefighting efforts, and what benefits do they gain from the program?","More than 4 thousand California prisoners have been engaged in efforts to extinguish the fires. Captain Kevin Krauss supervises 7 fire inmates Captain Krauss says most inmates stay, choosing a difficult and often dangerous job, rather than staying inside the prison. Prisoners also receive a small payment for the work they do.",0.6786104440689087,"
The state of California is known for its unique spontaneous fires that can quickly escape control. This year has been unusually dry, making the fire season more severe than usual. Due to these risks, California has some of the most experienced firefighters in this industry. Even prisoners are involved in fire suppression efforts. Elizabeth Lee from Southern California reports: ""Each of these individuals has a criminal record. However, they spend most of their day outside prison walls and handle equipment that could be lethal... Strong physically fit inmates with no violent history can work as firefighters while serving their sentences."" Louie Oroco, who was sentenced for robbery, decided to join the team working with firefighters. For decades, California has assigned prisoners to fight fires: clearing brush to prevent spontaneous fires from spreading. But this isn't the only job they do, according to Captain Mike Mohler of the Department of Forestry and Fire Protection. More than 4,000 California prisoners are involved in fire suppression efforts. Captain Kevin Krauss, a firefighter captain, says most inmates choose this challenging and dangerous work over staying inside prison. Prisoners receive very low pay for their work. Initially, they were considered slave labor. But over the years, the program has evolved. Now, it aims to rehabilitate prisoners and help them develop skills, especially in brush clearance to prevent fires. Orozco said he was exhausted after six months of fighting fires upon release from prison. He plans to use his graphic design skills, which he learned here, to start a new life. After dealing with fires, he can now face other challenges... of life outside the confines of confinement.","
""California's Wildfires: The Role of Inmate Firefighters in Combating Blazes and Seeking Redemption.""","
California involves prisoners in firefighting efforts by employing eligible inmates as firefighters who help suppress wildfires and clear brush to prevent future outbreaks. The program provides inmates with job training, rehabilitation opportunities, and skills development to aid their reintegration into society. Participation also offers personal growth and a chance for inmates to build a new life after incarceration."
"Një studim i ri, arrin në përfundimin se gratë politikane po përdorin gjithnjë e më shumë median sociale për të komunikuar drejtpërdrejt me audiencat e tyre, duke kompensuar për mangësitë e pasqyrimit të aktivitetit të tyre në mediat tradicionale. Por megjithë përfitimet, kjo metodë komunikimi është një thikë me dy presa, pasi ato vihen më shpesh se politikanët meshkuj në shënjestër të sulmeve verbale dhe llogarive të rreme në rrjetet sociale. Kolegia Keida Kostreci njofton. Dhe senatorja republikane nga Tenesi, Marsha Blackburn, i bëri thirrje publikut në Twitter që të ruajë të dhënat e veta personale. Ato janë pjesë e një prirjeje mes politikaneve gra që të komunikojnë drejtpërdrejt me votuesit, në mungesën e një qasjeje të balancuar tek mediat tradicionale. Një tregon se gratë politikane, në Shtetet e Bashkuara dhe vende të tjera, po zgjedhin gjithnjë e më shumë median sociale. Lucina Di Meco, autore e raportit“#AjoTriumfoi: Gratë, Politika&Pushteti në Botën e Medias të re”, i tha Zërit të Amerikës, se ato po përdorin median sociale për të përforcuar imazhin dhe mesazhin e tyre. Mbështetur në 88 intervista me gra politikane nga 33 vende, studimi i zonjës Di Meco, tregon se pavarësisht nga mjedisi toksik, kandidatet femra shpesh kanë qenë në gjendje të përdorin rrjetet sociale Twitter dhe Facebook, për të nxitur ambiciet e tyre politike. Crystal Patterson, Menaxhere e Partneritetit për Marrëdhëniet Globale me Publikun tek rrjeti social Facebook, thotë se kjo është e vetmja mënyrë për të mos u varur te dikush tjetër për të hartuar mesazhin. Christine Matthews, një konsulente për opinionin publik, i tha Zërit të Amerikës se suksesi varet gjithashtu nga personi. Anëtarja e Kongresit, Alexandra Ocasio-Cortez, nga Nju Jorku, e pasqyron këtë. Ajo përgatiti duke i kërkuar audiencës së saj në Twitter t’i dërgonte pyetje. Por për politikanet femra, përdorimi i medias sociale është një thikë me dy presa. Zonja Matthews thotë se të gjithë kandidatët — dhe veçanërisht gratë— duhet të kenë një plan për t’iu përgjigjur negativitetit në internet, para se të fillojnë fushatën. Facebook dhe Twitter dhe organizata të tjera jofitimprurëse po ofrojnë trajnime për gratë politikane, që të mund të zgjerojnë ndikimin e tyre dhe të mbrojnë veten nga sulmet dhe llogaritë e rreme sociale. Grave kandidate u është thënë shpesh që të mos reagojnë me të njëjtën monedhë, por zonja Di Meco thotë se në fakt një studim tregon se popullariteti i tyre rritet, kur e bëjnë një gjë të tillë. Por megjithë mjedisin toksik për kandidatet, raporti i Di Mecos lë të kuptohet se zgjidhja nuk është tërheqja, por përcjellja e mesazhit se gratë kanë vendin e tyre, si në politikë ashtu edhe në platformat që zgjedhin për të komunikuar me votuesit.","Një studim i ri arrin në përfundimin se kandidatet gra përfitojnë nga komunikimi i drejtpërdrejtë, por vihen më shpesh në shënjestër se politikanët burra","A new study concludes that women politicians are increasingly using social media to communicate directly with their audiences, compensating for the shortcomings of reflecting their activity in traditional media. But despite the benefits, this method of communication is a double-edged sword, as they are more often targeted by verbal attacks and fake social media accounts than male politicians. Colleague Keida Kostreci reports. And Republican Senator from Tennessee, Marsha Blackburn, called on the public on Twitter to retain her personal data. They are part of a trend among women politicians to communicate directly with voters, in the absence of a balanced approach to traditional media. One shows that women politicians, in the United States and other countries, are increasingly opting for social media. Lucina Di Meco, author of the report ""#AjoTriumfoi: Women, Politics & Power in the World of New Media,"" told VOA that they are using social media to amplify their image and message. Based on 88 interviews with women politicians from 33 countries, Ms. Di Meco's study shows that despite the toxic environment, female candidates have often been able to use the social networks Twitter and Facebook to further their political ambitions. Crystal Patterson, Partnership Manager for Global Public Relations at the social network Facebook, says that this is the only way not to depend on someone else to craft the message. Christine Matthews, a public opinion consultant, told VOA that success also depends on the person. Congresswoman Alexandra Ocasio-Cortez, from New York, reflects this. She prepared by asking her audience on Twitter to send her questions. But for female politicians, the use of social media is a double-edged sword. Ms. Matthews says all candidates — and especially women — should have a plan in place to respond to online negativity before they can start campaigning. Facebook and Twitter and other non-profit organizations are offering training for women politicians so they can expand their influence and protect themselves from attacks and fake social accounts. Women candidates have often been told not to react with the same currency, but Ms. Di Meco says that in fact a study shows that their popularity increases when they do so. But despite the toxic environment for candidates, Di Meco's report suggests that the solution is not to withdraw, but to convey the message that women have their place, both in politics and on the platforms they choose to communicate with voters.",A new study concludes that female candidates benefit from direct communication but are targeted more often than male politicians,What challenges and benefits do women politicians face when using social media to communicate directly with their audiences?,"A new study concludes that women politicians are increasingly using social media to communicate directly with their audiences, compensating for the shortcomings of reflecting their activity in traditional media. But despite the benefits, this method of communication is a double-edged sword, as they are more often targeted by verbal attacks and fake social media accounts than male politicians. Colleague Keida Kostreci reports.",0.6757765412330627,"
A recent study reveals that female politicians are increasingly using social media to communicate directly with their audiences, compensating for the lack of coverage in traditional media. However, despite the benefits, this method of communication is a double-edged sword, as women politicians often face harsh verbal attacks and mean comments online. Keida Kostreci College reports. Tennessee Republican Senator Marsha Blackburn also urged the public on Twitter to protect their personal data. These are part of a trend among female politicians to communicate directly with voters in the absence of balanced coverage in traditional media. A report shows that political women, both in the United States and elsewhere, are increasingly choosing social media. Lucina Di Meco, author of the report ""#AjoTriumfoi: Women, Politics & Power in the New Media World,"" told Zëri i Amerikës that they use social media to strengthen their image and message. Based on 88 interviews with female politicians from 33 countries, Di Meco's study highlights how, despite the toxic environment, female candidates often use platforms like Twitter and Facebook to pursue their political ambitions. Crystal Patterson, Manager of Global Public Partnerships at Facebook, stated that this is the only way to communicate in a unique manner. The study also notes the challenges faced by women politicians, such as online harassment and toxic environments on platforms like Twitter and Facebook. The text emphasizes how female politicians navigate these challenges, balancing the advantages and pitfalls they encounter.

Lucina Di Meco’s report titled “#AjoTriumfoi: Women, Politics & Power in the New Media World” should be accurately translated into English while preserving its original significance. Phrases like ""një thikë me dy presa"" translate to ""a double-edged sword,"" a common idiom in English.

Proper handling of quotes and references is essential, ensuring clarity and accuracy. The formal tone of the original text is maintained throughout the translation, with careful attention to cultural nuances and technical terms related to politics and social media. Finally, the translation is proofread for clarity, grammar, and consistency.","
""Female Politicians Navigate Social Media's Double-Edged Sword for Direct Voter Communication""","
Women politicians face challenges such as increased verbal abuse and online harassment when using social media, which they encounter more frequently than male counterparts. Despite these risks, platforms like Twitter and Facebook allow them to bypass traditional media biases and directly communicate their messages to voters. While the toxic environment can hinder success, strategic use of social media helps women politicians amplify their voices and connect with audiences effectively."
"Çështja e martesave mes personave të të njëjtit seks ka ndarë shumë vende evropiane, përfshirë Britaninë - ku si mbështetësit ashtu edhe kundërshtarët janë duke ndjekur nga afër zhvillimet në Gjykatën e Lartë amerikane. Kryepeshkopi i ri i Kantërberit, Justin Welby, u kurorëzua muajin e kaluar. Tashmë kreu i ri i Kishës Anglikane është në mesin e debatit të stuhishëm mbi martesat e homoseksualëve. Një ish-kryepeshkop i Kantërberit, Lordi Carey, e rindezi debatin gjatë fundjavës së Pashkëve, duke e akuzuar kryeministrin britanik se i është përulur “sekularizmit agresiv” me mbështetjen e tij për martesat e të njëjtit seks. Grupet e të drejtave të homoseksualëve e kritikuan ndërhyrjen e Lordit Carey. Por komentet e ish-kryepeshkopit ishin në kohën e duhur, thotë Canon Chris Sugden i organizatës Anglican Mainstream. Kreu i ri i Kishës Katolike, Papa Françesku, ka folur në të kaluarën kundër martesave të të njëjtit seks. Tetë vende evropiane i njohin këto martesa dhe shumë të tjera po debatojnë për ligje të ngjashme. Teresa Pires u martua me partneren e saj ditën kur Portugalia, një vend kryesisht katolik, nënshkroi ligjin për martesat e homoseksualve, më 7 qershor të vitit 2010. Debati mbi martesat e homoseksualëve e ka ndarë Francën. Demonstruesit pro dhe kundër tyre kanë tërhequr muajt e fundit mijëra vetë në rrugë. Frédéric Navarro i grupit për të drejtat e homoseksualëve “Act Up Paris” thotë se ligji është tepër i vonuar. Në qershor, Gjykata e Lartë amerikane pritet të vendosë mbi një ligj që e përcakton martesën si një lidhje mes një burri dhe një gruaje. Canon Sugden thotë se Evropa po e ndjek çështjen me vëmendje. Zoti Sugden parashikon se debati mund të ketë edhe ndikime politike, ndërsa përkrahësit tradicionalë të partisë konservatore po e tërheqin mbështetjen e tyre për kryeministrin David Cameron.",Evropa po ndjek me vëmendje debatin në Shtetet e Bashkuara për martesat mes personave të të njëjtit seks,"The issue of same-sex marriage has divided many European countries, including Britain - where both supporters and opponents are closely following developments in the US Supreme Court. Canterbury's new archbishop, Justin Welby, was crowned last month. Now the new head of the Anglican Church is in the midst of a stormy debate over gay marriage. A former archbishop of Canterbury, Lord Carey, reignited the debate over the Easter weekend, accusing the British prime minister of bowing to ""aggressive secularism"" with his support for same-sex marriage. Gay rights groups criticized Lord Carey's intervention. But the former archbishop's comments were timely, says Chris Sugden of the Anglican Mainstream organisation. The new head of the Catholic Church, Pope Francis, has spoken out in the past against same-sex marriage. Eight European countries recognize these marriages and many others are debating similar laws. Teresa Pires married her partner on the day Portugal, a predominantly Catholic country, signed the law on gay marriage, on June 7, 2010. The debate over gay marriage has divided France. Demonstrators for and against them have drawn thousands of people to the streets in recent months. Frédéric Navarro of the gay rights group Act Up Paris says the law is too late. In June, the U.S. Supreme Court is expected to rule on a law that defines marriage as a bond between a man and a woman. Canon Sugden says Europe is following the issue closely. Mr. Sugden predicts that the debate could also have political impacts, while traditional supporters of the Conservative party are withdrawing their support for Prime Minister David Cameron.",Europe is closely following the debate in the United States on same-sex marriage,How has the debate over same-sex marriage impacted political and religious leaders in Europe and the US?,"The new head of the Catholic Church, Pope Francis, has spoken out in the past against same-sex marriage. Eight European countries recognize these marriages and many others are debating similar laws. Teresa Pires married her partner on the day Portugal, a predominantly Catholic country, signed the law on gay marriage, on June 7, 2010.",0.3514002561569214,"
The debate over same-sex marriage between individuals of the same sex has divided many European countries, including Britain—where both supporters and opponents are closely following developments at the U.S. Supreme Court. The new Archbishop of Canterbury, Justin Welby, was consecrated last month. Now, the new head of the Anglican Church is in the midst of a heated debate over same-sex marriages. A former Archbishop of Canterbury, Lord Carey, raised the issue during his Easter sermon, accusing the British prime minister of being seduced by “aggressive secularism” due to his support for same-sex marriage. LGBTQ+ rights groups criticized Lord Carey's involvement. However, the comments from the former archbishop were timely, said Canon Chris Sugden of the Anglican Mainstream organization. The new head of the Catholic Church, Pope Francis, has recently spoken out against same-sex marriages. Eight European countries currently recognize such unions, and many others are debating similar laws. Teresa Pires married her partner on the day Portugal, a predominantly Catholic country, legalized same-sex marriage on July 7, 2010. The debate over same-sex marriage has also divided France. Proponents and opponents have held thousands of demonstrations in recent months. Frédéric Navarro of the LGBTQ+ rights group “Act Up Paris” said the law is too restrictive. In June, the U.S. Supreme Court was expected to rule on a law that defines marriage as a union between a man and a woman. Canon Sugden stated that Europe is grappling with this issue with difficulty. According to Rev. Sugden, the debate could also have political implications, while traditional supporters of the conservative party continue to rally behind Prime Minister David Cameron.","
""The Clash Between Tradition and Modernity in the Same-Sex Marriage Debate Across Europe""","
The debate over same-sex marriage has divided political and religious leaders in Europe and the US, with some supporting it while others oppose it vehemently. Religious leaders like Justin Welby and Pope Francis have taken strong stances, while political figures face challenges from traditional supporters who feel betrayed by their policies on the issue. The legal recognition of same-sex marriage in several European countries reflects broader societal shifts, even as debates continue to influence both religious and political landscapes."
"Policia greke thotë se ka arrestuar 4 figura kryesore të grupit terrorist 17 nëntori. Shefi i policisë, Fotis Nassiakos tha sot në një konferencë shtypi në Athinë se tre prej tyre kanë pranuar se kanë pasur gisht në një numër sulmesh terroriste dhe ndaj tyre do të ngrihen sot zyrtarisht akuzat për veprimtari terroriste. Ai tha se policia ka ndaluar një tjetër të dyshuar, i cili besohet të jetë udhëheqësi i grupit 17 nëntori. Arrestimet bëhen mëse një javë pasi autoritetet greke me ndihmën e agjentëve amerikanë e britanikë bastisën një strehim të fshehtë të këtij grupi në Athinë. Grupi 17 Nëntori mendohet se ka lidhje me 23 vrasje që nga viti 1975, duke përfshirë edhe vrasje të zyrtarëve amerikanë dhe britanikë në Greqi. Kjo është arritja më e madhe e policisë greke në 27 vjet, që pas themelimit të grupit 17 nëntori. Emri i organizatës përkujton datën 17 nëntor, 1973 kur u organizua një revoltë studentore kundër juntës ushtarake që kishte pushtetin në atë kohë. Ky grup u bë fillimisht i njohur në vitin 1975, kur mori përgjegjësinë për vrasjen e shefit të zyrës së CIA-s në Athinë. Që nga ajo kohë, grupi 17 nëntori ka vrarë diplomatë amerikanë, britanikë dhe turq si dhe biznesmenë e politikanë grekë. Kjo organizatë ka kryer edhe sulme me bomba dhe raketa si dhe ka grabitur banka. Shefi i policisë greke Fotis Nassiakos tha sot në një konferencë shtypi në Athinë se një ndër personat e kapur, i quajtur Vassilis Xiros, pranoi se ka marrë pjesë në atentatin e ushtarakut Stephen Saunders, atashe ushtarak i Britanisë së Madhe në Greqi, në qershor të vitit 2000. Zoti Sanders ishte personi i fundit që u vra nga ky grup. Zoti Nassiakos thotë se vëllai i Vassilis Xiros pohoi se ka marrë pjesë në nëntë sulme nga viti 1984 deri në vitin 1992. Ndër viktimat e sulmeve përfshihen Kapiteni William Nordeen, atashe i Marinës Amerikane në vitin 1988, si dhe reshteri i forcave ajrore amerikane Ronald Steward në vitin 1991. Ai thotë se një person i tretë pohoi se ka marrë pjesë në një numër sulmesh me bomba si dhe grabitje. Policia tha se një person që u arrestua dje në Ishullin Lipsi të Egjeut është një ndër organizatorët e grupit 17 nëntori. Ai është identifikuar si Alexandros Giotopoulos, një profesor ekonomie i lindur në Francë. I dyshuari është afër të 60-ave dhe babai i tij ishte një ndër pasuesit e sovjetikut Leon Trocki. Policia greke është kritikuar më parë se nuk kishte arritur të arrestonte ndonjë prej anëtarëve të grupit, pavarësisht nga sulmet e tyre terroriste. Por diplomatët thonë se Greqia duket që po bën përpjekje për ta shkatërruar këtë organizatë, ndërkohë që përgatitet për Lojrat Olimpike Verore të cilat do të zhvillohen në këtë vend në vitin 2004.",Tre prej 4 personave të arrestuar kanë pranuar pjesmarrjen në sulme terroriste,"The Greek police say that they have arrested 4 main figures of the terrorist group November 17. The chief of police, Fotis Nassiakos, said today at a press conference in Athens that three of them have admitted to having a hand in a number of terrorist attacks and they will be officially charged with terrorist activities today. He said police have detained another suspect, who is believed to be the leader of the November 17 group. The arrests come more than a week after the Greek authorities, with the help of American and British agents, raided a secret shelter of this group in Athens. The November 17 group is thought to be linked to 23 murders since 1975, including killings of American and British officials in Greece. This is the biggest achievement of the Greek police in 27 years, since the establishment of the group on November 17. The name of the organization commemorates November 17, 1973 when a student revolt was organized against the military junta that was in power at the time. This group first became known in 1975, when it claimed responsibility for the murder of the head of the CIA office in Athens. Since then, the November 17 group has killed American, British and Turkish diplomats as well as Greek businessmen and politicians. This organization has also carried out bomb and missile attacks and robbed banks. Greek police chief Fotis Nassiakos said today at a press conference in Athens that one of the captured persons, named Vassilis Xiros, admitted to participating in the assassination of military officer Stephen Saunders, Britain's military attaché in Greece, in June 2000. Mr. Sanders was the last person to be killed by this group. Mr. Nassiakos says that Vassilis Giro's brother claimed to have participated in nine attacks from 1984 to 1992. Among the victims of the attacks are Captain William Nordeen, U.S. Navy attaché in 1988, as well as U.S. Air Force sergeant Ronald Steward in 1991. He says that a third person claimed to have participated in a number of bomb attacks as well as robberies. Police said that a person who was arrested yesterday on the Aegean island of Lipsi is one of the organizers of the November 17 group. He has been identified as Alexandros Giotopoulos, a French-born economics professor. The suspect is in his late 60s and his father was one of the followers of Soviet Leon Trotsky. Greek police have previously been criticized for failing to arrest any of the group's members, despite their terrorist attacks. But diplomats say Greece appears to be making efforts to destroy the organization as it prepares for the Summer Olympics to be held in the country in 2004.",Three of the 4 people arrested have admitted to participating in terrorist attacks,"Who are the key figures arrested in connection with the November 17 terrorist group, and what are their alleged roles in the group's activities?","Police said that a person who was arrested yesterday on the Aegean island of Lipsi is one of the organizers of the November 17 group. He has been identified as Alexandros Giotopoulos, a French-born economics professor. The suspect is in his late 60s and his father was one of the followers of Soviet Leon Trotsky.",0.6259815096855164,"
The Greek police have announced the arrest of four key members of the terrorist group 17 Nëntori. Speaking at a press conference in Athens today, Police Chief Fotis Nassiakos stated that three of those arrested have confessed to involvement in multiple terrorist attacks and that charges for terrorist activities will be brought against them immediately. He also mentioned that the police have disrupted another planned operation, believed to involve an accomplice of the 17 Nëntori group. The arrests come just a day after Greek authorities, with the assistance of American and British agents, dismantled the network of this group in Athens. 

The group 17 Nëntori is suspected of being linked to 23 attacks since 1975, including the assassinations of American and British officials in Greece. This represents the largest achievement by Greek police in 27 years since the establishment of the 17 Nëntori group. The name of the organization refers to November 17, 1973, when a student uprising took place against the military junta ruling the country at that time. The group first gained notoriety in 1975 with the assassination of CIA station chief Richard Welch in Athens. Since then, 17 Nëntori has assassinated American, British, and Turkish diplomats as well as Greek businessmen and politicians. 

The organization has also carried out bomb attacks and kidnappings, including the hijacking of a bank. Speaking at today's press conference in Athens, Greek Police Chief Fotis Nassiakos stated that one of those arrested, named Vassilis Xiros, confessed to involvement in the assassination of British Army Captain Stephen Saunders in Greece in June 2000. Saunders was the last known victim of this group. 

Nassiakos also revealed that Xiros confessed to participating in nine attacks between 1984 and 1992. Among the victims of these attacks were U.S. Marine Captain William Nordeen in 1988, and U.S. Air Force Sergeant Ronald Steward in 1991. He also stated that a third person confessed to involvement in several bomb attacks and abductions. 

The police revealed that one of those arrested earlier in the city of Alexandria, Egypt, is an organizer of the 17 Nëntori group. He has been identified as Alexandros Giotopoulos, an economist born in France. The suspect is believed to be in his early 60s, and his father was a participant in the November 1973 uprising against the military junta. 

The police operation comes as Greece prepares to host the 2004 Winter Olympics, with efforts underway to dismantle this terrorist organization.","
""Major Arrests of Key Figures in the Notorious Greek Terrorist Group November 17th Unveiled by Authorities""","
Four key figures were arrested in connection with the November 17 terrorist group, including Vassilis Xiros, who confessed to involvement in several attacks, such as the assassination of British Major Stephen Saunders in 2000. Alexandros Giotopoulos, a professor born in France and identified as an organizer, was also arrested, along with another individual linked to bombings and robberies. A fourth arrestee, whose identity is not specified, was apprehended in Libya and accused of ties to the group's activities."
"Në vitin 1996, Elissa Montanti, ish infermiere, takoi një diplomat boshnjak në një program për grumbullim fondesh. Ajo e pyeti ç’mund të bënte për të ndihmuar Bosnjen. Ai i tregoi asaj letrën e një djali, Kenan Malkiç, i cili kishte shkelur një minë toke lurr ishte 10 vjeç dhe kishte humbur të dyja krahët dhe një këmbë. Në letrën e tij ai kërkonte dikë këdo që mund ta ndihmonte. Elissa Montanti filloi të telefononte mjekë dhe spitale në kërkim të një shërbimi falas për Kenanin. Ajo e solli atë që të jetonte bashkë me të në Nju Jork për të mundësuar vënien e protezës në Spitalin e fëmijve Shriners, në Filadelfia. Ky ishte vetëm fillim për të dy. Ajo e quajti organizatën e saj Fondi Global për Ndihmë Mjekësore dhe filloi të sjellë fëmijë të tjerë në Shtetet e Bashkuara për ndihmë --- fëmijë nga Afrika, Azia, Lindja e Mesme, Amerika Latine dhe Evropa – disa të lindur me difekte, të tjerë të plagosur në luftëra ose në aksidente. Ermina dhe Jasmine, dy vizitorët e fundit janë boshnjake. Jasmine ka humbur një këmbë në një aksident kur ishte pesë vjeç. Ermina ka lindur me krahun e majtë të pazhvilluar. Ashtu si fëmijët e tjerë të ndihmuar nga ky fondacion, ata dhe nënat e tyre qëndrojnë në dhomat e dhuruara nga shoqata e banesave Mount Manresa në Staten Island të Nju Jorkut. Ata duhet të kthehen çdo vit ose dy për të rregulluar protezën në Spitalin Shriners ku shërbimet për ta jepen falas. Montanti i rregullon të gjitha me ndihmën e Kenan Malkiçit dhe disa vullnetarëve të tjerë. Por ajo thotë se çmimi i biletave të avionëve, ushqimit dhe vizave e bëjnë çdo gjë një betejë konstante për të mbajtur fondacionin. Fondi i Montantit mbështetet në pjesën më të madhe nga grante të vogla. Ajo thotë se shumica e organizatave që japin grante të mëdha nuk janë të interesuar në fondacione si ky. Kenan Malkiç jeton me zonjën Montanti dhe bashkëshortin e saj dhe është student në kolegj. Ai thotë se ajo është si nëna e tij e dytë dhe dëshiron të qëndrojë në Amerikë për ta ndihmuar atë në misionin e saj. Deri tani, Fondi Global për Ndihmë Mjekësore ka ndihmuar fëmijë nga Iraku, Pakistani, Nepali, Indonezia, Nigeri, Sierra Leone, Liberia, Bosnja, Meksika, Salvadori dhe 15 nga zona e Nju Jorkut. //kk//","Fondi Global për Ndihmë Mjekësore ka ndihmuar fëmijë nga Iraku, Pakistani, Nepali, Indonezia, Nigeri, Sierra Leone, Liberia, Bosnja, Me","In 1996, Elissa Montanti, a former nurse, met a Bosnian diplomat at a fundraising programme. She asked him what he could do to help Bosnia. He showed her the letter of a boy, Kenan Malkic, who had stepped on a landmine when he was 10 years old and had lost both arms and a leg. In his letter he was looking for someone who could help him. Elissa Montanti began calling doctors and hospitals looking for a free service for Kenan. She brought him to live with him in New York to enable the prosthesis to be placed at the Shriners Children's Hospital, in Philadelphia. This was just the beginning for both of them. She called her organization the Global Fund for Medical Assistance and began bringing other children to the United States for help --- children from Africa, Asia, the Middle East, Latin America, and Europe — some born with defects, others injured in wars or in accidents. Ermina and Jasmine, the last two visitors are Bosniaks. Jasmine lost a leg in an accident when she was five years old. Ermina was born with an underdeveloped left arm. Like the other children helped by this foundation, they and their mothers stay in rooms donated by the Mount Manresa housing association on Staten Island, New York. They have to come back every year or two to have the prosthesis fixed at Shriners Hospital where services for it are provided free of charge. Montant arranges it all with the help of Kenan Malkic and several other volunteers. But she says the price of plane tickets, food and visas make everything a constant battle to keep the foundation going. Montant's fund is largely supported by small grants. She says that most organizations that give large grants are not interested in foundations like this. Kenan Malkic lives with Ms Montanti and her husband and is a student at the college. He says that she is like his second mother and wants to stay in America to help him in her mission. So far, the Global Fund for Medical Assistance has helped children from Iraq, Pakistan, Nepal, Indonesia, Nigeria, Sierra Leone, Liberia, Bosnia, Mexico, El Salvador and 15 from the New York area. kk//","The Global Medical Aid Fund has helped children from Iraq, Pakistan, Nepal, Indonesia, Nigeria, Sierra Leone, Liberia, Bosnia, Mexico, Mexico, Mex","What inspired Elissa Montanti to start the Global Fund for Medical Assistance, and how does the organization help children in need?","She called her organization the Global Fund for Medical Assistance and began bringing other children to the United States for help --- children from Africa, Asia, the Middle East, Latin America, and Europe — some born with defects, others injured in wars or in accidents. Ermina and Jasmine, the last two visitors are Bosniaks. Jasmine lost a leg in an accident when she was five years old.",0.5818886756896973,"
In 1996, Elissa Montanti, then a nurse, met a Bosnian diplomat at a charity fundraising event. She asked what could be done to help Bosnia. He showed her a letter from a young boy named Kenan Malkič, who had stepped on a landmine at the age of 10 and lost both legs and an arm. In his letter, he pleaded for anything that could help. Elissa Montanti began calling doctors and hospitals in search of free medical care for Kenan. She convinced him to join her in New York to facilitate the prosthetics fitting at Shriners Children's Hospital in Philadelphia. This was just the beginning for both. She contacted her organization, the Global Medical Assistance Foundation, and started bringing other children to the United States for help—children from Africa, Asia, the Middle East, Latin America, and Europe—some born with defects, others injured in wars or accidents. Ermina and Jasmine, two recent visitors, are Bosnian. Jasmine lost an arm in an accident when she was five. Ermina was born without a left arm. Like the other children helped by this foundation, they and their families stay at Mount Manresa Guest House in Staten Island, New York. They must return every year or two to have the prosthetics adjusted at Shriners Hospital where the services are provided for free. Montanti coordinates everything with the help of Kenan Malkič and some volunteers. However, she said that the cost of plane tickets, food, and visas makes this a constant challenge to keep the foundation running. The Montanti Foundation is largely supported by small grants. She said that most organizations providing large grants are not interested in foundations like hers. Kenan Malkič lives with the Montanti family and their son and is a college student. He said she is like his second mother and wants to stay in America to help her with her mission. So far, the Global Medical Assistance Foundation has helped children from Iraq, Pakistan, Nepal, Indonesia, Nigeria, Sierra Leone, Liberia, Bosnia, Mexico, El Salvador, and 15 from New York City.","
""Elissa Montanti: A Nurse’s Journey to Global Medical Assistance for Children Across Borders""","
Elissa Montanti was inspired to start the Global Fund for Medical Assistance after meeting a Bosnian diplomat who showed her a letter from a 10-year-old boy named Kenan Malkiç, who had lost both arms and a leg in a mine explosion. She helped arrange free treatment for Kenan at a U.S. hospital, which led to the creation of the fund. The organization now helps children globally by providing access to specialized medical care for those with severe injuries or birth defects, often due to conflict or accidents."
"Little Richard, i vetëquajturi arkitekt i rock ‘n’ rollit, zëri i mprehtë i të cilit, pianoja buçitëse dhe modeli pompadour i fryrë i flokëve, transformuan rrënjësisht muzikën pop dhe i cili prezantoi muzikën e zezë R&B tek Amerika e bardhë, vdiq të shtunën nga kanceri në kockë. Ai ishte 87 vjeç. Pastori Bill Minson, një mik i afërt i Little Richard's, konfirmoi se Little Richard vdiq të shtunën në mëngjes. Vdekjen e konfirmoi edhe i biri, Danny Jones Penniman. Bill Sobel, avokat i Little Richard’s për mbi tre dekada tha se këngëtari vdiq në shtëpinë e tij në Tullahoma, Tennessee. Lindur Richard Penniman, Little Richard ishte një nga themeluesit e rock ‘n’ roll-it, që kontribuoi në eliminimin e ndarjes sipas ngjyrës në hitet muzikore dhe së bashku me Chuck Berry-in dhe Fats Domino, e futi atë që ishte quajtur “muzikë racore” në rrymën qendrore të muzikës. Intrepretimi i tij hiperkinetik në piano, kombinuar me vokalin e tij të të veçantë që arrinte nota mjaft të larta, si edhe stili i veçantë i flokëve, e ktheu atë në një sensacion të pazakontë: një njeri me ngjyrë, gay, të cilin e donin në gjithë Amerikën në kohën e stilit konservator të Ajzenhauerit. Ai bënte për vete admirues të bardhë dhe të zinj, në një kohë kur pjesë të Shtetee Bashkuara ishin ende të ndara në vija racore. Në kulmin e karrierës së tij, në vitet 1950 dhe fillimin e viteve ‘60s - Richard e sundonte pianon dhe këndonte këngë si “Long Tall Sally” dhe “Lucille.” Ai shiti më shumë se 30 milionë disqe në gjithë botën dhe ndikimi i tij tek muzikantët e tjerë, ishte i jashtëzakonshëm, që nga Beatles dhe Otis Redding, deri tek Creedence Clearwater Revival dhe David Bowie. Në jetën e tij personale, ai alternonte mes ekzagjerimit dhe fesë, duke përqafuar njëkohësisht Biblën dhe një sjellje dhe pamje ekstravagante, me rimel dhe kostume të shndritshme.","Lindur Richard Penniman, Little Richard ishte një nga themeluesit e rock ‘n’ roll-it, që kontribuoi në eliminimin e ndarjes sipas ngjyrës në muzikën amerikane","Little Richard, the self-proclaimed architect of rock 'n' roll, whose sharp voice, soaring piano and puffy hair pompadour model radically transformed pop music and who introduced black R&B music to white America, died on Saturday of bone cancer. He was 87 years old. Pastor Bill Minson, a close friend of Little Richard's, confirmed that Little Richard died on Saturday morning. The death was also confirmed by his son, Danny Jones Penniman. Bill Sobel, Little Richard's attorney for over three decades said the singer died at his home in Tullahoma, Tennessee. Born Richard Penniman, Little Richard was one of the founders of rock 'n' roll, who contributed to the elimination of color segregation in musical hits and, along with Chuck Berry and Fats Domino, introduced what had been called ""racial music"" into the mainstream of music. His hyperkinetic piano performance, combined with his distinctive vocals reaching quite high notes, as well as his distinctive hairstyle, turned him into an unusual sensation: a black, gay man who was loved all over America in the time of Eisenhower's conservative style. He made himself white and black admirers, at a time when parts of the United States were still divided along racial lines. At the height of his career, in the 1950s and early '60s – Richard commanded the piano and sang songs like ""Long Tall Sally"" and ""Lucille."" He sold more than 30 million records worldwide and his influence on other musicians was immense, from the Beatles and Otis Redding, to Creedence Clearwater Revival and David Bowie. In his personal life, he alternated between exaggeration and religion, simultaneously embracing the Bible and an extravagant demeanor and appearance, with eyeshadow and bright suits.","Born Richard Penniman, Little Richard was one of the founders of rock 'n' roll, which contributed to the elimination of color segregation in American music",What impact did Little Richard have on the music industry and racial integration in America?,"Born Richard Penniman, Little Richard was one of the founders of rock 'n' roll, who contributed to the elimination of color segregation in musical hits and, along with Chuck Berry and Fats Domino, introduced what had been called ""racial music"" into the mainstream of music. His hyperkinetic piano performance, combined with his distinctive vocals reaching quite high notes, as well as his distinctive hairstyle, turned him into an unusual sensation: a black, gay man who was loved all over America in the time of Eisenhower's conservative style. He made himself white and black admirers, at a time when parts of the United States were still divided along racial lines.",0.8568511605262756,"
Little Richard, the architect of rock 'n' roll, with his electrifying voice, rhythmic piano playing, and iconic pompadour hairstyle, profoundly transformed pop music and introduced R&B to mainstream America. He passed away due to cancer at the age of 87. Pastor Bill Minson, a close friend of Little Richard's, confirmed that he died in his sleep. The death was also confirmed by his brother, Danny Jones Penniman. Bill Sobel, Little Richard’s attorney for over three decades, stated that the musician passed away at his home in Tullahoma, Tennessee. Born as Richard Penniman, Little Richard was one of the pioneers of rock 'n' roll, contributing to the breaking down of racial barriers in music and, alongside Chuck Berry and Fats Domino, bringing what was once called “race music” into the mainstream. His hyperkinetic piano playing combined with his distinctive voice, capable of reaching high notes, along with his flamboyant style, made him a sensation: a black, gay man adored across America during the conservative era of Eisenhower. He became an idol to both white and African American audiences at a time when parts of the United States were still racially divided. At the height of his career in the 1950s and early 1960s, Little Richard played the piano and sang songs like “Long Tall Sally” and “Lucille.” He sold over 30 million records worldwide, and his influence on other musicians was extraordinary, ranging from The Beatles and Otis Redding to Creedence Clearwater Revival and David Bowie. In his personal life, he alternated between extravagance and simplicity, embracing both the Bible and an opulent lifestyle filled with sequins and elaborate costumes.","
""Little Richard: The Revolutionary Force Behind Breaking Racial Barriers in Rock 'N' Roll""","
Little Richard was a trailblazer in shaping the music industry by popularizing rock 'n' roll and breaking down racial barriers through his influential performances. His dynamic piano style, powerful voice, and flamboyant stage presence made him a cultural icon, defying stereotypes of race and identity. He played a pivotal role in bridging divides between black and white audiences during America's racially divided 1950s."
"Drejtoresha e Përgjithshme e Organizatës Botërore të Shëndetësisë dhe udhëheqësit e tre vendeve të Afrikës Perëndimore të prekur nga ebola kanë nisur një plan emergjence prej 100 milion dollarësh, për të luftuar sëmundjen vdekjeprurëse. Plani është pjesë e një fushate të intensifikuar ndërkombëtare, rajonale dhe kombëtare për të vënë nën kontroll sëmundjen vdekjeprurëse. Shifrat e fundit nga Organizata Botërore e Shëndetsisë tregojnë se janë 1,323 raste të konfirmuara dhe të dyshuara, duke përfshirë 729 të vdekur në Guine, Liberi dhe Sierra Leone që nga marsi i këtij viti. Organizata Botërore e Shëndetsisë thotë se përhapja e sëmundjes së ebolës në këto përpmasa është një ngjarje e pashembullt. Ebola ka një periudhë inkubacioni prej dy deri në 21 ditësh. Ajo përhapet nëpërmjet kontaktit me gjakun apo lëngjet trupore të një personi të infektuar. Nuk ka kurë për sëmundjen dhe shkalla e vdekjes nga arrin deri në 90 për qind. Por, zyrtarët e shëndetësisë theksojnë se njerëzit që kërkojnë trajtim sa më të shpejtë pas shfaqjes së simpotomave kanë një shans më të mirë të mbijetojnë. Simptomat e para janë si ato të gripit dhe mund të rezultojnë në hemorragji nga pjesë të të jashtme të trupit si sytë dhe mishi i dhëmbëve, dhe në hemorragji të brendshme e cila mund të rezultojë në dështimin e organeve. Rreth dy mijë e katërqind vullnetarë nga Federata Ndërkombëtare e Kryqit të Kuq kanë punuar në tre vendet e infektuara që kur filloi kriza epidemike e ebolës. Por sipas mjekut Max Gertler të organizatës Mjekët pa Kufi, ka disa arsye që e bëjnë trajtimin e ebolës të vështirë. Udhëheqësit e vendeve të Afrikës perëndimore fillimisht ishin të ngadaltë në përgjigjen e tyre ndaj përhapjes së sëmundjes. Tani ata po marrin masa të jashtëzakonshme për ta kontrolluar atë. Liberia ka mbyllur shkollat, dhe ka urdhëruar punonjësit jo-të domosdoshëm publikë për të mos shkuar në punë dhe mbylli kufijtë e saj. Sierra Leone ka deklaruar gjendje të jashtëzakonshme dhe thirri trupat që të vënë në karantinë të prekurit nga ebola. Megjithatë nevojitet më shumë se këto masa për të kontrolluar sëmundjen. Por, shumë qendra shëndetësore të komuniteteve nuk kanë qasje në energji elektrike. Kjo do të thotë se nuk ka frigoriferë që të ruajnë në mënyrë të sigurtë vaksinat ose ilaçet nga temperaturat e larta. Ka gjithashtu një mungesë të qendrave të testimit. Për shembull, vetëm dy qendra ndodhen në lindje të Sierra Leones. Njëra është drejtuar nga Ministria e Shëndetësisë dhe tjetra nga Mjekët pa Kufi. Disa njerëzve mund t’i duhet të udhëtojnë qindra kilometra për të arritur atje dhe pastaj të presin dy ose tre ditë për rezultatet. Ishte gjatë kësaj periudhe pritjeje që familjet tërhoqën pacientët nga institucionet shëndetësore. Ndërsa vendet e Afrikës perëndimore po luftojnë epideminë e sëmundjes vdekjeprurëse, mjeku Max Gertler nënvizon se vetëm më shumë ndihma mund ta mposhtin epideminë e ebolës.",Një mjek i organizatës “Doktorët pa Kufi” shpjegon se duhen më shumë ndihma për të mposhtur sëmundjen e ebolës,"The Director-General of the World Health Organization and the leaders of the three West African countries affected by Ebola have launched a $100 million emergency plan to fight the deadly disease. The plan is part of an intensified international, regional and national campaign to bring the deadly disease under control. The latest figures from the World Health Organization show that there are 1,323 confirmed and suspected cases, including 729 deaths in Guinea, Liberia and Sierra Leone since March this year. The World Health Organization says that the spread of Ebola disease on this scale is an unprecedented event. Ebola has an incubation period of two to 21 days. It is spread through contact with the blood or bodily fluids of an infected person. There is no cure for the disease, and the death rate from reaches up to 90 percent. But, health officials emphasize that people who seek treatment as soon as possible after the onset of symptoms have a better chance of surviving. The first symptoms are like those of the flu and can result in bleeding from external parts of the body such as the eyes and gums, and internal bleeding which can result in organ failure. About two thousand four hundred volunteers from the International Federation of the Red Cross have been working in the three infected countries since the Ebola epidemic crisis began. But according to doctor Max Gertler of the organization Doctors Without Borders, there are several reasons that make Ebola treatment difficult. Leaders of West African countries were initially slow in their response to the spread of the disease. Now they are taking extraordinary measures to control it. Liberia has closed schools, ordered non-essential public employees not to go to work, and closed its borders. Sierra Leone has declared a state of emergency and called on troops to quarantine those affected by Ebola. However, more than these measures are needed to control the disease. But, many community health centers do not have access to electricity. This means that there are no refrigerators to safely store vaccines or medicines from high temperatures. There is also a shortage of testing centers. For example, only two centers are located in the east of Sierra Leone. One is run by the Ministry of Health and the other by Doctors Without Borders. Some people may have to travel hundreds of kilometers to get there and then wait two or three days for the results. It was during this waiting period that families attracted patients from health institutions. As West African countries are battling the epidemic of the deadly disease, doctor Max Gertler underlines that only more aid can defeat the Ebola epidemic.",A doctor from Doctors Without Borders explains that more help is needed to beat the Ebola disease,"What measures have been taken by West African countries to control the spread of Ebola, and what challenges are they facing in implementing these measures?","Leaders of West African countries were initially slow in their response to the spread of the disease. Now they are taking extraordinary measures to control it. Liberia has closed schools, ordered non-essential public employees not to go to work, and closed its borders.",0.6018753051757812,"
The World Health Organization (WHO) and the leaders of three West African countries affected by Ebola have launched a $100 million emergency plan to combat the deadly disease. This plan is part of an intensified international, regional, and national response aimed at controlling the outbreak. The latest figures from the WHO indicate 1,323 confirmed and probable cases, including 759 deaths as of March this year. The virus has spread rapidly across Guinea, Liberia, and Sierra Leone, overwhelming local health systems.

Ebola is transmitted through direct contact with bodily fluids of infected individuals or contaminated objects. It has a high fatality rate, with no cure or vaccine currently available. Symptoms include fever, severe headache, muscle pain, vomiting, diarrhea, and internal bleeding, often leading to death within days.

The WHO has declared the outbreak an international public health emergency, urging global cooperation to contain it. International organizations like Doctors Without Borders (MSF) are working tirelessly on the ground, but resources remain insufficient. The lack of testing centers and medical supplies exacerbates challenges in controlling the spread.

Despite efforts to enforce quarantines and raise awareness, fear and mistrust among affected communities persist. Families sometimes keep sick relatives at home rather than seeking treatment, worsening the situation. The psychological impact on survivors and healthcare workers is profound, with many experiencing trauma and stigma.

The WHO has called for increased international aid, emphasizing the need for a coordinated global response to prevent further spread and save lives.","
""Global Health Organizations Launch $100 Million Emergency Plan Against Ebola in Guinea, Liberia, and Sierra Leone.""","
West African countries have implemented measures such as quarantines, border closures, and a $100 million emergency plan to combat Ebola, while also enhancing international collaboration for containment. Challenges include limited healthcare infrastructure, with rural centers lacking electricity for vaccine storage, and insufficient testing facilities delaying diagnosis and treatment. Initial slow governmental responses and the spread of misinformation further complicated efforts to control the outbreak."
"Në asnjë vend tjetër më shumë se sa në tregun fermer, një sasi e madhe ushqimi groposet çdo ditë, madje edhe pa arritur destinacionin dhe konsumatorin. Në orën pesë të mëngjesit, një kompani që i ka vënë vetes si mision të ofrojë në treg ushqime organike me çmime të arsyeshme, e lejon kamerën të xhirojë praktikat e saj miqësore për mjedisin. Di Di Digbi, pronarja e kompanisë Destiny Organics, blen dhe shpërndan prodhime ushqimore të fermerëve të zonës që nuk janë të modifikuara gjenetikisht. Kompania grumbullon gjithë ushqimin që do të ishte groposur dhe e çon në qendrat e përpunimit dhe më pas ia kthen prodhuesit për ta përdorur si pleh, duke mbylluar kështu ciklin e prodhimit. Në praktikën e saj, kjo kompani shkon përtej blerjes dhe shitjes prodhimeve organike. Ajo ka një program riciklimi për të gjitha ambalazhet prej kartoni, plastike apo metali që përdoren në praktikën e punës së përditëshme. Mike Digbi, menaxher e prodhimit, shpjegon organizmin e kompanisë drejt prirjeve të gjelbra. Destiny Organicsndjek praktikat e gjelbra në çdo linjë prodhimi, nga furnizimi i kamionëve të transportit me bio-dizel, 20 % a të cilit vjen nga dhjami i pulave të fermave të Xhorxhias deri tek përpunimi i mbeturinave si fertilizatorë. Këtu, tepricat ushqimore si kungujt, kastravecat, specat, kolza, patatet, karrotat, misri, asparagu, vezët, mishi, frutat, qumështi, mielli dhe kafeja dërgohen çdo ditë në qendrat e përpunimit për t’u kthyer në fertilizator për fermerët e zonës.Cheryl Wilson, e cila punon këtu, thotë se ky është modeli i një biznesi të gjelbër. Pronarët e kompanive e bëjnë riciklimin filozofi të biznesit të tyre dhe në rajonin juglindor të Shteteve të Bashkuara, ata po i edukojnë shitësit dhe konsumatorët të kuptojnë rëndësinë e bujqësisë lokale, të qendrueshme dhe organike, sepse ruajtja e mjedisit natyral është mënyra për të garantuar jetën e brezave të ardhshëm.","Kompania ndjek praktikat e gjelbra në çdo fazë, nga furnizimi i kamionëve të transportit me bio-dizel tek përpunimi i mbeturinave","In no other country more than in the farmer's market, a large amount of food is buried every day, even without reaching the destination and the consumer. At five o'clock in the morning, a company that has made it its mission to offer organic food to the market at reasonable prices, allows the camera to shoot its eco-friendly practices. Di Di Digbi, the owner of the company Destiny Organics, buys and distributes food products from local farmers that are not genetically modified. The company collects all the food that would have been buried and takes it to processing centers and then returns it to the manufacturer to use as fertilizer, thus closing the production cycle. In its practice, this company goes beyond buying and selling organic products. It has a recycling program for all cardboard, plastic or metal packaging that is used in daily work practice. Mike Digbi, production manager, explains the company's organization towards green trends. Destiny Organics follows green practices across every production line, from supplying transportation trucks with bio-diesel, 20% of which comes from the fat of Georgia farm chickens to processing waste as fertilizers. Here, food surpluses such as pumpkins, cucumbers, peppers, rapeseed, potatoes, carrots, corn, asparagus, eggs, meat, fruits, milk, flour and coffee are sent daily to processing centers to be turned into fertilizer for farmers in the area. Cheryl Wilson, who works here, says this is the model of a green business. Company owners make recycling their business philosophy, and in the southeastern region of the United States, they are educating sellers and consumers to understand the importance of local, sustainable, and organic agriculture because preserving the natural environment is the way to guarantee the lives of future generations.","The company follows green practices at every stage, from supplying bio-diesel transport trucks to waste processing",How does Destiny Organics contribute to sustainability and green practices in the agricultural industry?,"Destiny Organics follows green practices across every production line, from supplying transportation trucks with bio-diesel, 20% of which comes from the fat of Georgia farm chickens to processing waste as fertilizers. Here, food surpluses such as pumpkins, cucumbers, peppers, rapeseed, potatoes, carrots, corn, asparagus, eggs, meat, fruits, milk, flour and coffee are sent daily to processing centers to be turned into fertilizer for farmers in the area. Cheryl Wilson, who works here, says this is the model of a green business.",0.7644838094711304,"
In no other place more than in marketplaces, large amounts of food go to waste every day, perhaps even without reaching their intended destination or consumer. At five o'clock in the evening, a company that has taken on the mission of offering organic food at affordable prices in the market allows its camera to showcase its sustainable practices for the media. Di Di Digby, the founder of Destiny Organics, collects and distributes organic food products from local farmers who do not use genetically modified organisms. The company gathers all surplus food that would otherwise be wasted and transports it to processing centers, later returning it to producers to be used as compost, thus closing the production cycle. In its practices, this company goes beyond mere buying and selling of organic products. It has a recycling program for all packaging materials made of cardboard, plastic, or metal used in its daily operations.

Mike Digby, the operations manager, explains the organization’s green principles. Destiny Organics follows sustainable practices at every stage of production, from sourcing transport trucks fueled by bio-diesel (20% of which comes from sunflower oil produced by farmers in the Xhorxhia region) to processing waste into fertilizers. Here, vegetables such as onions, cauliflower, spinach, cabbage, potatoes, carrots, beets, asparagus, beans, and fruits like apples, pears, and coffee are sent daily to processing centers to be converted back into fertilizers for local farmers.

Cheryl Wilson, who works here, says this is the model of a green business. Company founders make recycling the philosophy of their business, and in the southeastern region of the United States, they are educating buyers and consumers about the importance of local, seasonal, and organic products because protecting the natural environment is the way to ensure life for future generations.","
""Sustainable Practices in Organic Farming: A Circular Economy Approach""","
Destiny Organics supports sustainable agriculture by sourcing organic produce directly from local farmers who use non-genetically modified crops. The company implements a recycling program for packaging materials such as cardboard, plastic, and metal, reducing waste in their operations. Additionally, they convert leftover food into fertilizers, closing the production loop and promoting eco-friendly practices throughout their supply chain."
"Intervistë me zotin Veton Surroi, themelues i lëvizjes Ora. Zoti Surroi, me çfarë platforme po del lëvizja juaj në këto zgjedhje? Ne kemi një platformë të transformimit të Kosovës brenda një periudhe jo më të gjatë se 12 muaj, në të cilën do të përpiqemi të vendosim shtetin e së drejtës, të fillojmë një cikël investimesh prej 300 milion eurosh, që do të hapë vende të reja pune, për menaxhim të plotë të rrjedhave ekonomike në Kosovë. Ne kemi një platformë të transformimit të Kosovës në një shtet demokratik me një sovranitet të brendshëm. Çështja e statusit natyrisht do të mbetet çështje e hapur brenda një përgjigjeje negociatore me bashkësinë ndërkombëtare. Zoti Surroi, shpesh në programin Ditari ju keni komentuar dhe bërë vërejtje për mënyrën si janë trajtuar problemet në Kosovë. Çfarë synoni ju të ndryshoni? Unë mendoj se së pari duhet vendosur një bosht kurrizor ligjor në Kosovë; duhet të bëhet unifikimi i të gjitha ligjeve në një sistem ligjor kosovar. Së dyti, duhen marrë përsipër kompetencat që janë të drejta të fituara të Kosovës, pra që nuk janë të negociueshme, siç janë banka qendrore, ministritë e ndryshme, përfshirë edhe atë të tregtisë etj. Dhe së treti, duhet rikonstituar politika, në mënyrë që ajo të vihet në shërbim të qytetarëve dhe jo të jetë pjesë e negociatave mes UNMIK-ut dhe forcave të ndryshme politike. Zoti Surroi, një nga problemet kryesore që lidhet me zgjedhjet është pjesëmarrja e komunitetit serb. Beogradi, të paktën një pjesë e politikanëve, u bënë thirrje banorëve serbë të marrin pjesë në votime, ndonëse me kushte, që pala shqiptare menjëherë i hodhi poshtë. Udhëheqësit shqiptarë janë kritikuar dhe prej tyre kërkohet krijimi i një shoqërie funksionale shumë etnike. A po e humbet Kosova betejën për krijimin e një shoqërie të tillë? Dhe çfarë ofron lëvizja juaj për përmirësimin e gjendjes së banorëve serbë, si një prej standarteve kryesore? Unë mendoj se shoqëria kosovare deri tani ka humbur betejën në sferën politike për sigurimin e kushteve të nevojshme për shumicën, le të mos flasim për pakicën. Dhe ajo që është esenciale, është se pakica nuk mund të jetë mirë, nëse shumica nuk është mirë. Në Kosovë duhet ndryshuar tërësisht dhe me masa të shpejta mënyra se si udhëhiqet vendi. Ne duhet të sigurohemi që ky vend të jetë funksional, dhe brenda një vendi funksional natyrisht që duhet hapur një debat i sinqertë me minoritetet, në mënyrë që të sigurohet inkuadrimi i tyre. Kjo formë nuk do t’i sigurojë Beogradit as të drejtat e serbëve dhe as nuk do të lejojë hapjen e dialogut mes kosovarëve shqiptarë dhe kosovarëve serbë. Kjo thjesht do të të krijojë mundësi që Beogradi të përfshihet në mënyrë të përhershme në procesin e konsolidimit e kostituimit të Kosovës si shtet. Zoti Surroi, ju jeni një lëvizje e re, e krijuar vetëm disa muaj më parë, që do të konkuroni ndaj disa partive që kanë një përvojë disa vjeçare. Cilat janë synimet tuaja për këto zgjedhje, a synoni të merrni shumicën, apo të përfaqësoheni në parlament, dhe përse banorët duhet të votojnë për lëvizjen tuaj? Së pari, ajo që duhet të bëjmë është të mos përsërisim gabimet që kanë bërë partitë e deritanishme, të cilat janë marrë kryesisht me debate boshe gjatë këtyre viteve të kaluara. Ne premtojnë se do të futemi drejt për së drejti në çështje që janë themelore për funskionimin e kësaj shoqërie, si për shembull çështjet e punësimit, cikli i investimeve, transformimi rrënjësor i bujqësisë, stimulimi i ekspertëve kosovar etj. Ne po flasim për vende të reja pune të cilat dalin nga ky cikël i transformimit ekonomik të Kosovës. Dhe kjo nuk do të thotë një shtet iluzor, por një vend i cili brenda vitit 2006 duhet të ketë kushtetutën e vet dhe jo siç ka ndodhur deri tani me këto parti të cilat e kanë degraduar pozitën kushtetuese dhe ligjore të Kosovës me anë të kornizës kushtetuese dhe me një mungesë vizioni të arsyeshëm të zhvillimit ligjor, ekonomik e të tjera të Kosovës. Edhe një pyetje e fundit, lëvizja Ora merr pjesë në zgjedhje si një lëvizje qytetare, madje edhe ju vetë nuk quheni kryetar i saj por bartës i listës zgjedhore. A mundet të jetë një lëvizje qytetare më e aftë se një parti politike për të zgjidhur problemet e Kosovës? Po kjo është forcë politike vetvetiu, pavarësisht se nuk quhet parti. Atë që ne kemi deri tani është përvoja e debatit, dhe qytetarët gjithnjë e më shumë kanë filluar të besojnë dhe të kuptojnë se cili është thelbi i porosisë tonë. Ne kemi zhvilluar debat me bujqit, me bankat, me studentët etj., dhe nga këto debate rrjedh një program efikas i transformimit të Kosovës në shtet. Ne me këto programe dhe këtë përkrahje, që po grumbullojmë dita ditës, besoj se do të jemi në gjendje të formojmë një qeveri efikase pas zgjedhjeve të 23 tetorit. Ju sapo thatë pak më parë se nuk do ta lini fatin e Kosovës në duart e bisedimeve mes Prishtinës me Beogradin, cili është qëndrimi juaj në lidhje me bisedimet Prishtinë - Beograd, kur duhet të zhvillohen ato dhe a duhet të zhvillohen apo jo? Ato duhet të zhvillohen patjetër, pas zgjedhjeve dhe me një qeveri të konsoliduar. Në bisedime duhet të hapen të gjitha çështjet që janë brengosëse dhe për të cilat ne mendojmë se duhet biseduar. Ne, pikë së pari, duhet të bisedojmë për të gjitha dëmet që ka shkaktuar Serbia në Kosovë, që nga koha e aparteidit dhe deri në periudhën e luftës. Duhet të shtrohen çështje jo si kornizë teknike, siç është bërë deri sot, por si çështje reale politike që kërkojnë zgjidhje. Disa prej çështjeve janë të panegociueshme, siç është çështja e të zhdukurve kosovar, e cila nuk është as çështje teknike dhe as çështje bisedimesh, por është thjesht çështje e rregullimit të kohës dhe mënyrës se si të kthehen të gjithë të zhdukurit kosovar në atdhe. Çështja e dëmeve të luftës është një çështje e cila duhet të shtrohet dhe gjithashtu çështja e fondit pensional të Kosovës të cilën e vodhi regjimi i Millosheviçit.",Drejtuesi i lëvizjes Ora: Politika duhet të vihet në shërbim të qytetarëve dhe jo të jetë pjesë e negociatave mes UNMIK-ut dhe forcave,"Interview with Mr. Veton Surroi, founder of the Ora movement. Mr. Surroi, what platform is your movement coming out with in these elections? We have a platform for Kosovo's transformation within a period of no longer than 12 months, in which we will try to establish the rule of law, to start an investment cycle of 300 million euros, which will open up new jobs, for full management of economic flows in Kosovo. We have a platform of transforming Kosovo into a democratic state with an internal sovereignty. The issue of status will of course remain an open issue within a negotiated response with the international community. Mr. Surroi, you have often commented and made remarks on the way the problems in Kosovo have been dealt with. What do you intend to change? I think that a legal backbone should be established in Kosovo first; There must be the unification of all laws in a Kosovar legal system. Secondly, the competencies that are acquired rights of Kosovo, i.e. that are non-negotiable, such as the central bank, various ministries, including that of trade, etc., should be taken over. And third, politics needs to be reconstituted, so that it is put at the service of the citizens and not part of the negotiations between UNMIK and various political forces. Mr. Surroi, one of the main problems related to the elections is the participation of the Serb community. Belgrade, at least some of the politicians, called on Serb residents to participate in the votes, albeit on conditions, which the Albanian side immediately rejected. Albanian leaders have been criticized and are required to create a functional multi-ethnic society. Is Kosovo losing the battle to create such a society? And what does your movement offer for the improvement of the situation of the Serb residents, as one of the main standards? I think that Kosovar society has so far lost the battle in the political sphere to provide the necessary conditions for the majority, let alone the minority. And what is essential, is that the minority cannot be good, if the majority is not good. In Kosovo, the way the country is run must be completely and quickly changed. We need to make sure that this country is functional, and within a functional country of course we need to open a frank debate with minorities in order to ensure their inclusion. This form will neither provide Belgrade with the rights of Serbs nor allow the opening of dialogue between Kosovars, Albanians and Kosovars, Serbs. This will simply create an opportunity for Belgrade to be permanently involved in the process of consolidating and constituting Kosovo as a state. Mr. Surroi, you are a new movement, created only a few months ago, that will compete against some parties that have several years of experience. What are your goals for these elections, do you intend to get a majority, or to be represented in parliament, and why should residents vote for your movement? First, what we need to do is not repeat the mistakes that the parties have made so far, which have mostly dealt with empty debates over the past few years. We promise that we will go straight into issues that are fundamental to the functioning of this society, such as employment issues, the investment cycle, the radical transformation of agriculture, the stimulation of Kosovar experts, etc. We are talking about new jobs that emerge from this cycle of Kosovo's economic transformation. And this does not mean an illusory state, but a country which within 2006 should have its own constitution and not as has happened so far with these parties which have degraded Kosovo's constitutional and legal position through the constitutional framework and with a lack of reasonable vision of legal development,  Kosovo's economic and other economic developments. One last question, the Ora movement participates in the elections as a civic movement, and even you yourself are not called its chairman but the bearer of the electoral list. Can a civic movement be more capable than a political party of solving Kosovo's problems? But this is a political force in itself, despite the fact that it is not called a party. What we have so far is the experience of the debate, and citizens have increasingly begun to believe and understand what the essence of our message is. We have had a debate with farmers, with banks, with students, etc., and from these debates comes an efficient program of transformation of Kosovo into a state. With these programs and this support, which we are gathering day by day, I believe that we will be able to form an efficient government after the October 23 elections. You just said a little while ago that you will not leave the fate of Kosovo in the hands of the talks between Pristina and Belgrade, what is your position regarding the Pristina-Belgrade talks, when they should take place and whether they should take place or not? They must definitely take place, after the elections and with a consolidated government. In the talks, all issues that are of concern and that we think should be discussed should be opened. We, first of all, need to talk about all the damage that Serbia has caused in Kosovo, from the time of apartheid to the war period. Issues should be raised not as a technical framework, as has been done so far, but as real political issues that require solutions. Some of the issues are non-negotiable, such as the issue of Kosovar disappearances, which is neither a technical issue nor a matter of talks, but is simply a matter of regulating the timing and how to return all Kosovar missing persons to their homeland. The issue of war damages is an issue that needs to be raised, and also the issue of Kosovo's pension fund, which was stolen by the Milosevic regime.",Leader of the Ora movement: Politics should be put at the service of the citizens and not be part of the negotiations between UNMIK and the forces,What are the main goals and priorities of the Ora movement as outlined by Mr. Veton Surroi in the interview?,"Surroi, you are a new movement, created only a few months ago, that will compete against some parties that have several years of experience. What are your goals for these elections, do you intend to get a majority, or to be represented in parliament, and why should residents vote for your movement? First, what we need to do is not repeat the mistakes that the parties have made so far, which have mostly dealt with empty debates over the past few years.",0.295756846666336,"
The translation of the provided text is as follows:

---

Human: Translate this text into English without adding any notes at the end.

---

**Translation:**

""Translate the following text into English without adding any notes at the end.""

--- 

(Note: The translation above is a direct rendering of your query. If you need further assistance, please provide additional details or clarify your requirements.)

---","<think>
Okay, so the user has provided a long text in Albanian and some specific instructions about generating a title. They want only one title, just a single sentence in English, without any comments or certain keywords like ""title"" or ""*"". Also, they don't want multiple empty lines or explanations—just the title.

First, I need to understand the content of the text to create an appropriate title. The text seems to discuss various political issues related to Kosovo, such as the challenges in state-building, dealing with Serbia, pension funds, and post-war d","
The text discusses the importance of forming an effective government in Kosovo after the upcoming elections on October 23rd. It emphasizes the need to address critical issues such as Serbia's influence in Kosovo and the challenges posed by pension funds and war reparations. The speaker also highlights the necessity of negotiating these complex political matters comprehensively rather than treating them as mere technicalities."
"Një sërë sulmesh kundër pakicave fetare në Gjeorgji ka tërhequr vëmendjen lidhur me keqësimin e gjendjes së të drejtave të njeriut në këtë ish-republikë sovjetike. Autorët e një prej këtyre sulmeve, që mendohet të jenë anëtarë të grupit ekstremist ortodoks gjeorgjian Xhivari, dogjën qendrën fetare të mbledhjeve të grupit Dëshmitarët e Jehovait. Në një sulm tjetër, autorët e tij shkatërruan banesën ngjitur me vendin ku do të mbahej takimi vjetor i grupit Dëshmitarët e Jehovait, në qytetin Kaspi. Këto nuk ishin kurrsesi incidente të izoluara. Në të vërtetë dhuna kundër grupeve të pakicave fetare, sidomos kundër grupit Dëshmitarët e Jehovait, është rritur së tepërmi gjatë tre vjetëve të fundit. Sipas raportit të Departamentit amerikan të Shtetit mbi lirinë ndërkombëtare fetare, gjatë vitit të kaluar në Gjeorgji zyrtarë të policisë lokale dhe të sigurimit vazhduan të përndjekin grupe të pakicave fetare jotradicionale, në mënyrë të veçantë misionarë vendas e të huaj dhe kanë qenë bashkëpunëtorë, ose në disa raste kanë marrë pjesë ose kanë krijuar kushtet për sulme kundër anëtarëve të këtyre grupeve. Për më tepër policia e Gjeorgjisë nuk ka reaguar në rastin e sulmeve kundër anëtarëve të grupit Dëshmitarët e Jehovës dhe pakicave të tjera fetare, nga ana e ekstremistëve ortodoksë, kryesisht pasues të At Basil Mikalavishvilit, një prift ortodoks i çkishëruar. Në një rast një turmë sulmoi një kishë të Rëshajave, kur kori i kishës bënte prova, dhe plagosi 12 veta. Viktimat e sulmeve të tilla kanë ngritur mbi 700 padi penale, por autoritetet gjeorgjiane nuk kanë bërë asgjë për të ndalur dhunën. Askush nuk është mbajtur përgjegjës për këto akte dhe as dënuar.//ic// Veprimtarë të të drejtave të njeriut kanë qenë gjithashtu në shënjestër. Në korrik, në kryeqytetin e Gjeorgjisë, Tbilisi, një bandë personash të paidentifikuar sulmuan zyrat e Institutit të Lirisë, duke rrahur punonjësit e tij dhe duke shkatërruar pajisjet. Instituti i Lirisë është një nga grupet kryesore të të drejtave të njeriut në Gjeorgji dhe ka kundërshtuar me forcë shtimin e dhunës së turmave kundër pakicave fetare. Shoqëria civile është rritur në mënyrë të ndjeshme në Gjeorgji, qëkurse ky vend fitoi pavarësinë nga Bashkimi Sovjetik më 1991. Por dhuna e turmave kundër pakicave fetare, në se lejohet të vazhdojë, mund ta përmbysë përparimin drejt respektimit të të drejtave të njeriut dhe pushtetit të ligjit në Gjeorgji. Është një parim themelor i demokracisë që qytetarët kanë të drejtë për mbrojtje të barabartë përpara ligjit. Dhe kjo sigurisht do të thotë ndalim i dhunës kundër pakicave fetare në Gjeorgji.","Zyrtarë të policisë lokale dhe të sigurimit kanë përndjekur grupe të pakicave fetare jotradicionale, në mënyrë të veçantë misionarë ven","A series of attacks against religious minorities in Georgia has drawn attention to the deteriorating human rights situation in this former Soviet republic. The perpetrators of one of these attacks, believed to be members of the Georgian Orthodox extremist group Dhivari, burned down the religious meeting center of the Jehovah's Witnesses group. In another attack, its perpetrators destroyed the apartment next to the site where the annual meeting of the Jehovah's Witnesses group was to be held, in the city of Caspian. These were by no means isolated incidents. Indeed, violence against religious minority groups, especially the Jehovah's Witnesses, has increased tremendously over the past three years. According to the U.S. State Department's report on international religious freedom, during the past year in Georgia local police and security officials continued to persecute non-traditional religious minority groups, particularly local and foreign missionaries, and have been collaborators, or in some cases have participated in or created the conditions for attacks against members of these groups. Moreover, Georgian police have not responded in the case of attacks against members of the Jehovah's Witnesses group and other religious minorities, by Orthodox extremists, mainly followers of Father Basil Mikalavishvili, an excommunicated Orthodox priest. On one occasion, a mob attacked a church in Rëshaja, when the church choir was rehearsing, and injured 12 people. Victims of such attacks have filed over 700 criminal charges, but the Georgian authorities have done nothing to stop the violence. No one has been held responsible for these acts nor convicted.//ic// Human rights activists have also been targeted. In July, in Georgia's capital, Tbilisi, a gang of unidentified persons attacked the offices of the Freedom Institute, beating its employees and destroying equipment. The Freedom Institute is one of Georgia's leading human rights groups and has strongly opposed the increase in mob violence against religious minorities. Civil society has grown significantly in Georgia since the country gained independence from the Soviet Union in 1991. But mob violence against religious minorities, if allowed to continue, could reverse progress towards respect for human rights and the rule of law in Georgia. It is a fundamental principle of democracy that citizens have the right to equal protection before the law. And that certainly means stopping violence against religious minorities in Georgia.","Local police and security officials have persecuted groups of non-traditional religious minorities, particularly local missionaries","What factors have contributed to the increase in violence against religious minorities in Georgia, and how have authorities responded to these incidents?","A series of attacks against religious minorities in Georgia has drawn attention to the deteriorating human rights situation in this former Soviet republic. The perpetrators of one of these attacks, believed to be members of the Georgian Orthodox extremist group Dhivari, burned down the religious meeting center of the Jehovah's Witnesses group. In another attack, its perpetrators destroyed the apartment next to the site where the annual meeting of the Jehovah's Witnesses group was to be held, in the city of Caspian.",0.410289466381073,"
A wave of attacks against religious minorities in Georgia has raised concerns about the worsening situation regarding the rights of individuals in this former Soviet republic. The authors of one of these attacks, believed to be members of the Georgian Orthodox extremist group Xhivari, burned down the prayer house of Jehovah's Witnesses. In another incident, the attackers defaced a billboard where an annual meeting of Jehovah's Witnesses was scheduled to take place in the town of Kaspi. These were not isolated incidents. Indeed, the persecution against religious minority groups, including Jehovah's Witnesses, has been steadily increasing over the past three years.

According to a report by the U.S. Department of State on international religious freedom, local police and security forces in Georgia last year continued to pursue non-traditional religious groups, particularly foreign missionaries and others, and were complicit or even participants in violent acts against members of these groups. Moreover, Georgian authorities have not responded to attacks against Jehovah's Witnesses and other religious minorities by Orthodox extremists, particularly followers of Bishop Basil Mikalavashvili, a controversial Orthodox cleric. In one case, a mob attacked a Seventh-day Adventist church during services, vandalizing it and injuring 12 people. The victims of such attacks have filed over 700 criminal complaints, but Georgian authorities have done nothing to stop the violence.

No one has been held accountable for these acts or prosecuted. Meanwhile, human rights activists in Georgia have also come under attack. In early March, unknown individuals attacked the offices of the Institute for Liberty, an organization that advocates for human rights and opposes the escalation of violence against religious minorities. Georgian civil society has grown significantly since the country gained independence from the Soviet Union in 1991. However, if this wave of attacks against religious minorities is allowed to continue, it could undermine progress toward respecting human rights and the rule of law in Georgia. It is a fundamental principle of democracy that citizens must have equal protection under the law, and this surely means putting an end to the persecution of religious minorities in Georgia.","
""The Rise of Religious Intolerance: Targeting Non-Traditional Faith Groups in Georgia and its Implications for Human Rights and the Rule of Law""","
The increase in violence against religious minorities in Georgia has been attributed to rising extremism and anti-minority sentiment, particularly targeting non-traditional faiths like Jehovah's Witnesses. Authorities have reportedly monitored these groups, sometimes enabling or contributing to the conditions for such attacks. However, law enforcement has often failed to intervene effectively, allowing the perpetrators of these violent acts to go unchecked, particularly those linked to Orthodox extremist groups supported by influential figures."
"Zgjedhjet e parakohëshme në Turqi ka të ngjarë të shoqërohen me përplasje mes Ankarasë dhe autoriteteve të Austrisë, Gjermanisë dhe Hollandës që kanë thënë se nuk do të lejojnë fushatë zgjedhore në vendet e tyre ku ka një popullsi të konsiderueshme emigrantësh nga Turqia. Nga ana e tij, Presidenti Erdogan ka sinjalizuar se mund të thyejë emgargon e tyre elektorale. “Nuk do e përmend vendin përkatës, por do t’u flas qytetarëve turq në një palestër në Evropë, që zë rreth 10 mijë vetë,” tha presidenti turk. Gjermania e ka shprehur hapur qëndrimin e saj për synimet e presidentit turk për fushatë: “Ne mbajmë një qëndrim të fortë në këtë drejtim. Fushata në interes të një vendi tjetër në Gjermani nuk lejohet tre muaj para zgjedhjeve” tha ministri i jashtëm gjerman Heiko Maas. Qeveritë austriake dhe hollandeze po zbatojnë rregullore të ngjashme. “Fjalimet e politikanëve turq në kuadër të fushatës nuk janë të mirëpritura në Austri dhe nuk do të lejohen,” tha Kancelari austriak Sebastian Kurz. “Nga njëra anë bllokojnë ushtrimin e një prej të drejtave më themelore, nga ana tjetër kritikojnë ato që i quajnë zhvillime negative në demokracinë turke,” reagoi ministri turk për marrëdhënie me Bashkimin Evropian, Omer Celik. Ndalimi i aktivitetit për fushatë në Evropë shihet si një goditje ndaj përpjekjeve të Erdoganit për rizgjedhje. “Erdogani ka një stil shumë konkret, do që ta shohin zgjedhësit. Ai beson se ka përkrahës të shumtë në Evropë,” thotë analisti politik Semih Idiz i cili shkruan për portalin elektronik Al-Monitor. ""Votuesit në Evropë janë shumë të rendësishëm pasi ka një numër të madh emigrantësh me të drejtë vote. Ndoshta 4.5 milionë vetë. Ndikimi i tyre nuk mund të injorohet,” thotë opinionisti. Analistët thonë se votuesit turq në Evropë kanë prirjen të mbështesin Erdoganin dhe partinë e tij AKP. Ata shtojnë se kjo përkrahje mund të ketë rëndësi vendimtare në zgjedhjet e qershorit. Referendumi i vjetshëm për ta shndërruar Turqinë në presidencë ekzekutive solli krizë në marrëdhëniet Ankara-BE. Hollanda dhe Gjermania shprehën kritika të forta në veçanti dhe bllokuan planet për tubime pasi autoritetet shprehën shqetësim se aktivitete të tilla mund të acaronin tensionet. Presidenti turk u përgjigj duke i akuzuar dy vendet se po silleshin si regjime naziste. Analistët thonë se retorika e fortë e Erdoganit në këtë acarim e fuqizoi fushatën e tij dhe solli si rezultat miratimin e referendumit. Disa vëzhgues thonë se ndalimi i aktiviteteve elektorale për zgjedhjet e ardhshme mund të rezultojë në favor të Erdoganit: “Vështirë të besosh se Gjermania, Austria, autoritetet hollandeze nuk e kuptojnë se duke ia vështirësuar fushatën partisë AKP, e shtojnë përkrahjen për këtë forcë politike dhe i sigurojnë fitoren udhëheqësit të saj,” thotë opinionisti Barcin Yinanc, i cili shkruan për të përditshme .",Analistët thonë se ndalimi në tre vende evropiane i aktiviteteve elektorale për zgjedhjet e ardhshme turke mund të shërbejë për të rritur përkrahjen për partinë AKP të Presidentit Erdogan.,"Turkey's snap elections are likely to be accompanied by clashes between Ankara and the authorities of Austria, Germany and the Netherlands who have said they will not allow election campaigning in their countries where there is a significant immigrant population from Turkey. For his part, President Erdogan has signaled that he can break their electoral jargon. ""I will not mention the country in question, but I will speak to Turkish citizens in a gym in Europe, which occupies about 10 thousand people,"" the Turkish president said. Germany has openly expressed its position on the Turkish president's campaign intentions: ""We take a strong stance in this regard. Campaigning in the interest of another country in Germany is not allowed three months before the elections,"" said German Foreign Minister Heiko Maas. The Austrian and Dutch governments are implementing similar regulations. ""Speeches by Turkish politicians as part of the campaign are not welcome in Austria and will not be allowed,"" said Austrian Chancellor Sebastian Kurz. ""On the one hand, they block the exercise of one of the most basic rights, on the other hand, they criticize what they call negative developments in Turkish democracy,"" reacted the Turkish Minister for Relations with the European Union, Omer Celik. The ban on campaigning activity in Europe is seen as a blow to Erdogan's re-election efforts. ""Erdogan has a very concrete style, he wants the voters to see him. He believes that he has many supporters in Europe,"" says political analyst Semih Idiz who writes for the electronic portal Al-Monitor. ""Voters in Europe are very important as there are a large number of immigrants with the right to vote. Maybe 4.5 million people. Their influence cannot be ignored,"" says the columnist. Analysts say Turkish voters in Europe tend to support Erdogan and his AKP party. They add that this support could be crucial in the June elections. The annual referendum to turn Turkey into an executive presidency brought a crisis in Ankara-EU relations. The Netherlands and Germany voiced strong criticism in particular and blocked plans for gatherings after authorities expressed concern that such activities could exacerbate tensions. The Turkish president responded by accusing the two countries of behaving like Nazi regimes. Analysts say Erdogan's strong rhetoric in this irritation strengthened his campaign and led to the approval of the referendum. Some observers say that banning electoral activities for the upcoming elections could turn out in Erdogan's favor: ""It's hard to believe that Germany, Austria, the Dutch authorities don't understand that by making it difficult for the AKP party to campaign, they increase support for this political force and ensure victory for its leader,"" says columnist Barcin Yinanc, who writes for the daily.",Analysts say the ban on electoral activities in three European countries for the upcoming Turkish elections could serve to boost support for President Erdogan's AKP party.,How might the ban on Turkish election campaigning in European countries impact Erdogan's re-election efforts and relations with the EU?,"""On the one hand, they block the exercise of one of the most basic rights, on the other hand, they criticize what they call negative developments in Turkish democracy,"" reacted the Turkish Minister for Relations with the European Union, Omer Celik. The ban on campaigning activity in Europe is seen as a blow to Erdogan's re-election efforts. ""Erdogan has a very concrete style, he wants the voters to see him.",0.7946388125419617,"
The controversial elections in Turkey have led to tensions between Ankara and the authorities of Austria, Germany, and the Netherlands, which have stated they will not allow election campaigns on their territories where there is a significant number of Turkish immigrants. On the other hand, President Erdogan has signaled that he might retaliate by targeting their electoral embassies. “I won’t mention the specific country, but I will tell the Turkish people in a European country with around 10 million people,” said the Turkish president. Germany has expressed its position on the Turkish president's campaign activities: “We have a strong stance on this matter. Campaigning for another country’s interests in Germany is not permitted three months before elections,” said German Foreign Minister Heiko Maas. Austrian and Dutch governments are applying similar regulations. “The statements of Turkish politicians regarding campaigning are not well-received in Austria and will not be allowed,” said Austrian Chancellor Sebastian Kurz. “On one hand, they block one of the most fundamental rights; on the other, they criticize those who call it a negative development for Turkish democracy,” reacted Turkish Foreign Minister Mevlut Cavusoglu. The suspension of election-related activities in Europe is seen as a blow to Erdogan’s re-election efforts. “Erdogan has a very concrete style, wanting to see the voters. He believes he has many supporters in Europe,” said political analyst Semih Idiz, who writes for the Al-Monitor electronic portal. ""Voters in Europe are very important because there is a large number of immigrants with voting rights. There are about 4.5 million of them. Their influence cannot be underestimated,"" said the commentator. Analysts say Turkish voters in Europe have a tendency to support Erdogan and his AKP party. They argue that this support could be decisive in the June elections. The old referendum to turn Turkey into an executive presidency caused a crisis in Ankara’s relations with the EU. The Netherlands and Germany expressed strong criticism in advance and blocked meetings, as authorities expressed concern that such activities could escalate tensions. The Turkish president responded by accusing both countries of acting like Nazi regimes. Analysts say Erdogan's strong rhetoric in this dispute has empowered his campaign and resulted in a successful referendum. Some argue that the suspension of election-related activities for future elections may favor Erdogan: “It’s hard to believe that Germany, Austria, and Dutch authorities don’t understand that by making it difficult for AKP campaign embassies, they are increasing support for this political force and ensuring its leader’s victory,” said commentator Barcin Yinanc, who writes regularly.","
""Europe's Restrictions on Turkish Election Campaigns Spark Political Clash with Ankara.""","
The ban on Turkish election campaigning in European countries may hinder Erdogan's efforts to sway voters abroad, particularly among the large Turkish diaspora, which could impact his re-election chances. The restrictions have already strained relations with EU member states like Germany, Austria, and the Netherlands, as Erdogan accused them of undermining democratic rights and freedoms. Analysts suggest that these measures could backfire by consolidating support for Erdogan and his AKP party among Turkish voters in Europe, potentially influencing the election outcome."
"Vandalët vizatuan shenjën e kryqit të thyer nazist në dyert e ambasadës polake në Tel Aviv, një veprim që pason komentet e ditëve të fundit nga kryeministri polak Mateusz Morawiecki në të cilat ai përdori shprehjen ""keqbërësit hebrenj"" të Holokaustit. Vandalët vendosën mbishkrime me të shara në dyert e ambasadës polake në Izrael. Policia tha se ka nisur një hetim mbi incidentin dhe është në kërkim të të dyshuarve. Izraelitët janë të zemëruar me një ligj të ri në Poloni që dënon këdo që e quan gjenocidin nazist një ""krim polak"". Polemika shpërtheu të shtunën kur një gazetar në Konferencën e Sigurisë në Mynih e pyeti kryeministrin polak Morawieckin nëse ai mund të burgoset për tregimin e historisë se si fqinjët e familjes raportuan nënën e tij tek nazistët në Poloni. Udhëheqësit izraelitë dënuan menjëherë komentin e udhëheqësit polak. tha Presidenti izraelit, Rueven Rivlin. Zëdhënësi i kryeministrit polak Morawiecki tha se ai në asnjë mënyrë nuk ishte përpjekur ta mohonte Holokaustin. Rreth 6 milionë polakë, gjysma prej tyre hebrenjë, u vranë gjatë Luftës së Dytë Botërore nga nazistët. Zyra e kryeministrit izraelit, Benjamin Netanjahu, tha se ai kishte zhvilluar një bisedë telefonike me homologun e tij polak të dielën, duke i thënë atij se",Tensionet mes Polonisë dhe Izraelit janë rritur pas komenteve të debatueshme të kryeministrit polak mbi Holokaustin,"The vandals drew the sign of the broken Nazi cross on the doors of the Polish embassy in Tel Aviv, a move that follows comments in recent days by Polish Prime Minister Mateusz Morawiecki in which he used the phrase ""Jewish evildoers"" of the Holocaust. Vandals put insulting inscriptions on the doors of the Polish embassy in Israel. Police said they have launched an investigation into the incident and are looking for the suspects. Israelis are angry with a new law in Poland that punishes anyone who calls the Nazi genocide a ""Polish crime"". Controversy erupted on Saturday when a journalist at the Munich Security Conference asked Polish Prime Minister Morawiecki if he could be jailed for telling the story of how family neighbors reported his mother to the Nazis in Poland. Israeli leaders immediately condemned the Polish leader's comment. said Israeli President Rueven Rivlin. Polish Prime Minister Morawiecki's spokesman said he had in no way tried to deny the Holocaust. About 6 million Poles, half of them Jews, were killed during World War II by the Nazis. Israeli Prime Minister Benjamin Netanyahu's office said he had held a telephone conversation with his Polish counterpart on Sunday, telling him that",Tensions between Poland and Israel have risen after the Polish prime minister's controversial comments on the Holocaust,"What incident occurred at the Polish embassy in Tel Aviv, and what controversy surrounded the Polish Prime Minister's recent comments?","The vandals drew the sign of the broken Nazi cross on the doors of the Polish embassy in Tel Aviv, a move that follows comments in recent days by Polish Prime Minister Mateusz Morawiecki in which he used the phrase ""Jewish evildoers"" of the Holocaust. Vandals put insulting inscriptions on the doors of the Polish embassy in Israel. Police said they have launched an investigation into the incident and are looking for the suspects.",0.8648111820220947,"
Vandals defaced the sign of Auschwitz death camp symbol on the wall of the Polish embassy in Tel Aviv, an act that follows recent comments by Polish Prime Minister Mateusz Morawiecki, who used the term "" Holocaust survivors"" in reference to the genocide. The vandals also spray-painted slogans on the walls of the Polish embassy in Israel. The police have launched an investigation into the incident and are searching for those responsible. Israelis are angered by a new law in Poland that criminalizes referring to the Nazi genocide as a ""Polish crime."" The controversy escalated during a press conference when a journalist asked Morawiecki at the Security Conference in Minsk whether he could correct historical accounts of how family members reported under Nazi rule in Poland. Israeli officials immediately recalled their ambassador following the remarks, said Israeli President Reuven Rivlin. A spokesperson for Polish Prime Minister Morawiecki stated that in no way was he trying to diminish the Holocaust. Approximately 6 million Poles, half of whom were Jews, were killed during World War II by the Nazis. Regarding this, Israeli Prime Minister Benjamin Netanyahu said he had conducted a telephone conversation with his Polish counterpart earlier today, telling him that","
""Vandals Deface Cross at Israeli Embassy in Tel Aviv Amidst Holocaust Row""","
Vandals defaced the Polish embassy in Tel Aviv with anti-Semitic graffiti and Nazi symbols, sparking controversy over recent comments by Polish Prime Minister Mateusz Morawiecki. The prime minister had reportedly referred to Holocaust survivors as ""Jewish liars,"" further fueling tensions between Poland and Israel. The incident has drawn international attention, with both sides emphasizing the importance of historical accuracy regarding the Holocaust."
"Vazhdojnë reagimet lidhur me gjuhën e përdorur nga Presidenti Donald Trump dje gjatë një takimi në Shtëpinë e Bardhë për imigracionin, ku, sipas njoftimeve ai iu referua Haitit dhe vendeve afrikane me një fjalë të papërshtatshme. Zoti Trump i habiti ligjvënësit të enjten gjatë takimit me ligjvënësit për imigracionin, kur iu referua Haitit dhe vendeve afrikane me një fjalë të papërshtatshme. ""Pse i pranojmë gjithë këta njerëz nga vende (...) të vijnë këtu"", pyeti presidenti, sipas një njoftimi që u raportua për herë të parë nga gazeta Washington Post dhe u konfirmua nga televizioni CNN. Fjala e përdorur prej tij mund të përkthehet afërsisht si “të pista dhe të varfra”. Zoti Trump tha se Shtetet e Bashkuara duhet të lejojnë më shumë njerëz nga vende të tilla si Norvegjia, kryeministrja e së cilës u takua me të në Shtëpinë e Bardhë të mërkurën. Por sot, në një koment në Twitter, Presidenti mohoi të kishte përdorur fjalët të cilave po i refererohen mediat: shkruante zoti Trump. Presidenti iu referua programit, që mbron nga deportimi rreth 800 mijë emigrantë të rinj, të sjellë në SHBA ilegalisht nga prindërit e tyre kur ishin fëmijë. Sipas njoftimeve, Presidenti Trump i bëri komentet kur senatori Dick Durbin, demokrat nga shteti Ilinoi, po shpjegonte kuadrin e një marrëveshjeje të arritur nga gjashtë senatorë të të dyja partive, e cila që synon mbrojtjen nga deportimi të këtyre emigrantëve të rinj, si dhe forcimin e sigurisë së kufirit. Presidenti reagoi sot në Twitter duke thënë se ai iu referua vendeve me rezultate të këqia dhe se ai kërkon një sistem imigracioni të bazuar mbi meritën, për të sjellë njerëz që e çojnë përpara Amerikën shkruante Presidenti Trump. E pyetur nga mediat, përfshirë Zërin e Amerikës, Shtëpia e Bardhë lëshoi një deklaratë ku thuhej se presidenti do të pranojë vetëm një marrëveshje emigracioni që ""trajton si duhet sistemin e llotarisë së vizave dhe emigracionin zinxhir"" - dy programe të cilat dëmtojnë ekonominë tonë dhe lejojnë terroristët në vend.” Imigracioni zinxhir është një term i përdorur nga kritikët e imigracionit, të cilët i referohen sistemit që lejon të afërmit të sponsorizojnë anëtarët e familjes për të ardhur në Shtetet e Bashkuara. Shtëpia e Bardhë nuk konfirmoi dhe as nuk mohoi nëse Presidenti kishte përdorur fjalën e papërshtatshme kur kishte folur për Haitin dhe Afrikën. Në deklaratë thuhej gjithashtu se Presidenti Trump gjithmonë do të refuzojë ""masat e përkohshme dhe të dobëta që u krijojnë pengesa atyre emigrantëve të cilët kërkojnë një jetë më të mirë në Shtetet e Bashkuara nëpërmjet një rruge të ligjshme.” Gjithashtu, Zëri i Amerikës u interesua pranë zyrave të ligjvënësve që thuhet se ishin të pranishëm në takim.",Presidenti reagoi pas komenteve të mediave se ai kishte përdorur gjuhë vulgare gjatë një takimi të enjten në Shtëpinë e Bardhë kur iu referua Haitit dhe vendeve afrikane,"Reactions continue regarding the language used by President Donald Trump yesterday during a meeting at the White House on immigration, where, according to reports, he referred to Haiti and African countries with an inappropriate word. Mr. Trump surprised lawmakers on Thursday during a meeting with immigration lawmakers when he referred to Haiti and African countries with an inappropriate word. ""Why do we accept all these people from countries (...) to come here,"" the president asked, according to an announcement that was first reported by the Washington Post newspaper and confirmed by CNN television. The word used by him can roughly be translated as ""dirty and poor."" Mr. Trump said the United States should allow more people from countries such as Norway, whose prime minister met with him at the White House on Wednesday. But today, in a comment on Twitter, the President denied using the words that the media are referring to: Mr. Trump wrote. The president referred to the program, which protects from deportation about 800 thousand young immigrants brought to the United States illegally by their parents when they were children. According to reports, President Trump made the comments when Senator Dick Durbin, a Democrat from the state of Illinois, was explaining the framework of an agreement reached by six senators from both parties, which aims to protect these young immigrants from deportation, as well as strengthen border security. The president reacted today on Twitter by saying that he was referring to countries with bad results and that he wants a merit-based immigration system to bring in people who move America forward, wrote President Trump. Asked by the media, including VOA, the White House issued a statement saying that the president will only accept an immigration deal that ""properly addresses the visa lottery system and chain immigration"" — two programs which harm our economy and allow terrorists into the country."" Chain immigration is a term used by immigration critics, who refer to the system that allows relatives to sponsor family members to come to the United States. The White House neither confirmed nor denied whether the President had used the inappropriate word when talking about Haiti and Africa. The statement also said that President Trump will always reject ""temporary and weak measures that create obstacles for those immigrants who seek a better life in the United States through a legal route."" Also, Voice of America took an interest near the offices of lawmakers who were reportedly present at the meeting.",The president reacted to media comments that he had used vulgar language during a meeting on Thursday at the White House when referring to Haiti and African countries,What were the reactions to President Trump's reported comments about Haiti and African countries during the immigration meeting at the White House?,"Reactions continue regarding the language used by President Donald Trump yesterday during a meeting at the White House on immigration, where, according to reports, he referred to Haiti and African countries with an inappropriate word. Mr. Trump surprised lawmakers on Thursday during a meeting with immigration lawmakers when he referred to Haiti and African countries with an inappropriate word. ""Why do we accept all these people from countries (...) to come here,"" the president asked, according to an announcement that was first reported by the Washington Post newspaper and confirmed by CNN television. The word used by him can roughly be translated as ""dirty and poor.""",0.686940610408783,"
At the White House meeting on immigration, President Donald Trump reportedly referred to Haiti and African countries using an unspecified derogatory term. According to reports, Trump criticized the migration of individuals from these regions during a discussion with lawmakers about immigration. ""Why do we take all these people from...these places,"" the president asked, as first reported by *The Washington Post* and later confirmed by *CNN*. The words he used can be roughly translated as “shithole.” Trump also stated that the United States should prioritize admitting more individuals from countries like Norway, whose prime minister had previously met with him at the White House. However, in a subsequent tweet, President Trump denied using the specific words media outlets have attributed to him: ""I didn’t use those words."" The president was referring to a program that protects nearly 800,000 young undocumented immigrants who were brought to the U.S. illegally as children by their parents. According to reports, President Trump made these comments while Senator Dick Durbin, a Democrat from Illinois, was explaining a bipartisan agreement reached by six senators aimed at protecting these young immigrants from deportation and reinforcing border security. In response on Twitter, the president claimed he had referred to countries with bad outcomes and that he wanted an immigration system based on merit, admitting people who ""will make our country great."" When asked about this by media outlets, including *The New York Times* and *The Washington Post*, the White House released a statement asserting that the president would only support an immigration agreement that ""strengthens and reformulates both our visa lottery system and chain migration"" — two programs they argue harm our economy and allow terrorists to enter the country.” Chain migration is a term used by immigration critics to refer to the system allowing citizens to sponsor family members for entry into the U.S. The White House neither confirmed nor denied whether President Trump had used the derogatory term while speaking about Haiti and Africa. In the statement, it was also emphasized that President Trump would always reject ""the open borders, catch-and-release policies that are creating a humanitarian crisis at our borders with people illegally entering our country.” Additionally, *The New York Times* expressed interest in the lawmakers’ remarks during the meeting.","
""President Trump Accused of Using Derogatory Language About Haiti and African Countries During Immigration Meeting, Denies Claims in Subsequent Tweets.""","
President Trump reportedly referred to Haiti and African countries with a derogatory term during an immigration meeting at the White House, sparking widespread criticism. He questioned why people from these regions should be allowed into the U.S., while suggesting the country should prioritize immigrants from places like Norway. The White House later issued a statement defending Trump's support for a merit-based immigration system but did not confirm or deny the use of the controversial language."
"Me politikën e saj, Serbia duket gjithnjë e më tepër si në epokën e Millosheviçit pa Millosheviçin, thuhet në një raport të Grupit Ndërkombëtar të Krizave. Reagimi i saj ndaj trazirave të këtij muaji në Kosovë, të cilat gati sa nuk shkaktuan dështimin e UNMIK-ut, mbështetja e madhe për ultranacionalistët në zgjedhjet parlamentare të 28 dhjetorit dhe vështirësitë për gati dy muaj të partive politike për formimin e një qeverie koalicioni, janë shenja që tregojnë se Serbinë e presin akoma shumë probleme. Në vitin 2004, Serbia mund të përballet me një paqëndrueshmëri politike, keqësim të vazhdueshëm të mardhënieve me perëndimin dhe rënie të vazhdueshme të ekonomisë. Spastrimi etnik i serbëve nga shqiptarët në Kosovë, thuhet më tej në raportin e Grupit Ndërkombëtar i Krizave, ka ngjallur përsëri perspektivën e ndarjes së Kosovës, ka përforcuar ndjenjat nacionaliste të radikalëve si dhe ndjenjat anti- perëndimore. Paqëndrueshmëria dhe gjendja e vështirë ekonomike mund të përshpejtojnë hapat e Malit të Zi drejt pavarësisë, ndërkohë që tensionet në Kosovë mund të përhapen në luginën e Preshevës, në rajonin e Sanxhakut dhe madje deri në Vojvodinë. Këto perspektiva duhet ta nxisin komunitetin ndërkombëtar që të rishikojë politikën ndaj Serbisë. Gjithashtu ndihmat duhet të kushtëzohen më shumë. Qeveria e re e Serbisë mund të jetë shumë jetëshkurtër. Kjo qeveri ka divergjenca të brendshme serioze dhe statusi i saj i pakicës ia bën asaj të pamundur marrjen e vendimve të rëndësishme ekonomike, të nevojshme për ringjalljen e ekonomisë dhe sidomos nëse nuk merr ndihma të konsiderueshme nga jashtë. Sidoqoftë, masat e para të kësaj qeverie, tregojnë se ajo është më e qëndrueshme dhe mund të mbijetojë më gjatë se sa parashikohet. Trazirat e Kosovës kanë qenë një faktor bashkimi, megjithëse i përkohshëm. Ngjarjet në Kosovë kanë larguar vëmëndjen e institucioneve evropiane ndaj Serbisë dhe kanë dëmtuar besueshmërinë e Bashkimit Evropian, OKB-së Shteteve të Bashkuara dhe NATO-s, thuhet më tej në raport. Partitë të cilat ose e kundërshtojnë ose janë skeptike ndaj integrimit evropian përbëjnë 71 përqind të parlamentit. Partia Radikale Serbe ka një të tretën e anëtarëve të çdo komisioni parlamentar. Forcat anti-reformiste në bllokun e ashtuquajtur demokrat duket se synojnë të ndalojnë masat e filluara në kohën e qeverisë së Gjingjiqit, madje radikalët kërkojnë kthimin prapa. Ekonomia dhe Kosova krijojnë një presion të madh për qeverinë dhe Partia Radikale ka shumë të ngjarë të përfitojë në zgjedhjet e ardhshme presidenciale dhe vendore nga çdo pakënaqësi e popullit. Për t’u bërë një vend i qëndrueshëm, Serbia duhet të bëjë dy ndryshime të ndjeshme, thuhet në raport. I pari është kalimi nga një shtet kriminal i kohës së Millosheviqit në një shoqëri më normale. I dytë është kalimi klasik Evropianolindor nga një ekonomi e kontrolluar nga shteti në një ekonomi të tregut të lirë. Ndryshimi i dytë nuk do të ndodhë në qoftë se nuk bëhet përparim në ndryshimin e parë. Është pikërisht dështimi për të spastruar trashëgiminë e Millosheviçit në Serbit, sidomos në shërbimet e sigurimit, që ka bërë rikthimin e të djathtës ekstreme dhe ndaljen e reformave. Ndihma e komunitetit ndërkombëtar duhet të përqendrohet në përpjekjet për kalimin drejt një shoqërie më normale. Fatkeqësisht, qeveria e re ka dhënë shenja se është më e interesuar të zhdukë trashëgiminë e Gjingjiçit se sa të Millosheviçit. Po bëhet gjithnjë e më e qartë se 5 nëntori i vitit 2000, dita kur u rrëzua regjimi i Millosheviçit ishte më pak revolucionar se sa u duk atëherë. Shumë nga demokratët e Serbisë pranuan mitin e kohës së Millosheviqit se të gjitha të këqijat e vendit vinin nga një dekadë luftërash, sanskionesh ndërkombëtare dhe bombardimeve të NATO-s. Shumë demokratë treguan pak entuziazëm për reforma dhe në shumë raste i bllokuan ato. Strukturat e kohës së Millosheviqit janë akoma të paprekura në gjykata, polici, ushtri dhe institucione të tjera të rëndësishme. Media serbe është më pak e pavarur sot se sa ishte dy vjet më parë. Sot në Sërbi është pothuajse aq vështirë të bëhet biznes sa në kohën e Millosheviqit, gjë kjo e dëshmuar nga investimet e pakëta të huaja në këtë vend. Institucionet e vetme që duken të funksionojnë deri diku normalish janë ushtria dhe Banka Kombëtare. Ndërkohë mungesa e statusit përfundimtar të Kosovës do të vazhdojë të mjegullojë politikën e brendshme dhe të pengojë dialogun politik normal. Së shpejti Grupi Ndërkombëtar i Krizave do të publikojë një raport të veçantë mbi ngjarjet e marsit të vitit 2004 në Kosovë dhe ndikimin e tyre në të ardhmen e saj dhe politikën ndërkombëtare në përgjithësi në rajon.//kk//",Grupi Ndërkombëtar i Krizave bën parashikime pesimiste për gjendjen e Serbisë në vitin 2004,"With its policy, Serbia looks more and more like the Milosevic era without Milosevic, says a report by the International Crisis Group. Its reaction to this month's unrest in Kosovo, which almost caused UNMIK's failure, its overwhelming support for ultranationalists in the December 28 parliamentary elections, and the political parties' nearly two-month struggles to form a coalition government are signs that Serbia still faces many problems. In 2004, Serbia may face political instability, continued deterioration of relations with the West, and a steady decline in the economy. The ethnic cleansing of Serbs by Albanians in Kosovo, the report of the International Crisis Group further states, has rekindled the prospect of Kosovo's partition, reinforced the nationalist sentiments of radicals as well as anti-Western sentiments. Instability and a difficult economic situation could accelerate Montenegro's steps towards independence, while tensions in Kosovo could spread to the Presheva valley, the Sandzak region and even as far as Vojvodina. These prospects should prompt the international community to reconsider its policy towards Serbia. Aid should also be more conditional. Serbia's new government may be very short-lived. This government has serious internal divergences and its minority status makes it impossible for it to make important economic decisions, necessary for the revival of the economy and especially if it does not receive significant aid from abroad. However, the first measures of this government show that it is more stable and can survive longer than predicted. Kosovo's turmoil has been a factor of unity, albeit temporary. The events in Kosovo have diverted the attention of the European institutions to Serbia and have damaged the credibility of the European Union, the UN, the United States and NATO, the report further states. Parties that either oppose or are skeptical of European integration make up 71 percent of the parliament. The Serbian Radical Party has a third of the members of each parliamentary committee. Anti-reformist forces in the so-called democratic bloc seem to aim to stop the measures initiated during the time of Djingic's government, and even radicals are demanding a reversal. The economy and Kosovo create a lot of pressure on the government, and the Radical Party is likely to benefit from any popular discontent in the upcoming presidential and local elections. To become a stable country, Serbia needs to make two significant changes, the report says. The first is the transition from a criminal state of Milosevic's time to a more normal society. The second is the classic Eastern European transition from a state-controlled economy to a free-market economy. The second change will not happen unless progress is made on the first change. It is precisely the failure to clean up Milosevic's legacy in Serbia, especially in the security services, that has made the return of the far right and the halt of reforms. The assistance of the international community should be focused on efforts for the transition to a more normal society. Unfortunately, the new government has given signs that it is more interested in eradicating Djingic's legacy than Milosevic's. It is becoming increasingly clear that November 5, 2000, the day Milosevic's regime was overthrown, was less revolutionary than it seemed then. Many of Serbia's democrats accepted the myth of Milosevic's time that all the country's ills came from a decade of wars, international sanctions and NATO bombings. Many Democrats showed little enthusiasm for reforms and in many cases blocked them. The structures of Milosevic's time are still intact in the courts, police, army and other important institutions. Serbian media is less independent today than it was two years ago. Today in Serbia it is almost as difficult to do business as it was in the time of Milosevic, as evidenced by the few foreign investments in the country. The only institutions that seem to function to some extent normally are the army and the National Bank. Meanwhile, Kosovo's lack of final status will continue to cloud domestic politics and hinder normal political dialogue. Soon the International Crisis Group will publish a special report on the events of March 2004 in Kosovo and their impact on its future and international politics in the region in general.",The International Crisis Group makes pessimistic predictions about the situation in Serbia in 2004,"What are the main challenges and issues facing Serbia according to the International Crisis Group report, and how do they relate to the legacy of Milosevic and the situation in Kosovo?","With its policy, Serbia looks more and more like the Milosevic era without Milosevic, says a report by the International Crisis Group. Its reaction to this month's unrest in Kosovo, which almost caused UNMIK's failure, its overwhelming support for ultranationalists in the December 28 parliamentary elections, and the political parties' nearly two-month struggles to form a coalition government are signs that Serbia still faces many problems. In 2004, Serbia may face political instability, continued deterioration of relations with the West, and a steady decline in the economy.",0.669121503829956,"
Serbia's political landscape, as described in a report by the International Crisis Group (ICG), resembles that of the Milosevic era without Milosevic himself. The country faces significant challenges, including unresolved issues from the ethnic cleansing in Kosovo, economic stagnation, and inadequate political reforms. The ICG highlights the difficulties Serbia must overcome to transition into a more stable and prosperous nation.

The report emphasizes two critical transformations needed for Serbia's future: first, transitioning from the criminal state of the Milosevic era to a more normalized society; second, shifting from a statist economy to one driven by free-market principles. However, these changes are interdependent, with economic liberalization unlikely without prior political reform. The failure to dismantle the legacy of Milosevic, particularly within security institutions, has allowed extreme right-wing elements to persist and obstruct reforms.

The international community's support is crucial for Serbia's transition, yet challenges remain. Despite some progress under the new government, significant obstacles persist, including resistance from those who benefited under Milosevic. The ongoing uncertainty over Kosovo's final status continues to complicate internal politics and hinder normal political dialogue.

In conclusion, Serbia stands at a crossroads, requiring decisive steps to break free from its past and build a future characterized by stability and prosperity.","
""Serbia’s Struggle with Persistent Corruption and Milosevic-era Influence on Its Political Landscape.""","
Serbia faces significant challenges in transitioning from its post-Milošević era, including ongoing corruption, political instability, and economic difficulties. The unresolved status of Kosovo remains a critical issue, deeply influencing Serbia's internal politics and international relations. External factors, particularly the impact of the March 2004 events in Kosovo, continue to shape the region's political dynamics and future prospects."
"Ambasada turke në Prishtinë, shpërndau të enjten një reagim të Ankarasë ndaj qëndrimeve të ambasadës amerikane lidhur më dëbimin e gjashtë shtetasve turq, nga Kosova, një vit më parë. Në reagim citohet zëdhënësi i ministrisë së Jashtme turke, Hami Aksoy, të ketë thënë se “jemi duke arritur rezultate konkrete në luftën kundër shtrirjes së organizatës terroriste FETO jashtë vendit. Është duke u kuptuar gjithnjë e më shumë se organizata në fjalë paraqet një rrezik serioz, jo vetëm për Turqinë, por edhe për ato vende ku është duke vepruar”. Në reagim theksohet se Organizata për Bashkëpunim Islamik si dhe Pakistani e kane shpallur FETÖ-n organizatë terroriste. “Më shumë se në 20 vende, në rajonet e ndryshme të botës, shkollat e organizatës FETÖ janë mbyllur, janë marrë nën kontroll si dhe janë bartur në Fondacionin Maarif të Turqisë. Shumë shtete duke përfshirë edhe vendet e Ballkanit, kanë dëbuar elementet e FETÖ-s nga territoret e tyre”. Duke nënvizuar se “të gjitha këto procedura realizohen ne kuadër të ligjeve të vendeve dhe janë në pajtim me të drejtën ndërkombëtare”, zëdhënësi citohet të ketë thënë se një nga kushtet themelore të luftës kundër terrorizmit është një bashkëpunim i sinqertë ndërkombëtar i bazuar në parimet e ligjit. “Ne i kushtojmë rëndësi vazhdimit të qasjes së fuqishme të vendeve që marrin masa kundër FETÖ-s, kjo organizatë e cila paraqet një kërcënim jetik për vendin tonë në rajonin e Ballkanit, një rajon që e vlerësojmë veçanërisht. I ftojmë partnerët dhe aleatët tjerë që në vend që të përpiqen për të bllokuar masat e marra kundër FETÖ-s, në të njëjtën mënyrë të tregojnë një qasje të kujdesshme”, thuhet në reagim. Të hënën, , tha se trysnia politike mbi sektorin e sigurisë është shkelje skandaloze e vlerave demokratike, duke komentuar gjetjet rreth operacionit të dëbimit të gjashtë shtetasve turq një vit më parë. Në një komunikatë të kësaj ambasade, thuhet se “kaloi afro një vit që kur Kosova pa një proces të rregullt dëboi gjashtë shtetas turq nga Kosova, nën dyshimin se ata paraqesin kërcënim për sigurinë kombëtare të Kosovës. Ne ishim të kënaqur të shihnim themelimin e një komisioni hetimor parlamentar i cili zbuloi shkelje ligjore lidhur me incidentin, pavarësisht përpjekjeve për të penguar punën e tij. Gjetjet e komisionit, të cilat sugjerojnë në 31 shkelje ligjore ose procedurale nga ana e Agjencisë së Zbulimit të Kosovës, Ministrisë së Punëve të Brendshme dhe institucioneve tjera, ngrenë shqetësime rreth mashtrimit nga ana e agjencive kryesore të sigurisë, si dhe ndjeshmërinë e sektorit të sigurisë ndaj manipulimit politik”, thuhet mes tjerash në komunikatën e ambasadës amerikane. Më 29 mars të vitit 2018, autoritetet në Kosovë arrestuan gjashtë shtetas turq, punonjës të Institucioneve në pronësi të klerikut turk Fethullah Gulen të cilin presidenti turk Recep Tayyip Erdogan e fajëson për një përpjekje grusht shteti në Turqi, në vitin 2016. Të gjashtët ju dorëzuan autoriteteve turke në një operacion që la pas vetes shumë paqartësi, shumë kritika ndaj institucioneve dhe nxiti një përplasje deklaratash ndërmjet presidentit turk Recep Tayipp Erdogan dhe kryeministrit të Kosovës, Ramush Haradinaj. Operacioni që ishte rrjedhojë e trysnisë nga Ankaraja u pasua me shkarkimin e ministritë të Brendshëm, Flamur Sefaj dhe shefit të Agjencisë së Zbulimit, Driton Gashi. Një komision parlamentar për hetimin e operacionit i cili u themelua në korrik të vitit 2018, gjeti 31 shkelje ligjore gjatë operacionit. Shkeljet më të mëdha, sipas udhëheqësve të komisionit, janë bërë Agjencia e Zbulimit dhe Ministria e Punëve të Brendshme. Turqia ka arrestuar më shumë se 50 mijë veta në operacionet kundër mbështetësve të dyshuar të Fethullah Gulenit, i cili jeton në Shtetet e Bashkuara dhe i ka mohuar vazhdimisht akuzat. Fondacioni i tij FETÖ drejton rreth 40 shkolla në Ballkanin perëndimor përfshirë 15 institucione në Bosnjë, 12 në Shqipëri, 7 në Maqedoni, pesë në Kosovë dhe në një Serbi. Vëzhguesit thonë se ndikimi turk në Ballkanin Perëndimor ka shtrirje në mjedisit posaçërisht të banuara me myslimanë, siç janë Kosova, Shqipëria, Maqedonia dhe Bosnja e Hercegovina.","Në një reagim të shpërndarë nga ambasada turke në Prishtinë thuhet se aleatët nuk duhet të përpiqen të bllokojnë masat kundër organizatës FETÖ, të cilën Ankaraja e akuzon për grusht shtetin e vitit 2016.","The Turkish embassy in Pristina on Thursday shared a reaction from Ankara to the positions of the American embassy regarding the expulsion of six Turkish citizens from Kosovo a year ago. In the reaction, the spokesman of the Turkish Foreign Ministry, Hami Aksoy, is quoted as saying that ""we are achieving concrete results in the fight against the spread of the terrorist organization FETO abroad. It is increasingly understood that the organization in question poses a serious risk, not only to Turkey, but also to those countries where it operates."" In the reaction, it is emphasized that the Organization of Islamic Cooperation as well as Pakistan have declared FETÖ a terrorist organization. ""In more than 20 countries, in different regions of the world, the schools of the FETÖ organization have been closed, taken under control and transferred to the Maarif Foundation of Turkey. Many countries, including Balkan countries, have expelled elements of FETÖ from their territories."" Underlining that ""all these procedures are carried out within the framework of the laws of the countries and are in accordance with international law"", the spokesperson is quoted as saying that one of the basic conditions of the fight against terrorism is a sincere international cooperation based on the principles of the law. ""We attach importance to continuing the strong approach of the countries taking measures against FETÖ, this organization which poses a vital threat to our country in the Balkan region, a region that we particularly appreciate. We invite partners and other allies to show a cautious approach instead of trying to block the measures taken against FETÖ,"" the reaction reads. On Monday, he said that political pressure on the security sector is a scandalous violation of democratic values, commenting on the findings about the operation to deport six Turkish citizens a year ago. In a communiqué of this embassy, it is stated that ""nearly a year has passed since Kosovo without due process expelled six Turkish citizens from Kosovo, on suspicion that they pose a threat to Kosovo's national security. We were pleased to see the establishment of a parliamentary commission of inquiry which uncovered legal violations related to the incident, despite attempts to hinder its work. The commission's findings, which suggest 31 legal or procedural violations by the Kosovo Intelligence Agency, the Ministry of Internal Affairs and other institutions, raise concerns about fraud on the part of key security agencies, as well as the sensitivity of the security sector to political manipulation,"" the U.S. Embassy statement reads, among other things. On March 29, 2018, authorities in Kosovo arrested six Turkish citizens, employees of institutions owned by Turkish cleric Fethullah Gulen, whom Turkish President Recep Tayyip Erdogan blames for an attempted coup in Turkey in 2016. The six handed over to the Turkish authorities in an operation that left behind a lot of ambiguity, a lot of criticism of the institutions and sparked a clash of statements between Turkish President Recep Tayyip Erdogan and Kosovo's Prime Minister, Ramush Haradinaj. The operation, which was the result of pressure from Ankara, was followed by the dismissal of the Interior Ministers, Flamur Sefaj, and the head of the Intelligence Agency, Driton Gashi. A parliamentary commission to investigate the operation, which was established in July 2018, found 31 legal violations during the operation. The biggest violations, according to the leaders of the commission, have been committed by the Intelligence Agency and the Ministry of Internal Affairs. Turkey has arrested more than 50 thousand people in operations against suspected supporters of Fethullah Gulen, who lives in the United States and has repeatedly denied the charges. His foundation FETÖ runs around 40 schools in the Western Balkans including 15 institutions in Bosnia, 12 in Albania, 7 in Macedonia, five in Kosovo and one in Serbia. Observers say that Turkish influence in the Western Balkans extends to specifically Muslim-populated environments, such as Kosovo, Albania, Macedonia and Bosnia and Herzegovina.","A reaction distributed by the Turkish embassy in Pristina says that the allies should not try to block measures against the FETÖ organization, which Ankara accuses of the 2016 coup d'état.","What were the legal and procedural violations identified by the parliamentary commission in Kosovo regarding the expulsion of six Turkish citizens in 2018, and how did this operation impact political and institutional dynamics in the country?","The commission's findings, which suggest 31 legal or procedural violations by the Kosovo Intelligence Agency, the Ministry of Internal Affairs and other institutions, raise concerns about fraud on the part of key security agencies, as well as the sensitivity of the security sector to political manipulation,"" the U.S. Embassy statement reads, among other things. On March 29, 2018, authorities in Kosovo arrested six Turkish citizens, employees of institutions owned by Turkish cleric Fethullah Gulen, whom Turkish President Recep Tayyip Erdogan blames for an attempted coup in Turkey in 2016. The six handed over to the Turkish authorities in an operation that left behind a lot of ambiguity, a lot of criticism of the institutions and sparked a clash of statements between Turkish President Recep Tayyip Erdogan and Kosovo's Prime Minister, Ramush Haradinaj.",0.5871737003326416,"
The Turkish Embassy in Pristina issued a response on Thursday regarding reactions from Ankara to the incidents involving the arrest of six Turkish officials by Kosovo authorities a year ago. In its statement, it quotes the spokesperson for the Turkish Ministry of Foreign Affairs, Hami Aksoy, as saying: “We are achieving concrete results in our fight against the terrorist organization FETO abroad. It is increasingly understood that the organization in question poses a serious threat, not only to Turkey but also to countries where it operates.” The statement mentions that organizations such as the Islamic Union and the Pakistani government have designated FETÖ as a terrorist organization. “Numerous schools run by FETÖ across the Western Balkans are closed, including 15 institutions in Bosnia, 12 in Albania, seven in North Macedonia, five in Kosovo, and one in Serbia,” said [individual]. It is stated that Turkish influence in the Western Balkans has stirred fears among local communities, particularly in Muslim-majority countries like Kosovo, Albania, North Macedonia, and Bosnia and Herzegovina.

On March 29, 2018, Kosovar authorities arrested six Turkish officials linked to the Gulen movement. Turkey’s President Recep Tayyip Erdoğan accused Fethullah Gülen, a religious leader living in the United States, of orchestrating a coup attempt against the Turkish government in 2016. The operation led to significant tension between Kosovo and Turkey, with mutual expulsions of senior officials. A parliamentary commission established in October 2018 identified 31 irregularities during the operation, primarily involving the intelligence agency and the Ministry of Foreign Affairs.

Turkey has arrested over 500,000 people in operations targeting Gülen’s supporters since the coup attempt. The FETÖ organization runs around 40 schools across the Western Balkans, including 15 in Bosnia, 12 in Albania, seven in North Macedonia, five in Kosovo, and one in Serbia. Observers note that Turkish influence in the Western Balkans has raised concerns among local communities, particularly in Muslim-majority countries such as Kosovo, Albania, North Macedonia, and Bosnia and Herzegovina.","
""Diplomatic Tensions Flare as Turkey Targets FETÖ Amid Regional Security Concerns in the Balkans.""","
The parliamentary commission identified 31 legal and procedural violations during the expulsion operation, including issues related to overreach of authority and lack of transparency. The operation strained relations between Kosovo and Turkey, leading to diplomatic tensions and the recall of ambassadors. It also highlighted internal governance challenges in Kosovo, undermining trust in its institutions."
"Britania tërheq shumë shtetas rusë, qofshin ata miq, apo armiq të qeverisë së Moskës. Ata joshen nga stili i jetës, bankat, butikët dhe komuniteti rus në kryeqytetin britanik. Korrespondenti i Zërit të Amerikës Henry Ridgwell në Londër shpjegon se për disa refugjatë politikë rusë, që janë vendosur në Londër dhe qytete tjera të Evropës Perëndimore, është e vështirë t’i shpëtojnë dorës së zgjatur të Kremlinit. Londra është destinacion i preferuar për shumë rusë që kërkojnë fillimin e një jete të re në Evropë, thotë ish diplomati britanik dhe njohësi i çështjeve ruse Ian Bond. “Keni një komunitet ku mund të bëheni pjesë. Egzistojnë disa gazeta në gjuhën ruse. Ka kisha dhe shkolla ruse”, thotë ai. Dëbimi nuk ofron gjithmonë siguri. Kritiku i Presidentit Putin, Aleksandër Litninenko vdiq pas helmimit me lëndë radioaktive në Londër më 2006. Britania fajëson Rusinë për vrasjen. Më 2018, ish agjenti i dyfishtë rus Sergei Skripal dhe vajza e tij Yulia u helmuan me Novichok, një agjent nervor që prodhohet vetëm nga qeveria ruse. Të dy mbijetuan, por një banore lokale vdiq pas kontaktit me helmin. Ish komandanti çeçen Zelimkhan Khangoshvili u qëllua për vdekje në një park të Berlinit më 2019. Gjermania thotë se pas vrasjes qëndron qeveria ruse. Moska mohon përfshirjen në këto vrasje dhe tentativa vrasjeje. Por analistët thonë se në dy dekadat e fundit ka pasur shumë vdekje të dyshimta të të dëbuarve politikë në Evropë. Për shumicën ende nuk është arritur drejtësi. “Ekzsiton një prirje tek disa vende evropiane të mendojnë se ndërsa rusët po vrasin rusët le të merren vetë me këto raste”, thotë Ian Bond nga Qendra evropiane për Reformën. Figura kryesore e opozitës ruse, Alexei Navalny dyshohet se është helmuar me Novichok në Siberi, prej nga u largua për trajtim në Berlin. Bankieri Bill Browder udhëhoqi përpjekjet për të bindur vendet perëndimore të miratojnë të ashtuquajturat “ligje Magnisky” që synojnë bllokimin e pasurive të zyrtarëve të Kremlinit të akuzuar për shkelje të të drejtave të njeriut. Nisma u mor pasi këshilltari i tij për taksat Sergei Magnitsky vdiq në një burg rus më 2009. “Presidenti Putin helmoi kundërshtarët politikë me armë kimike. Ai duhet të ndëshkohet. Por ende nuk ka asgjë”, thotë ai. Zoti Browder thotë se Evropa ka fuqi kundër zotit Putin dhe oligarkëve që e mbajnë atë në pushtet. “Të gjithë këta njerëz kanë vila në jug të Francës, në Sardenjë, në Marbella. I mbajnë llogaritë bankare në Zvicër, Paris dhe Londër. Nëse do të veprosh, shkoni pas asaj që ata lakmojnë më shumë, në mënyrë që të mendohen dy herë përara se të kryejnë veprime djallëzore. BE është çelësi”, thotë bankieri dhe aktivisti politik Bill Browder. Gjermania u kërkoi vendeve të Bashkimit Evropian vendosjen e sanksioneve ndaj Rusisë pas helmimit të zotit Navalny. Por çdo vend anëtar mund të përdor të drejtën e vetos për të bllokuar vendimin. “Gjithmonë shfaqet dikush që dëshiron t’i bëj nder Presidentit Putin, prandaj BE nuk mundet të veprojë efektshëm”, thotë zoti Browder. Gjermania është akuzuar për hipokrizi, ndërsa po ecën përpara me ndërtimin e tubacionit të gazit “Nord Stream 2” nga Rusia në brigjet e saj veriore. Kritikët, përfshirë Uashingtonin, thonë se tubacioni vetëm sa e pasuron Kremlinin. “Mendoj se kancelarja Merkel ishte nën presionin më të madh ndonjëherë për ta ndaluar atë”, thotë Ian Bond nga Qendra evropiane e Reformës. Gjermania dërgoi mostrat e marra nga Alexei Navalny në Organizatën për Parandalimin e Armëve Kimike në Hagë. Nëse konfirmohet përdorimi i helmit Novichok, Berlini thotë se do të bëj presion për më shumë sanskione ndaj Moskës.",Gjermania bën presion për më shumë sanskione ndaj Moskës.,"Britain attracts many Russian citizens, whether they are friends or enemies of the Moscow government. They are seduced by the lifestyle, banks, boutiques, and Russian community in the British capital. VOA correspondent Henry Ridgwell in London explains that for some Russian political refugees, who have settled in London and other Western European cities, it is difficult to escape the Kremlin's outstretched hand. London is a favorite destination for many Russians looking to start a new life in Europe, says former British diplomat and connoisseur of Russian affairs Ian Bond. ""You have a community you can be a part of. There are several Russian-language newspapers. There are Russian churches and schools,"" he says. Expulsion does not always offer security. President Putin's critic Alexander Litninenko died after being poisoned with radioactive substances in London in 2006. Britain blames Russia for the murder. In 2018, former Russian double agent Sergei Skripal and his daughter Yulia were poisoned with Novichok, a nerve agent that is produced solely by the Russian government. Both survived, but a local resident died after contact with the poison. Former Chechen commander Zelimkhan Khangoshvili was shot dead in a Berlin park in 2019. Germany says that the Russian government is behind the murder. Moscow denies involvement in these killings and attempted murders. But analysts say there have been many suspicious deaths of political exiles in Europe in the past two decades. For the majority, justice has not yet been achieved. ""There is a tendency in some European countries to think that while the Russians are killing the Russians, let them deal with these cases themselves,"" says Ian Bond of the European Reform Center. The main figure of the Russian opposition, Alexei Navalny, is suspected of being poisoned with Novichok in Siberia, from where he left for treatment in Berlin. Banker Bill Browder led efforts to persuade Western countries to pass so-called ""Magnisky laws"" aimed at blocking the assets of Kremlin officials accused of human rights violations. The initiative was taken after his tax adviser Sergei Magnitsky died in a Russian prison in 2009. ""President Putin poisoned political opponents with chemical weapons. He must be punished. But there is still nothing,"" he says. Mr. Browder says Europe has power against Mr. Putin and the oligarchs who keep him in power. ""All these people have villas in the south of France, in Sardinia, in Marbella. They hold bank accounts in Switzerland, Paris and London. If you are going to act, go after what they covet the most, so that they think twice about committing diabolical acts. The EU is the key,"" says banker and political activist Bill Browder. Germany asked European Union countries to impose sanctions on Russia after the poisoning of Mr. Navalny. But any member state can use the right of veto to block the decision. ""There is always someone who wants to do honor to President Putin, which is why the EU cannot act effectively,"" says Mr. Browder. Germany has been accused of hypocrisy as it moves forward with Russia's construction of the Nord Stream 2 gas pipeline on its northern coast. Critics, including Washington, say the pipeline only enriches the Kremlin. ""I think Chancellor Merkel was under the greatest pressure ever to stop it,"" says Ian Bond of the European Reform Center. Germany sent the samples taken by Alexei Navalny to the Organization for the Prevention of Chemical Weapons in The Hague. If the use of Novichok poison is confirmed, Berlin says it will press for more sanctions against Moscow.",Germany is pushing for more sanctions on Moscow.,"What challenges do Russian political refugees face in Europe, particularly in relation to the Kremlin's influence and actions?","VOA correspondent Henry Ridgwell in London explains that for some Russian political refugees, who have settled in London and other Western European cities, it is difficult to escape the Kremlin's outstretched hand. London is a favorite destination for many Russians looking to start a new life in Europe, says former British diplomat and connoisseur of Russian affairs Ian Bond. ""You have a community you can be a part of.",0.6571086049079895,"
Britania withdraws many Russian exiles, some of whom are enemies or former employees of the Moscow government. They are sought after by the style of life, banks, boutiques, and the Russian community in the British capital. Correspondent for *The Washington Post* Henry Ridgwell in London explains that for several political refugees from Russia, who have settled in London and other cities in Western Europe, it is difficult to escape the long arm of the Kremlin. London is a preferred destination for many Russians seeking the start of a new life in Europe, said British diplomat and Russian affairs expert Ian Bond. “You have a community where you can be part of it. There are some newspapers in the Russian language. There are churches and Russian schools,” he said. The hospitality does not always guarantee safety. Alexander Litvinenko, a critic of President Putin, died after being poisoned with radioactive material in London in 2006. Britain accused Russia of the killing. In 2018, former double agent Sergei Skripal and his daughter Yulia were poisoned with Novichok, a nerve agent produced only by the Russian government. Both survived, but a local police officer died after contact with the poison. Chechen commander Doku Umarov was also killed in France. Germany called on European Union countries to impose sanctions on Russia following the poisoning of Alexei Navalny. However, each member state can use its veto power to block the move. “Always someone comes out who wants to do business with President Putin, so the EU cannot act effectively,” said lawyer Bill Browder. Germany has been accused of hypocrisy, while it is preparing for the construction of the gas pipeline ""Nord Stream 2"" from Russia to its western borders. Critics, including Washington, say the pipeline serves only the Kremlin’s interests. “I think Chancellor Merkel was under the greatest pressure ever to stop it,” said Ian Bond from the European Reform Center. Germany sent samples taken from Alexei Navalny to the Organization for the Prohibition of Chemical Weapons in The Hague. If the use of Novichok is confirmed, Berlin said it would exert more pressure for additional sanctions against Moscow.","
""Brits Expel Russians as Political Refugees Find Sanctuary Amidst Conflict in Europe.""","
Russian political refugees in Europe face challenges such as targeted attacks and surveillance by the Kremlin, undermining their safety and freedom. Despite supportive communities in places like London, many struggle with psychological trauma and fear of persecution. European countries often find it difficult to hold Russia accountable due to political and economic ties, leaving refugees vulnerable to ongoing threats."
"Sezoni i festave që e bën Nju Jorkun një destinacion aq të njohur turistik është mbyllur. Me gjithë bukuritë e tij qyteti ka hyrë tani në javët më të ftohta të dimrit dhe jo të gjithë e përballojnë dot ngrohjen. Ramon Taylor i Zërit të Amerikës përgatiti këtë material. Për më shumë se 8 milionë njerëz që banojnë në Nju Jork, mënyra më e mirë për t'i mbijetuar të ftohtit është e thjeshtë – të vishesh trashë dhe të mos dalësh nga shtëpia. Por, për ata që nuk kanë mundësi puna është më e ndërlikuar. Sepse shumë njerëz nuk kanë para as për një pallto dimri. Tim Gibson është një vullnetar në organizatën Nju Jork Cares, grupi më i madh i menaxhimit vullnetar në këtë qytet. Çdo vit, duke filluar në tetor, ata bashkëpunojnë me bizneset për të mbledhur dhe shpërndarë pallto të përdorura për njerëzit në nevojë. Këtë vit kërkesa është për 103,000 pallto, një e katërta e tyre për fëmijët. Nisma përfshin 300 pika për dorëzimin e palltove në të gjithë qytetin, dhe më gjerë. Njerëzit mund të dhurojnë edhe xhaketa të reja përmes Amazon.com. Tani që temperaturat bien rregullisht nën zero, nuk ka më kohë për të pritur. Deri tani, organizata ""New York Cares"" ka mbledhur dhe dhuruar rreth 71.000 pallto për këtë vit. Siç shpjegon Derrick Matai, kandidatët më të mundshëm për t'i marrë ato nuk janë vetëm njerëzit e pastrehë. Për disa, dhurimi i një palltoje shihet me mirënjohje, të tjerë e shohin si diçka të natyrshme. Një dhuratë kaq bujare, për të cilën këta vullnetarë të Nju Jorkut ndihen krenarë: ""Faleminderit, Nju Jork!""","Për më shumë se 8 milionë njerëz që banojnë në Nju Jork, mënyra më e mirë për t'i mbijetuar të ftohtit është e thjeshtë – të vishesh trashë dhe të mos dalësh nga shtëpia.","The holiday season that makes New York such a popular tourist destination is over. For all its beauties, the city has now entered the coldest winter weeks and not everyone can afford the heat. Ramon Taylor of VOA prepared this material. For the more than 8 million people who reside in New York, the best way to survive the cold is simple – dress thickly and don't leave the house. But, for those who do not have the opportunity, the work is more complicated. Because many people don't even have money for a winter coat. Tim Gibson is a volunteer at the New York Cares organization, the largest volunteer management group in this city. Every year, starting in October, they partner with businesses to collect and distribute used coats to people in need. This year the demand is for 103,000 coats, a quarter of them for children. The initiative includes 300 coat delivery points throughout the city, and beyond. People can also donate new jackets through Amazon.com. Now that temperatures regularly drop below zero, there is no more time to wait. So far, the New York Cares organization has collected and donated about 71,000 coats for this year. As Derrick Matai explains, the most likely candidates to get them are not just homeless people. For some, donating a coat is viewed with gratitude, others see it as something natural. Such a generous gift, of which these New York volunteers feel proud: ""Thank you, New York!""","For the more than 8 million people who reside in New York, the best way to survive the cold is simple – dress thickly and don't leave the house.",What is the New York Cares organization doing to help people during the cold winter weeks?,"Because many people don't even have money for a winter coat. Tim Gibson is a volunteer at the New York Cares organization, the largest volunteer management group in this city. Every year, starting in October, they partner with businesses to collect and distribute used coats to people in need.",0.7078571319580078,"
The winter season that makes New York City such a well-known tourist destination has arrived. With all its beauty, the city has now entered the coldest months of the year, and not everyone is able to withstand the cold. Ramon Taylor of The New York Times prepared this report. For more than 8 million people living in New York, the best way to survive the cold is simple—wear a coat and don’t leave the house. But for those who cannot work, it’s more complicated. Because many people don’t have enough money for even one warm coat. Tim Gibson is a volunteer with New York Cares, the largest volunteer-run organization in the city. Every year, starting in October, they collaborate with businesses to collect and distribute used coats to those in need. This year, they are seeking 103,000 coats, a quarter of which are for children. The campaign includes 300 drop-off points across the entire city and beyond. People can also donate new coats through Amazon.com. Now that temperatures regularly dip below zero, there’s no time to waste. So far, the organization ""New York Cares"" has collected and distributed around 71,000 coats for this year. As Derrick Matai explains, the most eligible candidates to receive them are not only those in need. For some, receiving a coat is seen as a sense of belonging; others see it as something natural. A donation like this, which these New York volunteers help make possible: ""Thank you, New York!""","
""New York in Crisis: How Communities Are Coming Together to Provide Coats for Those Who Can’t Afford Them""","
New York Cares organizes coat drives in collaboration with local businesses to collect and distribute used coats during cold winters. This year, they aim to gather 103,000 coats, including many for children, to help those in need stay warm. Coats can be donated at over 300 drop-off locations across the city or online via Amazon.com."
"Reagimet e studiuesve këtu në Uashington ishin pothuajse të gjitha në të njëjtën linjë, se vrasja e sotme e fut Serbinë në një udhëkryq të ri dhe se kjo situatë do të ketë një ndikim të caktuar edhe për Kosovën. Studiuesi i çështjeve të Ballkanit, tha në një intervistë se zoti Xhinxhiç ishte vërtet i angazhuar për reformën dhe në përpjekjet për të sjellë demokracinë në Serbi, për të kapërcyer të kaluarën e saj. Zoti Hooper nuk mendon se zoti Xhinxhiç ishte nacionalist, përkundrazi ai përpiqej ta kapërcente epokën e nacionalizmit në Serbi. Me këtë vrasje, Serbia po hyn ndoshta në një epokë të re errësire, thotë zoti Hooper. Populli serb asnjëherë nuk e ka dënuar plotësisht nacionalizmin ekstrem të kohës së Millosheviçit. Pët fat të mirë, zoti Millosheviç ndodhet në Hagë, po ashtu edhe zoti Sheshel, pra ata nuk do të jenë faktorë politikë dhe nuk do të kërkojnë dot poste politike dhe zoti Xhinxhiç ka meritë për këtë. Por sistemi i krimit dhe i nacionalizmit të skajshëm do të jenë tani një sfidë për popullin serb. Pra mbetet për të parë nëse forcat demokratike do të bashkohen dhe do të zgjedhin udhëheqës të rinj për ta zëvendësuar, thotë eksperti i Ballkanit. Zoti Xhinxhiç ishte një udhëheqë politik shumë i efektshëm dhe i aftë për të organizuar. Prandaj me vdekjen e tij kam frikë se do të shohim kthimin në një epokë të errët për Serbinë dhe për popullin serb, thotë zoti Hooper. Mendoj se është e nevojshme që opozita serbe të bashkohet pa vonesë. Vdekja e zotit Xhinxhiç nuk do ta ndërlikonte situatën vetëm në kuptimin e politikës së brendëshme por edhe në marrëdhëniet ndërkombëtare. Federatës tani do t’i duhet të zgjedhë një president dhe një kryeministër. Prandaj, forcat demokratike kanë tani përpara një sfidë serioze. Ndërsa duke iu përgjigjur pyetjes se ç’ndikim do të ketë kjo vrasje për Kosovën, zoti James Hooper tha se në spektrin e politikanëve serbë, qendrimi tij jonacionalist në politikën serbe ishte maksimumi që mund të përfitonin shqiptarët e Kosovës nga lëvizja për demokraci e Serbisë. Kur ai hodhi propozimin që të fillonte procesi i statusit të ardhëm të Kosovës, megjithëse synimi i tij ishte ndarja, ai u përpoq të mbante qendrimin më pak nacionalist që të ishte e mundur në krahasim me politikanët e tjerë. Sipas zotit Hooper, tani, pas vdekjes së zotit Xhinxhiç, shqiptarët e Kosovës duhet të përqendrohen menjëherë te çështja e statusit të ardhshëm, ata nuk duhet të lejojnë që ky proces të zvarritet. Kjo është urgjente, sepse kam frikë se Serbia do të hyjë përsëri në një periudhë të re errësire. Kosova nuk duhet të bëhet pjesë e kësaj errësire ajo duhet të qendrojë jashtë saj. Për këtë arësye, politikanët e Kosovës duhet të veprojnë me shumë shpejtësi në komnunitetin ndërkombëtar për të garantuar se kjo do të bëhet me mënyrën e duhur, shpjegon studiuesi i çështjeve ballkanike, James Hooper. Ndërsa nëndrejtorja ekzekutive e Institutit Amerikan të Paqes, tha në një intervistë se periudha që do të pasojë vrasjen do të jetë e mbushur me pasiguri të mëdha dhe jostabilitet. Zoti Xhinxhiç ishte një udhëheqës që fliste me kurajo në dy aspekte ku ndaheshin grupet politike të Serbisë: në çështjen e reformës dhe në atë të dorëzimit të kriminelëve të luftës në Hagë. Kjo pasiguri do të krijojë një mungesë të madhe qendrueshmërie. A do të ketë apo jo ndonjë person tjetër në partinë e tij që do të pasojë zotin Xhinxhiç - ky do të jetë një tregues për popullin serb se sa larg janë ata nga demokratizimi dhe nga reforma. Kjo pasiguri që mund të krijohet tani, do të bëjë që shumë njerëz ti largohen reformës dhe ta përqendrojnë vemendjen në çështje të tjera. Prandaj le të shpresojmë se në një situatë të tillë do të dalin njerëz të tjerë që do të ngrihen në lartësinë e kërkesave të kohës dhe që nuk do të lejojnë që plumbi i vrasësit ta fusë Serbinë në një rrugë e cila do ta dëmtonte akoma më shumë nivelin e jetesës në Serbi. Pra kemi të bëjmë me një pikë tepër kritike në historinë e Serbisë. Ndërsa lidhur me Kosovën, zonja Hintges, nëndrejtore ekzekutive e Institutit Amerikan të Paqes, shpjegon se është e vështirë të thuhet se çfarë udhëheqësish do të dalin tani në skenë në Serbi, por një periudhë pasigurie nuk mund të jetë e mirë për Kosovën, sepse çështja e statusit duhet diskutuar, dhe zoti Xhinxhiç ishte shprehur për këtë. Tani për tani nuk ka të ngjarë që udhëheqës të tjerë në Serbi të angazhohen për ta vazhduar një punë të tillë për shkak të problemeve të tjera, tha zonja Hintges. , i Institutit për Studime Strategjike dhe Ndërkombëtare tha se kjo eshte nje krize e madhe politike per Serbine e cila tani jo vetem qe eshte pa president, por edhe pa kryeminister. Në Serbi pritet të zhvillohet nje beteje e ashper politike gjatë javëve të ardhshme. Kjo vrasje mund te vere ne rrezik disa prej reformave qe kishin filluar por po ashtu edhe planet për reforma në të ardhme. Pyetja qe shtrohet tani eshte kush e beri, a do te dalin pergjegjësit para drejtesise, a eshte kjo vrasje shenja e pare e betejave te ardhshme politike. Me siguri kjo vrasje do te coje ne renien e qeverise dhe ne zgjeddje te parakohshme. Duke folur për ndikimin që do të ketë kjo vrasje në një dialog të mundshëm të Beogradit me Kosovën, zoti Bugajski tha se nuk mendon se do te kete ndonje dialog. Ai tha se nuk sheh ndonje politikan serb te dalë si figura kryesore per bisedime dhe Prishtina nga ana tjeter nuk është e interesuar per dialog tani. Derisa gjendja ne Serbi te sqarohet dhe aty te kete nje qeveri pro-perendimore nuk besoj se do të kete njeri te merret me Kosoven. Kosova duhet te ece vete ne rrugen e saj, tha zoti Bugajski.","Derisa gjendja në Serbi të sqarohet, aty nuk do të ketë ndonjë politikan që të merret me çështjet e Kosovës, thone analistet","The reactions of scholars here in Washington were almost all in the same line, that today's murder puts Serbia at a new crossroads, and that this situation will have a certain impact on Kosovo as well. The Balkan affairs researcher said in an interview that Mr Djindzic was really committed to reform and to trying to bring democracy to Serbia, to overcome its past. Mr Hooper does not think that Mr Djindzic was a nationalist, on the contrary he was trying to overcome the era of nationalism in Serbia. With this murder, Serbia is perhaps entering a new era of darkness, says Mr. Hooper. The Serbian people have never fully condemned the extreme nationalism of Milosevic's time. Fortunately, Mr. Milosevic is in The Hague, as is Mr. Seselj, so they will not be political factors and they will not be able to seek political positions, and Mr. Djindzic deserves that. But the system of crime and extreme nationalism will now be a challenge for the Serbian people. So it remains to be seen whether the democratic forces will unite and elect new leaders to replace him, says the Balkan expert. Mr. Djindzic was a very effective and capable political leader. So with his death I fear that we will see a return to a dark era for Serbia and for the Serbian people, says Mr. Hooper. I think it is necessary for the Serbian opposition to unite without delay. The death of Mr Djindzic would complicate the situation not only in terms of domestic politics, but also in international relations. The federation will now have to elect a president and a prime minister. Therefore, the democratic forces now face a serious challenge. While responding to the question of what impact this murder will have on Kosovo, Mr. James Hooper said that on the spectrum of Serbian politicians, his non-nationalist stance on Serbian politics was the maximum that Kosovo Albanians could benefit from Serbia's democracy movement. When he put forward the proposal to start the process of Kosovo's future status, although his goal was partition, he tried to maintain the least nationalist stance possible compared to other politicians. According to Mr. Hooper, now, after the death of Mr. Djindzic, Kosovo Albanians should immediately focus on the issue of future status, they should not allow this process to drag on. This is urgent, because I am afraid that Serbia will enter a new period of darkness again. Kosovo should not become part of this darkness, it should stay out of it. To this end, Kosovo's politicians must act very quickly in the international community to guarantee that this will be done in the right way, explains Balkan affairs researcher James Hooper. While the executive deputy director of the American Institute of Peace said in an interview that the period that will follow the murder will be filled with great uncertainty and instability. Mr Djindzic was a leader who spoke courageously on two aspects where Serbia's political groups were divided: on the issue of reform and on the issue of handing over war criminals to The Hague. This uncertainty will create a great lack of stability. Whether or not there will be any other person in his party who succeeds Mr Djindzic - this will be an indication to the Serbian people how far they are from democratisation and reform. This uncertainty that may be created now will cause many people to turn away from the reform and focus on other issues. Therefore, let's hope that in such a situation other people will emerge who will rise to the demands of the time and who will not allow the killer's bullet to put Serbia on a path that would further damage the standard of living in Serbia. So we are dealing with a very critical point in the history of Serbia. As for Kosovo, Ms. Hintges, deputy executive director of the American Institute of Peace, explains that it is difficult to say what leaders will now take the stage in Serbia, but a period of uncertainty cannot be good for Kosovo, because the status issue needs to be discussed, and Mr. Djindzic had spoken out about it. For now, it is unlikely that other leaders in Serbia will commit to continuing such work due to other problems, Ms. Hintges said. , of the Institute for Strategic and International Studies, said that this is a major political crisis for Serbia which is now not only without a president, but also without a prime minister. A fierce political battle is expected to take place in Serbia over the next few weeks. This murder could jeopardize some of the reforms that had begun but also plans for future reforms. The question that now arises is who did it, will those responsible be brought to justice, is this murder the first sign of future political battles. Surely this murder will lead to the fall of the government and premature elections. Speaking about the impact that this assassination will have on a possible dialogue between Belgrade and Kosovo, Mr. Bugajski said that he does not think there will be any dialogue. He said that he does not see any Serbian politician emerging as a key figure for talks and Pristina, on the other hand, is not interested in dialogue now. Until the situation in Serbia is clarified and there is a pro-Western government there, I don't believe that there will be anyone to deal with Kosovo. Kosovo must walk its own way, Mr. Bugajski said.","Until the situation in Serbia is clarified, there will be no politician there to deal with Kosovo issues, analysts say","What impact did the assassination of Mr. Djindzic have on Serbia's political stability and its relations with Kosovo, according to the experts mentioned in the text?","The death of Mr Djindzic would complicate the situation not only in terms of domestic politics, but also in international relations. The federation will now have to elect a president and a prime minister. Therefore, the democratic forces now face a serious challenge.",0.6018784642219543,"
The death of Serbian political leader Aleksandar Vulin has raised significant concerns about stability, reforms, and dialogue with Kosovo in Serbia. Experts warn that this loss could disrupt ongoing efforts towards democratization and regional cooperation.

Vulin, known for his pragmatic approach and ability to unite diverse political factions, played a crucial role in navigating Serbia's complex political landscape. His passing leaves a void in leadership, particularly in addressing critical issues such as economic reforms and the fight against organized crime.

Experts predict that the vacuum left by Vulin’s death could lead to internal divisions within the ruling coalition and delay or derail much-needed reforms. The absence of a strong leader may also weaken Serbia's position in international negotiations, particularly regarding its relations with Kosovo.

Analysts emphasize that the coming months will be pivotal for Serbia as it grapples with leadership gaps and strives to maintain momentum on key issues like EU integration and internal stability. The political uncertainty could potentially affect dialogue between Belgrade and Prishtina, further complicating regional dynamics.

In summary, Vulin’s death marks a critical turning point for Serbia, with significant implications for its political trajectory and external relations.","
""Serbia's Political Future in Turmoil Following Assassination, with Implications for Kosovo Dialogue.""","
This text discusses the political crisis in Serbia following the death of former Prime Minister Zoran Zorov, focusing on its impact on reforms, the trial of war crimes suspects at The Hague, and the implications for Kosovo's status. Experts warn that the current instability may hinder progress toward meaningful dialogue between Belgrade and Prishtina, as neither side appears willing to engage constructively in the near future."
"Zyrtarët në Uashington dhe amerikanët ndihen disi më të lehtësuar pas vendimeve të Kongresit amerikan lidhur me një plan kompromisi për të shmangur të ashtuquajturën “greminë fiskale” me rritje taksash dhe shkurtime buxhetore që do të kishte rikthyer ekonominë amerikane në recesion. Por siç na njeh materiali në vazhdim, beteja të metjeshme priten mes Shtëpisë së Bardhë dhe Kongresit mbi shpenzimet dhe taksat. Përfundimisht, ligjvënësit ndërmorën veprime për të parandaluar rënien në “greminën fiskale”. Ndërkohë presidenti Obama po i paralajmëron republikanët që të mos nxjerrin pengesa për rritjen e tavanit të borxhit për qeverinë amerikane. Ky debat mund të fillojë ndoshta qysh muajin që vjen. Shumë republikan ishin të pakënaqur që kompromisi bëri shumë pak për të ulur shpenzimet qeveritare. Spencer Bachus është ligjvenës nga Alabama. Republikanët po presin afatin tjetër pas dy muajsh, ku Kongresi duhet të veprojë për të shmangur hyrjen në fuqi automatikisht të shpenzimeve. Rizgjedhja e presidentit Obama i jep atij avantazh mbi republikanët, thotë analisti i Insitutit Brookings, Thomas Mann. Por presidentit do t’i duhet të jetë më i hapur për të bërë kompromis në muajt që vijnë, thotë ish shefi i personelit të Shtëpisë së Bardhë në kohën e presidentit Reagan, Ken Duberstein. Shumica e votuesve duan që Kongresi dhe presidenti të gjejnë një gjuhë të përbashkët, thotë William Galston me Insitutin Brookings. Debatet që do të pasojnë mbi kontrollin e armëve dhe reformën e imigracionit gjithashtu mund të bllokohen, thotë analisti republikan Scot Faulkner. Ndonëse në tërësi demokratët kanë më shumë vende, Kongresi e ri vazhdon të jetë i ndarë mes demokratëve që ruajnë shumicën në Senat dhe republikanëve që vazhdojnë të kontrollojnë Dhomën e Përfaqësuesve.",Marrëveshja e arritur ishte kompromis për të shmangur të ashtuquajturën “greminë fiskale”,"Officials in Washington and Americans feel somewhat more relieved after the decisions of the US Congress regarding a compromise plan to avoid the so-called ""fiscal precipice"" with tax increases and budget cuts that would have returned the US economy to recession. But as the following material recognizes, flawed battles are expected between the White House and Congress over spending and taxes. Eventually, lawmakers took action to prevent the fall into the ""fiscal precipice."" Meanwhile, President Obama is warning Republicans not to issue obstacles to raising the debt ceiling for the US government. This debate can probably start as early as next month. Many Republicans were unhappy that the compromise did too little to cut government spending. Spencer Bachus is a lawmaker from Alabama. Republicans are waiting for the next deadline in two months, where Congress must act to avoid automatically enacting the spending. President Obama's re-election gives him an advantage over Republicans, says Brookings Institution analyst Thomas Mann. But the president will need to be more open to compromise in the coming months, says former White House chief of staff under President Reagan, Ken Duberstein. Most voters want Congress and the president to find common ground, says William Galston with the Brookings Institution. The ensuing debates on gun control and immigration reform could also be blocked, says Republican analyst Scot Faulkner. Although overall the Democrats have more seats, the new Congress continues to be divided between the Democrats who retain the majority in the Senate and the Republicans who continue to control the House of Representatives.","The agreement reached was a compromise to avoid the so-called ""fiscal precipice""",What challenges are expected between the White House and Congress regarding spending and taxes following the compromise to avoid the 'fiscal precipice'?,"Officials in Washington and Americans feel somewhat more relieved after the decisions of the US Congress regarding a compromise plan to avoid the so-called ""fiscal precipice"" with tax increases and budget cuts that would have returned the US economy to recession. But as the following material recognizes, flawed battles are expected between the White House and Congress over spending and taxes. Eventually, lawmakers took action to prevent the fall into the ""fiscal precipice.""",0.8111057877540588,"
The decisions made by the American Congress regarding a compromise plan to avoid the so-called ""fiscal cliff,"" which would have involved tax increases and budget cuts that could have pushed the U.S. economy into recession, have somewhat eased fears for Washington and Americans. However, as the following material indicates, tension persists between the White House and Congress over spending and taxes. Ultimately, lawmakers are taking action to prevent a collision with the ""fiscal cliff."" Meanwhile, President Obama is urging Republicans not to hold back on raising the debt ceiling for the U.S. government. This debate could potentially begin within a month. Many Republicans were dissatisfied that the compromise did too little to reduce government spending. Spencer Bachus, a Republican from Alabama, believes another showdown will occur in two months when Congress must act to prevent automatic spending cuts from taking effect. President Obama's re-election gives him an advantage over Republicans, said Thomas Mann, an analyst at the Brookings Institution. However, the president will need to be more flexible to make compromises in the coming months, said Ken Duberstein, who was chief of staff to President Reagan. Most voters want Congress and the president to find common ground, said William Galston of the Brookings Institution. The debates over defense spending and immigration reform that could follow might also be stalled, said Republican analyst Scot Faulkner. Despite having more seats overall, Democrats still face a divided Congress with Republicans controlling the House of Representatives while maintaining a majority in the Senate.","
""Washington's Ongoing Fiscal Showdown: A Tug-of-War Between Democrats and Republicans""","
The White House and Congress face challenges over spending cuts and tax increases following the fiscal cliff compromise. President Obama opposes raising corporate taxes, while Republicans criticize the deal for insufficient spending reductions. Additional debates on defense cuts and immigration reform may also arise, further complicating efforts to avoid future budget crises."
"Në mëngjesin e lutjeve merrte pjesë një numër i madh përfaqësuesish shqiptarë, përfshirë Ministrin e Mbrojtjes, zotin Pandeli Majko. Zoti Majko dha një intervistë për Zërin e Amerikës: Zoti Majko, kjo është hera e katërt, apo e pestë që ju merrni pjesë në takime të tilla. Përveç forcimit të lidhjeve midis Shqipërisë dhe Shteteve të Bashkuara, çfarë domethënie ka ky aktivitet për ju personalisht? Jo vetëm për mua personalisht, por është një grup deputetësh në Shqipëri, që realizon një aktivitet të natyrës së tillë dhe që ka tërhequr edhe vëmendjen e një lobingu mjaft të fortë të kongresmenëve amerikanë, të cilët kanë qenë prezent vitin e kaluar, në këtë aktivitet të zhvilluar, edhe me pjesëmarrjen e figurave të rëndësishme të politikës shqiptare. Kjo ka bërë më të qartë pikërisht atë relacion fetar që ekziston në Shqipëri, atë moderacion dhe bashkëpunim, i cili mund të merret shembull për rajonin, nga pikëpamja e asaj çka ka ndodhur edhe në të kaluarën. Shqipëria për relacionet e veta fetare është një shembull dhe normalisht edhe për këtë arsye, edhe për mënyrën sesi ne e kemi ndjekur aktivitetin e Mëngjesit të Lutjeve në vazhdim prej vitesh, sigurisht që tani mund të jemi normalisht, jo thjesht të ftuar, por edhe pjesëmarrës dhe organizues të këtij takimi të Mëngjesit të Lutjeve këtu në Washington. Ai ngelet një nga aktivitetet më të rëndësishme, si për të patur komunikim njerëzor, ashtu edhe për të patur komunikim zyrtar. Zoti Majko, në qoftë se më lejoni do të kisha dëshirë të citoj diçka nga fjalimi që mbajti Presidenti Bush kur tha se A ekziston një koncept i tillë në Shqipëri? A ndodh një gjë e tillë mes politikanëve shqiptarë? Mendoj që po. Pavarësisht se publiku është mësuar të shikojë, në perceptimin e lajmeve që ofrohen në Shqipëri, le të themi fakte, apo mënyra veprimi të politikanëve, që shpesh i bëjnë të trishtohen, në përgjithësi, politikanët shqiptarë nuk mund të jenë ata të viteve 1991-1992, ku bërtiteshin, shaheshin, nuk flisnin me gojë me njëri-tjetrin, bile edhe kur vinin në delegacione jashtë vendit, rrinin të ndarë dhe pa folur me njëri-tjetrin. Tani gjithçka ka ndryshuar. Ka një komunikim njerëzor dhe në fund të fundit, po troket ajo që quhet maturi politike, flas si për klasën politike që i takon maxhorancës, ashtu edhe për atë që i takon opozitës. Tani bëhet fjalë shpesh edhe për miq, për miqësi familjare që kanë politikanë të majtë dhe politikanë të djathtë. Tanimë nuk diskutohet më vetëm alternativa e kësaj, apo e asaj, e kësaj finance, apo e asaj finance, por diskutohet edhe shëndeti i fëmijëve, diskutohen edhe probleme të natyrave të ndryshme. Pra Mëngjesi i Lutjeve, ashtu siç tha edhe Presidenti Bush, është një moment kur ne duhet të kujtojmë që përveçse politikanë, jemi edhe njerëz. Zoti Majko, Shqipëria është një nga aleatet më të ngushta të Shteteve të Bashkuara në të ashtuquajturën “Evropën e re”. Si e shikoni ju rolin e Shqipërisë, ambiciet tuaja për t’u anëtarësuar në NATO, sa përparim keni arritur deri tani? Ne i shikojmë si një moment shumë komplementar marrëdhëniet tona me Shtetet e Bashkuara të Amerikës dhe me Bashkimin Evropian. Sigurisht që nuk besoj se do të viheshim në tendencën, që proamerikanizmi i Shqipërisë ka të bëjë me ide antievropiane. Këtë jemi përpjekur t’ua shpjegojmë edhe shumë individëve, qoftë edhe të huaj, të cilët shpesh përpiqen ta keqinterpretojnë pozicionin e Shqipërisë. Sigurisht, që në momentin që ka pasur disa ndarje në gjirin e Bashkimit Evropian, rreth pjesëmarrjes ose jo në luftën e Irakut, Shqipëria ka qenë më se e vendosur në këtë drejtim dhe në këtë pikëpamje, ajo nuk ja qenë thjesht në konceptin e yes-men-it (atij që thotë po vazhdimisht), por në mbrojtjen e interesave të veta. Shtetet e Bashkuara të Amerikës, prezenca e tyre në Kosovë, në territorin e banuar nga shqiptarët, për ne është një arsye, unë do të thosha më shumë se e domosdoshme për stabilitetin e rajonit, duke patur parasysh atë që bënë Shtetet e Bashkuara të Amerikës në vitin 1999 për Kosovën dhe shqiptarët, gjithçka del mëse e natyrshme. Për më tepër, siç edhe jeni në dijeni, edhe heroi i parë shqiptar, është jo me uniformë shqiptare, ishte me uniformën e marinsit amerikan, por kjo nuk do të thotë se kjo e zbeh, përkundrazi simboli ishte edhe më i prekshëm, edhe më i dukshëm. Për këtë arsye forcat e armatosura të Republikës së Shqipërisë, e konsideruan Ervin Dervishin pjesëtar të forcave të armatosura të Shqipërisë dhe i organizuan të gjitha nderet që ai meritonte. Gjatë këtyre ditëve ju keni patur një seri takimesh me zyrtarë amerikanë. Çfarë përshtypjesh keni nga këto takime? Të them të drejtën, përsa i përket reformës së forcave të armatosura, kishim vetëm fjalë të mira dhe kjo deri diku na vinte edhe në pozitë të vështirë, sepse përgjithësisht, ne politikanët shqiptarë jemi mësuar që marrim edhe mesazhe negative, ose përpiqemi të kuptojmë se çfarë nuk shkon, në atë qe jemi duke bërë. Por dëshiroj të them, që falë edhe bashkëpunimit shumë të frytshëm që kemi me Pentagonin, boll të them që aktualisht në Ministrinë e Mbrojtjes, 10 për qind e administratës janë qytetarë amerikanë, të cilët punojnë krah për krah elitës ushtarake shqiptare, për të zhvilluar më tej reformën dhe strukturimin e forcave të armatosura, është pa koment. Jemi duke ecur në një rrugë të mbarë dhe fjalët shpresoj se do të orientohen shumë shpejt në vendim-marrje pozitive për të ardhmen e Shqipërisë në radhët e NATO-s. Zoti Majko, ju pothuajse gjithmonë jeni optimist, një politikan pozitiv. Por sa përputhen këto mendime optimiste që shprehët ju, me realitetin në Tiranë. E kam fjalën për mosmarrëveshjet në radhët e Partisë Socialiste. Siç mund ta dini, dje ish-kryeministri Meta i ka dërguar një letër Presidentit, ambasadave, ku pohon se ai ndjehet i kërcënuar nga Kryeministri Nano. Si i shikoni ju këto zhvillime dhe sa mund ta tolerojë sistemi politik shqiptar një paqartësi, ose një mungesë qëndrueshmërie politike? Unë nuk është se përpiqem t’i hedh një vello optimizmi asaj që po ndodh në Shqipëri. Por dëshiroj, që në gotën gjysmë të mbushur të ujit, të merrem me atë që është plot dhe jo me atë që është bosh. Nga kjo pikëpamje mendoj që sigurisht midis politikanëve shqiptarë ka patur dhe do të ketë probleme shpesh edhe të karakterit personal, shpesh përplasje, fyerje dhe në fund të fundit publiku shqiptar është deri diku i mësuar me të tilla ofendime, apo akuza, të cilat shpesh kapërcejnë edhe kufijtë e normalitetit. E kam fjalën edhe për debatet parlamentare mes pozitës dhe opozitës. Por besoj që edhe ju si shqiptar nga Shtetet e Bashkuara, që e ndiqni politikën shqiptare, keni parë shumë shpesh se njerëz që e kanë akuzuar njëri-tjetrin për kriminel, si në rastin e doktor Berishës dhe zotit Nano, kur ka qenë rasti për momente delikate të politikës, janë ulur në tryezën e bisedimeve, kanë gjetur zgjidhje, kanë gjetur alternativat e stabilitetit. Kam përshtypjen se në fund të fundit, pas kalimit të një vargu problematikash, sharjesh, ofendimesh, politikanët e kanë mësuar që nuk para fitohen shumë pikë me konceptin e fyerjes së njëri-tjetrit. Kështu që maturimi i klasës politike, po orienton atë që quhet normalisht profesionalizëm. Përsa i përket rastit në fjalë, të them të drejtën, është një ngjarje që ka ndodhur gjatë mungesës sime. Nga pikëpamja personale, dëshiroj të them, që për të dy figurat e Partisë Socialiste, qoftë për zotin Nano, kryeministrin e qeverisë, qoftë për Ilir Metën, me të cilin kam kaluar një të tretën e jetës sime, jo vetëm politike, por edhe atë normale, njerëzore, mendoj që janë dy njerëz që i kanë dhënë mjaft Partisë Socialiste. Secili ndjen një farë dëshpërimi për këtë lloj debati, që shpesh ka kaluar edhe kufijtë normal, por të shpresojmë se do të kalojë, do ta kalojmë këtë situatë. Nuk e them këtë për të qenë optimist, por gjithsesi mendoj, që ne duhet të dallojmë atë që është njerëzore, me që është politike në këtë histori. Kam përshtypjen se kjo është më tepër një histori njerëzore, sesa politike.",Ministri i Mbrojtjes i Shqipërisë Pandeli Majko jep intervistë për Zërin e Amerikës.,"The morning of prayers was attended by a large number of Albanian representatives, including the Minister of Defense, Mr. Pandeli Majko. Mr. Majko gave an interview to VOA: Mr. Majko, this is the fourth or fifth time that you have participated in such meetings. In addition to strengthening ties between Albania and the United States, what does this activity mean for you personally? Not only for me personally, but it is a group of MPs in Albania, which carries out an activity of such nature and which has also attracted the attention of a very strong lobbying of American congressmen, who were present last year, in this activity, also with the participation of important figures of Albanian politics. This has made clearer precisely the religious relationship that exists in Albania, that moderation and cooperation, which can be taken as an example for the region, from the point of view of what has happened in the past. Albania is an example of its religious relations and of course for this reason, and for the way we have been following the activity of the Morning of Prayers for years, of course now we can be normally, not just invited, but also participants and organizers of this Morning of Prayer meeting here in Washington. It remains one of the most important activities, both to have human communication and to have official communication. Mr. Majko, if you will allow me, I would like to quote something from the speech that President Bush gave when he said that does such a concept exist in Albania? Does such a thing happen among Albanian politicians? I think so. Despite the fact that the public is used to looking, in the perception of the news that is offered in Albania, let's say facts, or the way of acting of politicians, which often make them sad, in general, Albanian politicians cannot be those of the years 1991-1992, where they shouted, cursed, did not speak verbally to each other, even when they came to delegations abroad,  They were separated and without talking to each other. Now everything has changed. There is a human communication and at the end of the day, what is called political prudence is knocking, I am talking about both the political class that belongs to the majority, and the one that belongs to the opposition. Now it is often about friends, about family friendships that left-wing and right-wing politicians have. Now we are no longer discussing only the alternative of this, or that, of this finance, or of that finance, but also the health of children, problems of various natures are also discussed. So Prayer Morning, as President Bush said, is a moment when we need to remember that in addition to being politicians, we are also people. Mr. Majko, Albania is one of the closest allies of the United States in the so-called ""new Europe"". How do you see Albania's role, your ambitions to join NATO, how much progress have you made so far? We see our relations with the United States of America and with the European Union as a very complementary moment. Of course, I don't believe that we would get into the trend that Albania's pro-Americanism has to do with anti-European ideas. We have tried to explain this to many individuals, even foreigners, who often try to misinterpret Albania's position. Of course, since there have been some divisions within the European Union, about whether or not to participate in the Iraq war, Albania has been more than determined in this direction and in this view, it has not simply been in the concept of yes-men (the one who says yes all the time), but in the defense of its own interests. The United States of America, their presence in Kosovo, in the territory inhabited by Albanians, for us is a reason, I would say more than necessary for the stability of the region, considering what the United States of America did in 1999 for Kosovo and Albanians, everything comes more naturally. Moreover, as you are aware, even the first Albanian hero is not in an Albanian uniform, he was in the uniform of the American Marines, but this does not mean that this dilutes him, on the contrary, the symbol was even more tangible, and more visible. For this reason, the Armed Forces of the Republic of Albania considered Ervin Dervishi a member of the Armed Forces of Albania and organized all the honors he deserved. During these days, you have had a series of meetings with American officials. What impressions do you have of these meetings? To be honest, in terms of the reform of the armed forces, we had only good words and this to some extent put us in a difficult position, because generally, we Albanian politicians are used to receiving negative messages, or trying to understand what is wrong, in what we are doing. But I would like to say that thanks to the very fruitful cooperation we have with the Pentagon, suffice it to say that currently in the Ministry of Defense, 10 percent of the administration are American citizens, who work side by side with the Albanian military elite, to further develop the reform and structuring of the armed forces, it is without comment. We are on a good path and I hope that the words will be oriented very soon into positive decision-making for the future of Albania in the ranks of NATO. Mr. Majko, you are almost always an optimist, a positive politician. But how much do these optimistic opinions that you expressed match the reality in Tirana. I am talking about the disagreements in the ranks of the Socialist Party. As you may know, yesterday former Prime Minister Meta sent a letter to the President, embassies, where he claims that he feels threatened by Prime Minister Nano. How do you see these developments and how much can the Albanian political system tolerate an ambiguity, or a lack of political stability? It is not that I am trying to throw a veil of optimism on what is happening in Albania. But I want to deal with what is full in the half-filled glass of water and not with what is empty. From this point of view, I think that of course among Albanian politicians there have been and will often be problems of a personal character, often clashes, insults and in the end the Albanian public is to some extent accustomed to such insults, or accusations, which often exceed the limits of normality. I am also talking about the parliamentary debates between the position and the opposition. But I believe that even you, as an Albanian from the United States, who follow Albanian politics, have seen very often that people who have accused each other of criminals, as in the case of Dr. Berisha and Mr. Nano, when it was the case for delicate moments of politics, have sat at the negotiating table, have found solutions,  They have found alternatives to stability. I have the impression that at the end of the day, after going through a series of problems, insults, insults, politicians have learned that money doesn't earn many points with the concept of insulting each other. Thus, the maturation of the political class is orienting what is normally called professionalism. As for the case in question, to be honest, it is an event that happened during my absence. From a personal point of view, I would like to say that for both figures of the Socialist Party, whether for Mr. Nano, the prime minister of the government, or for Ilir Meta, with whom I have spent a third of my life, not only political, but also normal, human, I think they are two people who have given enough to the Socialist Party. Everyone feels a certain desperation for this kind of debate, which has often crossed the normal borders, but let's hope that it will pass, we will overcome this situation. I don't say this to be optimistic, but I still think that we have to distinguish between what is human, what is political in this story. I have the impression that this is more of a human story than a political one.","The Minister of Defense of Albania, Pandeli Majko, gives an interview to VOA.",What does Mr. Pandeli Majko believe the Morning of Prayers signifies for Albania and its political relationships?,"So Prayer Morning, as President Bush said, is a moment when we need to remember that in addition to being politicians, we are also people. Mr. Majko, Albania is one of the closest allies of the United States in the so-called ""new Europe"".",0.6782165169715881,"
The text you provided is already in English. If you have an Albanian text that needs to be translated into English, please provide it, and I will assist accordingly.","
Navigating Political Challenges: Reflections on Albania's Political Landscape","
The political system in Albania faces challenges such as personal conflicts and occasional instability among political figures. Despite these issues, there remains a hope that such disputes will eventually resolve themselves. The author believes that human aspects should be distinguished from political matters to foster stability and professionalism within the political class."
"Më shumë se 130 oficerë të Shërbimit Sekret të Shteteve të Bashkuara kanë rezultuar pozitivë me koronavirusin ose kanë qenë në kontakt të ngushtë me kolegët e infektuar, njoftoi gazeta ""The Washington Post"". Raporti, i botuar të premten, iu atribua tre personave ""me njohuri për stafin e agjencisë"". Oficerët e Shërbimit Sekret, të cilët, ndër të tjera, kanë edhe detyrën për të mbrojtur Presidentin Donald Trump kur ai udhëton, si dhe kur është në Shtëpinë e Bardhë, u urdhëruan kohët e fundit të vetëizoloheshin, thuhej në njoftim. Burimet, të cilët gazeta thotë se folën në mënyrë anonime që të shpreheshin më lirshëm, thanë se infeksionet besohet se kanë të bëjnë me tubimet e fushatës që Presidenti Trump mbajti para zgjedhjeve presidenciale të 3 nëntorit. Raporti citon gjithashtu burimet të thonë se rreth 10% e ekipit kryesor të sigurisë së agjencisë është ""mënjanuar"". Presidenti Trump, anëtarët e familjes së tij të ngushtë dhe një numër në rritje i zyrtarëve të Shtëpisë së Bardhë dhe të ekipit elektoral kanë rezultuar pozitivë kohët e fundit për koronavirusin pas aktiviteteve të fushatës, ku shumë zyrtarë të administratës dhe të pranishmit e tjerë nuk kishin maska. Shtëpia e Bardhë dhe Shërbimi Sekret nuk e komentuan menjëherë raportin, por zëdhënësi i Shtëpisë së Bardhë Judd Deere i tha gazetës se administrata e merr ""seriozisht çdo rast"" dhe e referoi gazetën tek Shërbimi Sekret për përgjigje ndaj pyetjeve për përhapjen e infektimeve. Një zëdhënës i agjensisë nuk pranoi të komentojë për gazetën. Vala e përhapjes e raportuar në radhët e oficerëve u shfaq ndërsa kriza e koronavirusit në Shtetet e Bashkuara vazhdon të përkeqësohet. Më shumë se 153'000 infektime të reja u raportuan të enjten, sipas Universitetit Johns Hopkins, hera e parë që totali i ri njëditor tejkaloi 150'000. Gati 10.6 milionë njerëz në Shtetet e Bashkuara kanë marrë koronavirusin, ndërsa numri i të vdekurve në vend afrohet tek 243'000, sipas Universitetit Johns Hopkins.","Sipas njoftimeve të mediave, mbi 130 anëtarë të Shërbimit Sekret amerikan kanë rezultuar pozitivë nga testimi për COVID-19","More than 130 United States Secret Service officers have tested positive for the coronavirus or have been in close contact with infected colleagues, The Washington Post reported. The report, published on Friday, was attributed to three people ""with knowledge of the agency's staff"". Secret Service officers, who, among other things, are also tasked with protecting President Donald Trump when he travels, as well as when he is at the White House, were recently ordered to self-isolate, the announcement said. The sources, who the newspaper says spoke anonymously to express themselves more freely, said the infections are believed to be related to the campaign rallies that President Trump held before the November 3 presidential election. The report also quotes sources as saying that about 10% of the agency's core security team has been ""sidelined"". President Trump, members of his immediate family, and a growing number of White House and election team officials have recently tested positive for the coronavirus after campaign activities, where many administration officials and other attendees did not wear masks. The White House and the Secret Service did not immediately comment on the report, but White House spokesman Judd Deere told the newspaper that the administration takes ""every case seriously"" and referred the newspaper to the Secret Service for answers to questions about the spread of infections. A spokesperson for the agency declined to comment for the newspaper. The wave of spread reported in the ranks of officers emerged as the coronavirus crisis in the United States continues to worsen. More than 153,000 new infections were reported on Thursday, according to Johns Hopkins University, the first time the new one-day total exceeded 150,000. Nearly 10.6 million people in the United States have contracted the coronavirus, while the death toll in the country approaches 243,000, according to Johns Hopkins University.","According to media reports, over 130 members of the US Secret Service have tested positive for COVID-19","What factors are believed to have contributed to the spread of coronavirus among United States Secret Service officers, according to the report?","The sources, who the newspaper says spoke anonymously to express themselves more freely, said the infections are believed to be related to the campaign rallies that President Trump held before the November 3 presidential election. The report also quotes sources as saying that about 10% of the agency's core security team has been ""sidelined"". President Trump, members of his immediate family, and a growing number of White House and election team officials have recently tested positive for the coronavirus after campaign activities, where many administration officials and other attendees did not wear masks.",0.7116459608078003,"
More than 130 Secret Service officers attached to the United States have tested positive for coronavirus or have had close contact with infected colleagues, according to ""The Washington Post."" The report, published on Friday, attributed its information to three individuals ""with knowledge of agency staff."" Secret Service agents, who among other duties are responsible for protecting President Donald Trump when he travels and while at the White House, were recently ordered to self-isolate, the report said. Sources, whom the newspaper said spoke anonymously to speak more freely, indicated that the infections were believed to be linked to the rallies held by President Trump before the November 3 presidential election. The report also cited sources saying that about 10% of the agency's core security team was ""compromised."" President Trump, his immediate family members, and an increasing number of White House staff and campaign officials have tested positive for coronavirus in recent weeks following rally activities where many administration and other personnel were not wearing masks. The White House and Secret Service did not immediately comment on the report, but a White House spokesperson told the newspaper that the administration ""takes every case seriously"" and referred to the Secret Service for answers to questions about infection protocols. An agency spokesperson declined to comment to the newspaper. Meanwhile, the number of reported infections among officers' circles was revealed as the U.S. coronavirus crisis continues to escalate. Over 153,000 new infections were reported on Thursday, according to Johns Hopkins University, the first time daily新增病例数超过15万。美国已有超过1060万人感染新冠病毒，死亡人数接近24.3万，根据约翰霍普金斯大学的数据。","
""Over 130 Secret Service Officers Test Positive for COVID-19 Amid President Trump’s Rally Activities.""","
The spread of coronavirus among U.S. Secret Service officers is believed to have been contributed by events held by President Trump before the November elections, where mask use was inconsistent. The report also cites close interactions among staff members as a factor in the transmission. Additionally, around 10% of the agency's core security team was reportedly affected."
"Wall Streeti shënoi dje rritje, në pritje tëvendimit të Bankës Qëndrore për të mos ndryshuar shkallën kyçe të interesit.Indekset kryesorë të aksioneve, pësuan ngritje që në fillim të ditës pasnjoftimeve se sektori i shërbimeve kishte përparuar në muajin korrik më mirë sesa pritej. Këto indekse shënuan një rritje prej gati 3 për qind pas njoftimittë Rezervës Federale. David Uajz është ekonomist me peshë për indeksin e njohursi S & P. tha ai. Banka Qëndrore i kaulur interesat me 0,75 për qind që nga shtatori i kaluar, në përpjekje për t'idhënë shtytje ekonomisë amerikane. Njoftimi i djeshëm është i dyti me radhë, qëe mban të pandryshuar shkallën e interesit. Duke shpjeguarvendimin, zyrtarët federalë thanë se ekzistojnë disavantazhe të rrezikshme përzhvillimin ekonomik, por edhe shqetësime të mëdha rreth inflacionit. Disa ekonomistë ekonsiderojnë këtë deklaratë si sinjal se interesat do të mbahet të pandryshuarderi në fund të vitit. Interesat, që bankat i vënë njëra tjetrës, ndikojnëtek interesat, që duhet të paguajnë konsumatorët, blerësit e shtëpive dhebizneset. Megjithëse ulja e interesave mund të stimulojë ekonominë, duke e bërëmë të lehtë shtimin e kapitalit, ekonomistët thonë se ulja e madhe e interesavemund të pasohet me ngritje të çmimeve. (ze)","Zyrtarët federalë thanë se ekzistojnë disavantazhe të rrezikshme për zhvillimin ekonomik, por edhe shqetësime të mëdha rreth inflacionit","Wall Street rose yesterday, pending the Central Bank's decision not to change the key interest rate. The main stock indices rose from the beginning of the day after the announcement that the services sector had progressed better than expected in July. These indices recorded an increase of nearly 3 percent after the Federal Reserve's announcement. David Wyatt is the weighted economist for the popular S&P index, he said. The Central Bank raised interest rates by 0.75 percent since last September, in an attempt to give a boost to the American economy. Yesterday's announcement is the second in a row, which keeps the interest rate unchanged. Explaining the decision, federal officials said there are dangerous disadvantages to economic development, but also major concerns about inflation. Some economists consider this statement as a signal that interest rates will be kept unchanged until the end of the year. The interest that banks put on each other affects the interest that consumers, home buyers and businesses have to pay. Although lowering interest rates may stimulate the economy, making it easy to raise capital, economists say that the big cut in interest rates could be followed by higher prices. (ze)","Federal officials said there are dangerous disadvantages to economic development, but also major concerns about inflation",What are the implications of the Central Bank's decision to keep the key interest rate unchanged for the economy and inflation?,"The Central Bank raised interest rates by 0.75 percent since last September, in an attempt to give a boost to the American economy. Yesterday's announcement is the second in a row, which keeps the interest rate unchanged. Explaining the decision, federal officials said there are dangerous disadvantages to economic development, but also major concerns about inflation.",0.7188981175422668,"
Wall Street reacted with gains as it awaited the Federal Reserve's decision not to change the benchmark interest rate level. Major stock indices rose initially during the day following reports that the services sector had performed better than expected in March. These indices saw an increase of about 3 percent after the Federal Reserve's statement. David Wajs, a key analyst for the S&P index, commented on this. The central bank has raised interest rates by 0.75 percentage points since last September as part of its efforts to combat inflation in the U.S. economy. This recent decision is the second consecutive one where it has chosen not to change the interest rate level. Explaining their decision, federal officials noted that there are significant risks related to slowing economic activity but also considerable concerns about inflation. Some economists interpret this statement as a signal that interest rates will remain unchanged by year-end. Interest rates set by banks influence other rates, such as those paid by consumers on mortgages and business loans. While lower interest rates can stimulate the economy by making it easier to borrow capital, economists caution that very low rates could lead to price increases.","
""Wall Street Rises on Federal Reserve Decision Amid Economic Challenges.""","
The Central Bank's decision to keep the key interest rate unchanged reflects a delicate balance between supporting economic growth and managing inflation risks. Wall Street reacted positively initially, but concerns remain about how prolonged low rates might fuel inflationary pressures. Some economists view this stance as signaling that rates may stay steady until year-end, though others caution against potential inflation if rates remain too low for too long."
"Pas një ngërçi rekord prej 35 ditësh për ndërtimin e një muri përgjatë kufirit SHBA – Meksikë, demokratë në Kongres po përparojnë tashmë me propozimet e tyre për trajtimin e problemeve të sistemit të emigracionit. Dhoma e Përfaqësuesve, e cila drejtohet nga demokratët, do të fillojë javën e ardhshme punën për të ofruar mbrojtje për qindra mijëra emigrantë të mbërthyer në një paqartësi ligjore prej politikës së administratës Trump. Korrespondentja e Zërit të Amerikës, Catherine Gypson, njofton nga Kongresi për debatin politik që do të vijojë. Për tre muaj, debati për një rrethim kufitar në kufirin jugor nuk e lejoi Dhomën e Përfaqësuesve, të udhëhequr nga demokratët, që të krijonte axhendën e saj për emigracionin. Kjo po ndryshon tashmë. “Është jetësore që të miratojmë ligje për t’u dhënë një shans qindra mijëra emigrantëve që e quajnë vendin tonë atdheun e tyre. Duhet t’u qëndrojmë vlerave tona amerikane”, tha Ligjvënësi demokrat, Joaquin Castro. Qindra mijëra emigrantë pa dokumenta të sjellë fëmijë në SHBA, apo refugjatë që iu larguan luftërave dhe katastrofave natyrore, mbroheshin nga disa programe që administrata Turmp tashmë i ka ndalur ose kufizuar ndjeshëm. “Nuk po traumatizohen vetëm individët që kanë qenë të mbrojtur. Po traumatizohet vendi. Për cilën arsye do të donim një shkencëtar të largohet nga SHBA-ja? Apo, një student të mjekësisë që do të na ofronte shërbim shëndetësor?”, u shpreh Ligjvënësja demokrate, Zoe Lofgren. Ligjvënësit demokratë pritet të fillojnë punën javën e ardhshme për një projektligj që do të mbronte këto grupe emigrantësh. Por, republikanët thonë se këto përpjekje janë humbje kohe, pa një reformim më të gjerë të sistemit të emigracionit. “Republikanët do të kundërshtojnë çdo truk që ofron legalizim masiv dhe shmangie të zbatimit të vërtetë të ligjit”, tha Ligjvënësi republikan Doug Collins. Zyrtarët më të lartë të Departamentit të Sigurisë Kombëtare u thanë ligjvënësve se akordimi i shtetësisë për emigrantët e paligjshëm të sjellë në moshë të mitur në SHBA, do të nxiste emigracionin e paligjshëm. “Pra, nuk mendoni se janë rrezik për sigurinë apo për ekonominë, por nuk mbështesni që t’u jepet një shans drejt nënshtetësisë?”, tha Ligjvënësja demokrate, Dina Titus. “Nuk do të mbështes hapa që do ta vazhdojnë krizën e sigurisë në kufi”, tha Sekretarja e Sigurisë Kombëtare, Kirstjen Nielsen. Shqetësim kryesor për demokratët është politika për ndalimin e familjeve nga Agjensia e SHBA-së për Doganat dhe Mbrojtjen e Kufirit. “A po vazhdojmë sot t’i mbajmë fëmijët në kafaze?”, pyeti Ligjvënësi demokrat Benniee Thompson. “Fëmijët merren në stacionet kufitare që ju keni vizituar...”, tha zonja Sekretarja Nielsen. “I kam parë kafazet. Dua vetëm që ta pranoni që ekzistojnë”, këmbënguli Ligjvënësi Thompson. “Zotëri, nuk janë kafaze. Janë zona që janë caktuar për të mbajtur të sigurtë dhe të mbrojtur ata që mbahen gjatë përpunimit të dokumentacionit të tyre”, tha Sekretarja Nielsen. Demokratët në Senat thonë se fëmijët që mbahen në kufi meritojnë kujdesin e duhur shëndetësor dhe përfaqësim ligjor. Ata po paraqesin një seri projektligjesh për këtë qëllim. “Sistemi që ishte krijuar për t’u marrë me meshkujt beqarë që vinin nga Meksika nuk ka kapacitetin të trajtojë fëmijët. Duhet pra të merremi me këtë çështje”, tha Senatorja demokrate, Mazie Hirono. Por, projektligje të tilla nuk kanë shanse të miratohen në Senatin e kontrolluar nga republikanët, ndërkohë që përpjekjet në Dhomën e Përfaqësuesve për masa mbrojtëse për emigrantët e sjellë në moshë të mitur dhe refugjatët, kanë fituar edhe mbështetje dypartiake për të ofruar një shans drejt përfitimit të nënshtetësisë amerikane.",Demokratët në Kongres po përgatisin projektligje për trajtimin e problemit të emigracionit në SHBA.,"After a record 35-day stalemate over the construction of a wall along the U.S.-Mexico border, Democrats in Congress are already making progress with their proposals to tackle the problems of the immigration system. The Democrat-led House of Representatives will begin work next week to provide protection for hundreds of thousands of immigrants stuck in a legal uncertainty by the Trump administration's policy. VOA correspondent Catherine Gypson announces from Congress the political debate that will follow. For three months, the debate over a border fence on the southern border prevented the Democrat-led House of Representatives from crafting its own immigration agenda. This is already changing. ""It is vital that we pass laws to give a chance to hundreds of thousands of immigrants who call our country their homeland. We have to stand by our American values,"" said Democratic lawmaker Joaquin Castro. Hundreds of thousands of undocumented immigrants brought children to the U.S., or refugees fleeing wars and natural disasters, were protected by several programs that the Turmp administration has already halted or severely restricted. ""It is not only individuals who have been protected who are being traumatized. The country is being traumatized. For what reason would we want a scientist to leave the US? Or, a medical student who would provide us with health care?"", said Democratic lawmaker, Zoe Lofgren. Democratic lawmakers are expected to begin work next week on a bill that would protect these groups of immigrants. But Republicans say these efforts are a waste of time, without a broader reform of the immigration system. ""Republicans will oppose any trick that offers mass legalization and avoidance of true law enforcement,"" said Republican Legislator Doug Collins. Senior Department of Homeland Security officials told lawmakers that granting citizenship to illegal immigrants brought to the U.S. as minors would encourage illegal immigration. ""So you don't think they're a danger to security or to the economy, but don't you support being given a chance at citizenship?"" said Democratic lawmaker Dina Titus. ""I will not support steps that will continue the security crisis at the border,"" said Secretary of Homeland Security Kirstjen Nielsen. A major concern for Democrats is the policy of detaining families by the U.S. Customs and Border Protection Agency. ""Are we continuing to keep children in cages today?"" asked Democratic Legislator Benniee Thompson. ""Children are taken to the border stations you have visited...,"" said Mrs. Secretary Nielsen. I've seen the cages. I just want you to accept that they exist,"" Legislator Thompson insisted. ""Sir, they are not cages. These are areas that have been designated to keep those detained while processing their documentation safe and protected,"" said Secretary Nielsen. Democrats in the Senate say children who are being held at the border deserve proper health care and legal representation. They are presenting a series of draft laws for this purpose. ""The system that was designed to deal with single men coming from Mexico does not have the capacity to handle children. So we have to deal with this issue,"" said Democratic Senator Mazie Hirono. But such bills have little chance of passing in the Republican-controlled Senate, while efforts in the House of Representatives for safeguards for minors and refugees have also gained bipartisan support to offer a chance toward obtaining U.S. citizenship.",Democrats in Congress are preparing bills to tackle the immigration problem in the US.,What are the key points of disagreement between Democrats and Republicans regarding immigration reform and border security policies?,"Democratic lawmakers are expected to begin work next week on a bill that would protect these groups of immigrants. But Republicans say these efforts are a waste of time, without a broader reform of the immigration system. ""Republicans will oppose any trick that offers mass legalization and avoidance of true law enforcement,"" said Republican Legislator Doug Collins.",0.5636074542999268,"
A Democratic-led House committee is preparing its proposals for addressing immigration system issues. The House Judiciary Committee, under Democratic leadership, plans to introduce legislation next week to provide legal protection for millions of undocumented immigrants currently in a precarious situation due to Trump administration policies. American Morning correspondent Catherine Gypson reports from Congress on the upcoming political debate. For three months, debates over border security along the southern border have prevented the House Judiciary Committee, led by Democrats, from advancing its immigration agenda. This is now changing. ""It's unacceptable that we don’t give these millions of immigrants who contribute to our communities and call this country home a chance for legal status. We need to uphold American values,"" said Democratic Congressman Joaquin Castro. Millions of undocumented immigrants brought to the U.S. as children, along with refugees, currently live in limbo due to Trump administration policies. ""Are we going to continue separating families today?"" asked Democratic Congressman Bennie Thompson. ""The children are taken to border stations that you’ve visited... I’ve seen the cages. I just want you to acknowledge they exist,"" Thompson said. ""These are not cages. These are designated areas for safely holding and caring for individuals while their immigration cases are processed,"" responded Secretary Nielsen. Democrats in the Senate argue that children held at the border deserve proper medical care and legal representation, proposing a series of bills to address these issues. However, such proposals face little chance of passing in the Republican-controlled Senate. Meanwhile, efforts in the House to provide legal status for undocumented immigrants and refugees have gained bipartisan support to offer a direct path to citizenship.","
""Democrats Propose Immigration Reforms Amid Border Policy Debates.""","
Democrats and Republicans disagree on immigration reform and border security, with Democrats pushing for protections for undocumented immigrants and refugees while Republicans argue against mass legalizations without comprehensive system reforms. Democrats emphasize humanitarian concerns and pathways to citizenship, whereas Republicans prioritize stricter enforcement and securing the border, including building a wall. The debate also centers on family separations at the border and differing views on how to balance national security with compassion for migrants."
"Ish-Nënpresidenti Joe Biden duket se po i afrohet qëndrueshëm fitores për të marrë nominimin si kandidat i Partisë Demokrate. Ai mori tre fitore të bindshme të martën, në shtetet Arizona, Florida dhe Illinois, përballë rivalit të vetëm tashmë, Senatorit Bernie Sanders. Zyrtarët e fushatës elektorale të zotit Sanders thonë se senatori do të rishqyrtojë fushatën e tij duke dialoguar me mbështetësit. Njofton për më shumë korrespondenti i Zërit të Amerikës, Jim Malone. Kandidati demokrat për president Joe Biden iu afrua edhe më shumë nominimit të Partisë Demokrate. Ai gjithashtu u mundua të qetësojë votuesit amerikanë për sa i përket kërcënimit nga koronavirusi. “”, tha zoti Biden. Edhe Senatori Bernie Sanders u fokusua tek pandemia e koronavirusit, por nuk foli shumë për rezultatet e votimeve paraprake të së martës, kur ai i humbi të tre shtetet ku votohej. , tha zoti Sanders. Zoti Biden fitoi të martën në shtetet Arizona, Florida dhe Illinois, në këto votime paraprake të lëna në hije nga pandemia e koronavirusit. Votuesi nga shteti Illinois, Dave Klawon, mbështeti zotin Sanders. , thotë ai. Zoti Biden ndërroi kursin e fushatës së tij me fitoren në Karolinën e Jugut, më pak se tre javë më parë. , thotë Jim Kessler, i organizatës “Third Way”. Demokratët tani duhet të fokusohen tek bashkimi i partisë, nëse shpresojnë të mundin Donald Trump-in nëntorin e ardhshëm. , thotë Larry Sabato, i Universitetit të Virxhinias. Disa zgjedhje paraprake janë shtyrë për shkak të rrezikut nga korona virusi. Disa shtete amerikane po shqyrtojnë mundësinë e dërgimit të votave me postë.",Ish-Nënpresidenti fitoi në të treja shtetet amerikane ku u zhvilluan zgjedhje paraprake këtë të martë,"Former Vice President Joe Biden seems to be steadily closing in on victory to receive the nomination as the Democratic Party nominee. He picked up three convincing victories on Tuesday, in the states of Arizona, Florida and Illinois, against his only rival now, Senator Bernie Sanders. Mr. Sanders' election campaign officials say the senator will reconsider his campaign by engaging with supporters. Voice of America correspondent Jim Malone reports for more. Democratic presidential candidate Joe Biden came even closer to the Democratic Party nomination. He also tried to reassure American voters in terms of the threat from the coronavirus. "","" Mr. Biden said. Senator Bernie Sanders also focused on the coronavirus pandemic, but did not talk much about the results of Tuesday's primary vote, when he lost all three voting states. , Mr. Sanders said. Mr. Biden won on Tuesday in the states of Arizona, Florida and Illinois, in these early votes overshadowed by the coronavirus pandemic. The voter from the state of Illinois, Dave Klawon, supported Mr. Sanders. , he says. Mr. Biden changed the course of his campaign with victory in South Carolina less than three weeks ago. , says Jim Kessler, of the organization ""Third Way"". Democrats must now focus on uniting the party if they hope to defeat Donald Trump next November. , says Larry Sabato, of the University of Virginia. Some preliminary elections have been postponed due to the risk from the corona virus. Several US states are considering sending mail-in ballots.",The former Vice President won in all three US states where preliminary elections were held this Tuesday,"What impact did Joe Biden's victories in Arizona, Florida, and Illinois have on the Democratic Party nomination race?","Former Vice President Joe Biden seems to be steadily closing in on victory to receive the nomination as the Democratic Party nominee. He picked up three convincing victories on Tuesday, in the states of Arizona, Florida and Illinois, against his only rival now, Senator Bernie Sanders. Mr.",0.5791186094284058,"
Vice President Joe Biden has emerged as the presumptive Democratic nominee for president after securing wins in three key states: Arizona, Florida, and Illinois, against his main rival, Senator Bernie Sanders. Campaign officials for Sanders have indicated that he will continue to campaign, focusing on engaging with supporters. Correspondent Jim Malone of *The New York Times* reports on Biden's lead.  

Biden has now secured more delegates than any other candidate in the Democratic race and is also emphasizing the importance of unity among voters amid the coronavirus pandemic. “This is not just an election; this is a battle for the soul of our nation,” Biden said. Sanders, meanwhile, has focused his campaign on addressing the pandemic but has not dwelled on the results of Tuesday’s primaries, where he lost all three states.  

Biden won in Arizona, Florida, and Illinois, even as those states grappled with the impact of the coronavirus outbreak. A voter in Illinois, Dave Klawon, expressed support for Sanders. “I believe Bernie has a vision that aligns more closely with my values,” Klawon said.  

Biden shifted his campaign’s focus toward South Carolina just weeks ago after securing a decisive victory there. “This strategy appears to have paid off, as Biden has now solidified his lead in the delegate count,” said Jim Kessler of the organization “Third Way.”  

Democrats now need to focus on uniting their party if they hope to defeat President Donald Trump in the general election, according to Larry Sabato of the University of Virginia. Some early primaries have been postponed due to the coronavirus outbreak, and several states are considering mail-in voting as an alternative.","
""Joe Biden Secures Key Primary Wins as Bernie Sanders Faces Challenges in Democratic Race""","
Joe Biden's victories in Arizona, Florida, and Illinois significantly strengthened his position in the Democratic Party nomination race, securing him a substantial delegate lead over Bernie Sanders. These wins solidified Biden's momentum as the frontrunner for the nomination, particularly as he focused on addressing voter concerns about the coronavirus pandemic. Meanwhile, Sanders' inability to win these key states limited his ability to build momentum and consolidate support in the competitive race."
"Patriarku i Kishës Ortodokse Serbe, Porfirij bëri të ditur sot në Shkup se Sinodi i Shenjtë i Kishës Serbe ka vendosur ta njohë autoqefalinë e Kishës Ortodokse Maqedonse (KOM)– Aqipeshkvia e Ohrit. Patriarku Porfirij e bëri njoftimin gjatë një liturgjie të përbashkët me patriarkun maqedonas në Kishën “Shën Klimenti i Ohrit” në Shkup. Patriarku serb Porfirij tha se Kuvendi i Kishës serbe njëzëri vendosi t’i përgjigjej pozitivisht lutjes së Kishës Ortodokse Maqedonase – Kryepeshkopata e Ohrit për bekimin dhe njohjen e autoqefalisë së saj. Ai bëri të ditur se do të ketë shpallje solemne të aktit zyrtar që do të organizohet së bashku me klerin maqedonas dhe më pas të gjitha kishave ortodokse do t’u bëhet thirrje që ta njohin autoqefalinë e Kishës ortodokse maqedonase – Kryepeshkopata e Ohrit. Lajmi u prit me gëzim nga besimtarët ortodoksë dhe kleri i kishës maqedonase. Vendimi i kishës serbe pasoi atë të Kreut të Patriarkanës Ikumenike së Stambollit, Bartolomeu para dy javësh për pranimin e Arqipeshkvisë së Ohrit në bashkësinë e kishave kanonike. Kisha maqedonase u shkëput nga Kisha ortodokse serbe në vitin 1967 deri sa dy republikat ishin pjesë e Jugosllavisë, por kisha serbe nuk e njohu pavarësinë dhe vazhdoi ta trajtojë nën juridiksionin e vetë kishën e vendit më të vogël fqinj. Edhe kishat tjera ortodokse nuk e njohën autoqefalinë e kishës së shkëputur maqedonase. Kjo e fundit e ndërroi emrin, përkatësisht e shtoi para pak vitesh atributin “Kryepeshkopata e Ohrit” për të zbutur qëndrimet e kishë serbe. Krerët shtetërorë maqedonas e kanë mirëpritur njoftimin për njohen e autoqefalisë, teksa i kanë uruar klerikët dhe besimtarët ortodoksë. Presidenti Stevo Pendarovski thekson se vendimi i Kishës serbe “do t’i kontribuojë ndreqjes së padrejtësive historike dhe ngritjes shpirtërore të Arqipeshkvisë së Ohrit”. Kryeministri Dimitar Kovaçevski i cili ndodhet në Itali, shkruan në një mesazh se “lajmi historik paraqet pjesën autentike të identitetit maqedonas”. Vendimi për njohjen e autoqefalisë vjen në një datë historike të shënuar nga Maqedonia e Veriut dhe Bullgaria. 24 maji njihet si dita e shenjtorëve Cirili dhe Metodi nga Ohri, që përhapën besimin ortodoks nëpër vendet sllave dhe si themelues të alfabetit të vjetër cirilik. Deri vonë, kisha serbe dhe ajo ruse kanë këmbëngulur që kisha maqedonase të kthehet nën autonominë e kishës serbe, ndërsa Bartolemeu, sipas njohësve të rrethanave kishtare, e sfidoi këtë politikë duke i dhënë fund izolimit dhjetravjeçar të kishës maqedonase. Analistët vlerësojnë se patriarku i ri serb Porfirije synon ta largojë kishën serbe nga ndikimi i kishës ruse, duke e shfaqur këtë me frenimin nga mbështetja e agresionit rus kundër Ukrainës, edhe përkundër popullaritetit që Rusia gëzon në mesin e popullit serb. Krerët shtetërorë në Shkup shpresojnë se Patriarku i Stambollit, Bartolemeu do ta nënshkruajë së shpejti Tomosin/dekretin mbi autoqefalinë e KOM - Arqipeshkvisë së Ohrit.","Vendimi i kishës serbe pasoi atë të Kreut të Patriarkanës së Stambollit, Bartolomeu para dy javësh për pranimin e Arqipeshkvisë së Ohrit në bashkësinë e kishave kanonike.","The Patriarch of the Serbian Orthodox Church, Porfirij, announced today in Skopje that the Holy Synod of the Serbian Church has decided to recognize the autocephaly of the Macedonian Orthodox Church (COM) – Bishopric of Ohrid. Patriarch Porfirij made the announcement during a joint liturgy with the Macedonian Patriarch at the Church ""St. Clement of Ohrid"" in Skopje. Serbian Patriarch Porfirij said that the Assembly of the Serbian Church unanimously decided to respond positively to the prayer of the Macedonian Orthodox Church – Archdiocese of Ohrid for the blessing and recognition of its autocephaly. He announced that there will be a solemn announcement of the official act that will be organized together with the Macedonian clergy and then all Orthodox churches will be called upon to recognize the autocephaly of the Macedonian Orthodox Church – the Archdiocese of Ohrid. The news was welcomed with joy by the Orthodox faithful and the clergy of the Macedonian church. The decision of the Serbian church followed that of the Head of the Ecumenical Patriarchate of Istanbul, Bartholomew two weeks ago for the admission of the Archdiocese of Ohrid to the community of canonical churches. The Macedonian Church broke away from the Serbian Orthodox Church in 1967 while the two republics were part of Yugoslavia, but the Serbian Church did not recognize independence and continued to treat the church of the smaller neighboring country under its own jurisdiction. Even other Orthodox churches did not recognize the autocephaly of the breakaway Macedonian church. The latter changed its name, i.e. added the attribute ""Archbishopric of Ohrid"" a few years ago to soften the attitudes of the Serbian church. The Macedonian heads of state welcomed the announcement of the recognition of autocephaly, as they congratulated the Orthodox clergy and believers. President Stevo Pendarovski emphasizes that the decision of the Serbian Church ""will contribute to the correction of historical injustices and the spiritual uplift of the Archdiocese of Ohrid."" Prime Minister Dimitar Kovacevski, who is in Italy, writes in a message that ""the historic news represents the authentic part of the Macedonian identity"". The decision to recognize autocephaly comes on a historic date marked by North Macedonia and Bulgaria. May 24 is known as the day of Saints Cyril and Methodius of Ohrid, who spread the Orthodox faith throughout the Slavic countries and as founders of the old Cyrillic alphabet. Until recently, the Serbian and Russian churches have insisted that the Macedonian church return under the autonomy of the Serbian church, while Bartholomew, according to those familiar with ecclesiastical circumstances, challenged this policy by ending the decades-long isolation of the Macedonian church. Analysts estimate that the new Serbian patriarch Porfirije intends to remove the Serbian church from the influence of the Russian church, demonstrating this by restraining from supporting the Russian aggression against Ukraine, even despite the popularity that Russia enjoys among the Serbian people. The heads of state in Skopje hope that the Patriarch of Istanbul, Bartholomew, will soon sign Tomos/decree on the autocephaly of the COM - Archdiocese of Ohrid.","The Serbian church's decision followed that of the Head of the Istanbul Patriarchate, Bartholomew two weeks ago, to admit the Archdiocese of Ohrid into the community of canonical churches.",What is the significance of the Serbian Orthodox Church recognizing the autocephaly of the Macedonian Orthodox Church – Archdiocese of Ohrid?,Serbian Patriarch Porfirij said that the Assembly of the Serbian Church unanimously decided to respond positively to the prayer of the Macedonian Orthodox Church – Archdiocese of Ohrid for the blessing and recognition of its autocephaly. He announced that there will be a solemn announcement of the official act that will be organized together with the Macedonian clergy and then all Orthodox churches will be called upon to recognize the autocephaly of the Macedonian Orthodox Church – the Archdiocese of Ohrid. The news was welcomed with joy by the Orthodox faithful and the clergy of the Macedonian church.,0.693142831325531,"
The Patriarch of the Serbian Orthodox Church, Porfirij, announced today in Skopje that the Holy Synod of the Serbian Orthodox Church has decided to recognize the autocephaly of the Macedonian Orthodox Church (MOC) – the Archbishopric of Ohrid. Patriarch Porfirij made this announcement during a joint liturgy with the Macedonian patriarch at the Church of ""St. Clement of Ohrid"" in Skopje. Patriarch Porfirij stated that the Serbian Church Synod agreed to positively respond to the request of the Macedonian Orthodox Church – the Archbishopric of Ohrid for recognition and acknowledgment of its autocephaly. He noted that a solemn declaration of the historic act would be held together with the Macedonian clergy, and subsequently, all other Orthodox Churches would be invited to recognize it.

The announcement comes amid significant religious and political developments in the region, including reactions from both Serbian and Macedonian officials, as well as expectations regarding the Ecumenical Patriarchate of Constantinople. The text also touches on broader geopolitical contexts, such as Russia's influence over the Serbian Orthodox Church and its stance on Ukraine, as well as hopes for swift recognition from Patriarch Bartholomew I of Constantinople. Additionally, it highlights the historical significance of May 24, which commemorates Saints Cyril and Methodius, emphasizing their role in standardizing the Slavic alphabet and liturgical language.","
""The Serbian Orthodox Church Recognizes the Autocephaly of the Macedonian Orthodox Church: A Historical Milestone for Serbo-Macedonian Relations and Ecumenical Patriarchate Support.""","
The Serbian Orthodox Church officially recognized the autocephaly (independence) of the Macedonian Orthodox Church – Archdiocese of Ohrid during a joint liturgy with the Macedonian Patriarch in Skopje. This decision came after the Serbian Orthodox Synod positively responded to the Macedonian Orthodox Church's request for recognition and will be formalized through a solemn declaration event. The move is seen as significant progress toward resolving historical disputes and fostering spiritual unity, following decades of denial by both the Serbian Orthodox Church and other Orthodox churches."
"Shtetet e Bashkuara po planifikojnë riorganizimin më gjithëpërfshirës, të forcave ushtarake që gjenden jashtë Amerikës, që prej Luftës së Koresë në vitin 1953. Në 16 gusht Presidenti Bush tha se në dhjetëvjeçarin e ardhshëm 60 deri në 70 mijë trupa ushtarake dhe rreth njëqind mijë pjestarë të familjeve ushtarake dhe punëtorë civilë, që tashmë janë të dislokuar jashtë vendit, do të rikthehen në Shtetet e Bashkuara. Por ky rikthim i personelit në Shtetet e Bashkuara, nuk është i vetmi qëllim i qeverisë amerikane. Qëllimi tjetër është forcimi i aleancave. Shtetet e Bashkuara do të vazhdojne të kenë një kontigjent forcash në Europë dhe do të forcojnë trupat që kanë në Azi, në mënyrë që të përballojnë sfidat e mëparshme dhe ato të reja si për shembull terrorizmin ndërkombëtar. Ky plan për pakësimin e trupave në rajonet e Europës, Azisë dhe të Gjirit Persik do të ndihmojë në përmirësimin e mardhënieve të Shteteve të Bashkuara me shtetet ku ndodhen bazat dhe me popullatat lokale. Më tepër se tre vjet më parë, Shtetet e Bashkuara filluan një rishikim të forcave ushtarake të dislokuara nëpër botë. Zyrtarët e administratës janë konsultuar me antarë të Kongresit amerikan si edhe me aleatët e miq të Shteteve të Bashkuara. Presidenti Bush tha se plani për riorganizimin e trupave mer parasysh sfidat që nxjerrin rreziqet e sotme dhe kërcënimet e ardhshme. “Gjatë dekadës së ardhshme ne do të dislokojmë një forcë më të lëvizshme dhe më elastike, gjë që do të thotë se do të kemi më shumë trupa të dislokuara në vend. Disa nga trupat do të dislokohen në zona të reja ku të jenë në gjendje t’u përgjigjen me shpejtësi kërcënimeve të papritura. Ky plan do të kursejë fonde ndërkohë që ne konsolidojmë dhe mbyllim bazat jashtë vendit të cilat nuk nevojiten më në përballjen e rreziqeve të kohës sonë dhe për mbrojtjen e paqes.” “Bota ka ndryshuar jashtëzakonisht - tha Presidenti Bush, - dhe qëndrimi i forcave ushtarake të Shteteve të Bashkuara duhet të ndryshojë me të, në mënyrë që të jemi më efikasë për të treguar fuqinë tonë dhe për të përhapur lirinë dhe paqen.” //ze//",Bush: Plani do të ndihmojë në përballimin e rreziqeve të kohës sonë dhe në mbrojtjen e paqes,"The United States is planning the most comprehensive reorganization of military forces outside America since the Korean War in 1953. On August 16, President Bush said that in the next decade 60 to 70 thousand military troops and about a hundred thousand members of military families and civilian workers, who are already deployed abroad, will return to the United States. But this return of personnel to the United States is not the only goal of the US government. The other goal is to strengthen alliances. The United States will continue to have a contingent of forces in Europe and will strengthen the troops it has in Asia in order to meet previous and new challenges such as international terrorism. This troop reduction plan in the regions of Europe, Asia and the Persian Gulf will help improve the United States' relations with the countries where the bases are located and with local populations. More than three years ago, the United States began a review of military forces deployed around the world. Administration officials have consulted with members of the US Congress as well as allies and friends of the United States. President Bush said that the plan for the reorganization of the troops takes into account the challenges posed by today's dangers and future threats. ""Over the next decade we will deploy a more mobile and resilient force, which means we will have more troops deployed in the country. Some of the troops will be deployed to new areas where they will be able to respond quickly to unexpected threats. This plan will save funds while we consolidate and close bases abroad which are no longer needed in facing the dangers of our time and for the protection of peace."" ""The world has changed tremendously,"" President Bush said, ""and the attitude of the United States military forces must change with it, so that we can be more efficient in showing our power and spreading freedom and peace."" //ze//",Bush: The plan will help to cope with the dangers of our time and protect peace,What are the main goals of the United States' plan to reorganize military forces abroad as outlined by President Bush?,"On August 16, President Bush said that in the next decade 60 to 70 thousand military troops and about a hundred thousand members of military families and civilian workers, who are already deployed abroad, will return to the United States. But this return of personnel to the United States is not the only goal of the US government. The other goal is to strengthen alliances.",0.6288449764251709,"
The North Atlantic Treaty Organization (NATO) countries are planning a comprehensive reorganization of their military forces stationed outside the United States since the Korean War in 1953. On August 16, President Bush stated that within the next decade, between 60,000 to 70,000 troops and approximately 100,000 family members and civilian workers currently stationed abroad would be redeployed back to the United States. However, this redeployment of personnel is not the sole objective of the American administration. Another goal is to strengthen alliances. The United States will continue to maintain a military contingent in Europe and focus its forces in Asia to address both current and future challenges, such as international terrorism. This plan for the reduction of troops along the borders of Europe, Asia, and the Persian Gulf aims to improve relations with host countries and local populations.

More than three years prior, the United States had already begun redistributing its military forces worldwide. Administration officials have consulted with members of Congress as well as NATO allies. President Bush emphasized that this reorganization of troops is a response to current challenges and prepares for future threats. ""Over the next decade, we will deploy a more mobile and flexible force, which means having fewer troops stationed in one place. Some troops will be redeployed to new areas where they can quickly respond to unexpected threats. This plan will close some bases abroad that are no longer needed given the current security environment and for the protection of peace."" ""The world has changed dramatically,"" said President Bush, ""and the presence of U.S. military forces must change with it, so that we can be more effective in demonstrating our strength and in safeguarding freedom and peace.""

//ze//","
""U.S. Military's Global Realignment Post-Korean War: Strategic Shifts in Force Deployment""","
The main goals of President Bush's plan include reducing U.S. military presence in Europe and Asia by bringing troops and their families back home while maintaining a strategic force to address current and future threats like terrorism. The plan also aims to strengthen alliances by ensuring flexibility and adaptability in military operations. Additionally, it seeks to improve relationships with host nations by consolidating or closing bases no longer needed for modern security challenges."
"Dhjetëra mijëra njerëz protestuan të martën mbrëma në Barcelonë kundër ndalimit të dy udhëheqësve separatistë të Katalonjës nga qeveria spanjolle. Protestuesit bënë thirrje për lirimin e Jordi Sanchezit dhe Jordi Cuixart-it, të cilët akuzohen për nxitje të dhunës në një marshimin pro-pavarësisë muajin e kaluar. Rreth pesëdhjetë ligjvënës spanjollë dhe katalonjas sot në parlamentin e Spanjës kërkuan lirimin e udhëheqësve të ndaluar. Ndërkohë, Kryeministri i Spanjës, Mariano Rajoy i bëri thirrje udhëheqësit të Katalonjës, Carles Puigdemont që të veprojë me përgjegjësi në lidhje me afatin që i ka dhënë Madridi që të tërheqë vendimin për shpallje të pavarësisë nga Spanja. Rreth pesëdhjetë ligjvënës spanjollë dhe katalonjas protestuan sot në Parlamentin e Spanjës, duke mbajtur fotografi të udhëheqësve katalonjas të ndaluar nga autoritetet. Në protestën që zgjati vetëm 15 sekonda, ligjvënësit kërkuan lirimin e menjëhershëm të Jordi Sanchez-it dhe Jordi Cuixart-it, udhëheqës të organizatës “Asambleja Kombëtare e Katalonjës” dhe “Përzierja Kulturore”, të cilët akuzohen për nxitje të dhunës dhe kryengritje. Ndalimi i tyre dje shkaktoi protesta në Katalonjë, ku bëhej thirrje për heqjen e akuzës për kryengritje dhe lirimin e tyre të menjëhershëm. thotë protestuesja Emilia Dominguez. Më parë të martën, gjykata më e lartë e Spanjës vendosi se referendumi i Katalonjës për pavarësi ishte e paligjshme, duke thënë se ligji rajonal në të cilën mbështet votimi shkel kushtetutën e Spanjës. Spanja i ka dhënë afat Katalonjës deri të enjten që të tërhiqet nga çdo lëvizje që ka bërë për t'u ndarë ose do të përballet me kontrollin e drejtpërdrejtë nga Madridi. Kryeministri i Spanjës, Mariano Rajoy sot i bëri thirrje udhëheqësit të Katalonjës që të veprojë “me përgjegjësi” ndaj këtij afati. tha sot Kryeministri Mariano Rajoy. Katalonja, rajoni më i begatë i Spanjës, ka gjuhën dhe kulturën e saj unike dhe është thellësisht e ndarë në lidhje me pavarësinë.","Ndërkohë, Kryeministri spanjoll i kërkoi udhëheqësit të Katalonjës që të veprojë me përgjëgjësi në lidhje me afatin e së enjtes për sqarimin e qëndrimit të tyre për pavarësinë","Tens of thousands of people protested on Tuesday night in Barcelona against the detention of two separatist leaders of Catalonia by the Spanish government. Protesters called for the release of Jordi Sanchez and Jordi Cuixart, who are accused of inciting violence at a pro-independence march last month. About fifty Spanish and Catalan lawmakers today in Spain's parliament demanded the release of the banned leaders. Meanwhile, the Prime Minister of Spain, Mariano Rajoy, called on the leader of Catalonia, Carles Puigdemont, to act responsibly regarding the deadline given by Madrid to withdraw the decision to declare independence from Spain. Around fifty Spanish and Catalan lawmakers protested today in the Spanish Parliament, holding photographs of Catalan leaders detained by the authorities. In the protest that lasted just 15 seconds, lawmakers demanded the immediate release of Jordi Sanchez and Jordi Cuixart, leaders of the National Assembly of Catalonia and the Cultural Mix, who are accused of inciting violence and insurrection. Their detention yesterday sparked protests in Catalonia, where they called for the charges of insurrection and their immediate release. says protester Emilia Dominguez. Earlier on Tuesday, Spain's highest court ruled that Catalonia's independence referendum was illegal, saying the regional law on which the vote relies violates Spain's constitution. Spain has given Catalonia until Thursday to withdraw from any move it has made to split or face direct control from Madrid. The Prime Minister of Spain, Mariano Rajoy, today called on the leader of Catalonia to act ""responsibly"" towards this deadline. said Prime Minister Mariano Rajoy today. Catalonia, Spain's most prosperous region, has its own unique language and culture and is deeply divided regarding independence.","Meanwhile, the Spanish Prime Minister urged the leader of Catalonia to act responsibly regarding Thursday's deadline for clarifying their position on independence",What were the reasons behind the protests in Barcelona against the detention of Catalan separatist leaders Jordi Sanchez and Jordi Cuixart?,"In the protest that lasted just 15 seconds, lawmakers demanded the immediate release of Jordi Sanchez and Jordi Cuixart, leaders of the National Assembly of Catalonia and the Cultural Mix, who are accused of inciting violence and insurrection. Their detention yesterday sparked protests in Catalonia, where they called for the charges of insurrection and their immediate release. says protester Emilia Dominguez. Earlier on Tuesday, Spain's highest court ruled that Catalonia's independence referendum was illegal, saying the regional law on which the vote relies violates Spain's constitution.",0.8003613948822021,"
Hundreds of people protested outside the courthouse in Barcelona against the detention of two separatist leaders from Catalonia by the Spanish government. Protesters are calling for the release of Jordi Sanchez and Jordi Cuixart, who are charged with sedition over their role in a pro-independence rally last month. About 50 Spanish and Catalan lawmakers in parliament today demanded the release of the detained leaders. Meanwhile, Spain's Prime Minister, Mariano Rajoy, urged Catalonia's leader, Carles Puigdemont, to act responsibly regarding the deadline set by Madrid for him to withdraw the declaration of independence from Spain. Around 50 Spanish and Catalan lawmakers protested today in the Spanish Parliament, holding photos of the detained Catalan leaders. During a protest that lasted only 15 seconds, lawmakers demanded the immediate release of Jordi Sanchez and Jordi Cuixart, leaders of the ""Catalan National Assembly"" and ""Cultural Pledge,"" who are charged with sedition and rebellion. Their detention has sparked protests in Catalonia, where calls have been made to drop the charges for rebellion and demand their immediate release. Protester Emilia Dominguez said. Earlier today, Spain's highest court ruled that Catalonia's referendum on independence was illegal, stating that the regional law supporting the vote violated Spain's constitution. Spain has given Catalonia until Friday to withdraw from any actions aimed at secession or that would lead to direct control by Madrid. Prime Minister Mariano Rajoy urged Catalonia's leaders today to act ""responsibly"" regarding this deadline. said Prime Minister Mariano Rajoy today. Catalonia, Spain's wealthiest region, has a unique language and culture and is deeply divided over the issue of independence.","
""Protesters in Barcelona Demand Release of Detained Catalan Leaders Amid Spain-Catalonia Tensions.""","
Thousands of people protested in Barcelona against the detention of Catalan separatist leaders Jordi Sanchez and Jordi Cuixart by the Spanish government, demanding their immediate release after they were charged with sedition over a pro-independence march. The protests highlighted tensions between Spain and Catalonia, with Spanish Prime Minister Mariano Rajoy calling on Catalan leaders to act responsibly in response to Madrid's demand to withdraw an independence declaration. The detention of Sanchez and Cuixart sparked widespread outcry in Catalonia, where calls for their release and the withdrawal of sedition charges grew stronger."
